source_round_number,source_human_label,article_number,article_id,title,source,domain,publication_date,url,word_count
1,irrelevant,1,38237e4f-6b76-4d23-a854-743bda65fd24,Patanjali's mustard oil unit in Alwar raided by Rajasthan govt: Report,opindia.com,opindia.com,2021-05-27,https://www.opindia.com/2021/05/patanjali-mustard-oil-mill-alwar-raided-rajasthan-gehlot/,343
1,irrelevant,2,bce54b87-7d6e-45a4-9273-40ad87a634c8,Cooking Oil Adulteration: Is your cooking oil adulterated with dangerous metanil yellow colour?,indiatimes.com,timesofindia.indiatimes.com,2021-09-09,https://timesofindia.indiatimes.com/life-style/food-news/is-your-cooking-oil-adulterated-with-dangerous-metanil-yellow-colour/photostory/86060302.cms,303
1,irrelevant,3,78cb9c4b-bab2-417e-9c58-3c77217bd94c,Mumbai DRI seizes heroin worth Rs 125 crore hidden in cooking oil cargo,mid-day.com,mid-day.com,2021-10-08,https://www.mid-day.com/mumbai/mumbai-crime-news/article/mumbai-dri-seizes-heroin-worth-rs-125-crore-hidden-in-cooking-oil-cargo-23195807,150
1,irrelevant,4,8881cf6e-374b-42f1-af1d-40e11f97d7df,FDA urges âbigâ hotels to hand over excess edible oil for bio-diesel | Nagpur News - Times of India,indiatimes.com,timesofindia.indiatimes.com,2022-01-10,https://timesofindia.indiatimes.com/city/nagpur/fda-urges-big-hotels-to-hand-over-excess-edible-oil-for-bio-diesel/articleshow/88797263.cms,392
1,irrelevant,5,74557f42-5ccd-45ea-87e2-e58ea2bbf09c,Utta Pradesh: Imported edible oil worth Rs 30 lakh seized in Nanpara | Lucknow News - Times of India,indiatimes.com,timesofindia.indiatimes.com,2022-01-13,https://timesofindia.indiatimes.com/city/lucknow/imported-edible-oil-worth-rs-30-lakh-seized-in-nanpara/articleshow/88882614.cms,103
1,irrelevant,6,6a9cc28d-e0d0-4c6b-a20e-28e01f86f537,Vig Raids To Check Edible Oil Hoarding | Vijayawada News - Times of India,indiatimes.com,timesofindia.indiatimes.com,2022-03-07,https://timesofindia.indiatimes.com/city/vijayawada/vig-raids-to-check-edible-oil-hoarding/articleshow/90039485.cms,275
1,irrelevant,7,d63f5eb8-603a-414d-ac51-bed1950f181e,Russia-Ukraine war: Vigilance officials raid traders in AP after rise in edible oil prices,indiatoday.in,indiatoday.in,2022-03-07,https://www.indiatoday.in/india/story/andhra-pradesh-edible-oil-traders-vigilance-raid-hoarding-black-market-ukraine-import-1921765-2022-03-07,278
1,irrelevant,8,13b4b523-7a7d-4d80-bbe0-e9c434fc0ccc,40 Quintal Cooking Oil Seized For Violation Of Rules | Indore News - Times of India,indiatimes.com,timesofindia.indiatimes.com,2022-05-22,https://timesofindia.indiatimes.com/city/indore/40-quintal-cooking-oil-seized-for-violation-of-rules/articleshow/91716408.cms,245
1,irrelevant,9,a3f71942-5625-4159-ac0c-01fd16122e75,FDA warns outlets against repeated use of edible oil | Nagpur News - Times of India,indiatimes.com,timesofindia.indiatimes.com,2022-05-27,https://timesofindia.indiatimes.com/city/nagpur/fda-warns-outlets-against-repeated-use-of-edible-oil/articleshow/91821386.cms,369
1,irrelevant,10,b1c44e6f-9e5e-4ada-9ace-5f0198a5d65a,FDA cracks down on shop selling reused cooking oil - Deshdoot,deshdoot.com,deshdoot.com,2022-07-20,https://www.deshdoot.com/deshdoot-times/fda-cracks-down-on-shop-selling-reused-cooking-oil,310
1,irrelevant,11,a127c2d7-ebad-4d41-ae94-365c121c408f,SGST Mobile wing conducts search and seizure operation on two edible oil traders in Ludhiana | Ludhiana News - Times of India,indiatimes.com,timesofindia.indiatimes.com,2022-08-22,https://timesofindia.indiatimes.com/city/ludhiana/sgst-mobile-wing-conducts-search-and-seizure-operation-on-two-edible-oil-traders-in-ludhiana/articleshow/93714405.cms,369
1,irrelevant,12,550164f2-8162-4282-bf01-8cacf0b1962e,Food Dept Seizes 831l Mustard Oil | Kanpur News - Times of India,indiatimes.com,timesofindia.indiatimes.com,2023-03-06,https://timesofindia.indiatimes.com/city/kanpur/food-dept-seizes-831l-mustard-oil/articleshow/98439612.cms,176
1,irrelevant,13,3a80f6a0-850f-49fc-9c2d-a9faf5732ecf,"Income Tax dept raids on edible oil business group across Bengal, Assam",indiatoday.in,indiatoday.in,2023-05-16,https://www.indiatoday.in/india/story/west-bengal-income-tax-raid-business-group-rice-bran-oil-2380108-2023-05-16?utm_source=rss,365
1,irrelevant,14,20fcaf5a-642c-47df-aa70-1885af131081,Blended edible oil beneficial: FSSAI | Today News,livemint.com,livemint.com,2023-10-18,https://www.livemint.com/news/india/blended-edible-oil-beneficial-fssai-11697567700962.html,526
1,irrelevant,15,9f0b5a3c-1947-464b-baab-0236bea42e05,FDA to ban Brominated Vegetable Oil in soda and food; here’s how it was impacting your health,indiatimes.com,economictimes.indiatimes.com,2023-11-03,https://economictimes.indiatimes.com/news/international/us/fda-to-ban-brominated-vegetable-oil-in-soda-and-food-heres-how-it-was-impacting-your-health/articleshow/104950776.cms,544
1,irrelevant,16,cfda1425-bfd4-49db-b266-895ec8e6cec9,California leads the way as FDA moves to outlaw brominated vegetable oil in sports drinks - Times of India,indiatimes.com,timesofindia.indiatimes.com,2023-11-03,https://timesofindia.indiatimes.com/world/us/california-leads-the-way-as-fda-moves-to-outlaw-brominated-vegetable-oil-in-sports-drinks/articleshow/104949719.cms,423
1,irrelevant,17,1fcb37d8-94a1-4a26-b473-2a2291a77719,The mustard oil mystery: Why is it banned in the US and Europe?,indiatimes.com,timesofindia.indiatimes.com,2023-12-18,https://timesofindia.indiatimes.com/life-style/health-fitness/health-news/the-mustard-oil-mystery-why-is-it-banned-in-the-us-and-europe/photostory/106086699.cms,455
1,irrelevant,18,ff36bc45-8e01-4283-9969-7759db5eb370,"Maharashtra FDA cracks down on McDonald's, catches fast food major using cheap vegetable oil in place of cheese",indiatimes.com,economictimes.indiatimes.com,2024-02-23,https://economictimes.indiatimes.com/industry/cons-products/food/maha-fda-cracks-down-on-mcdonalds-catches-fast-food-major-using-cheap-vegetable-oil-in-place-of-cheese/articleshow/107934081.cms,372
1,irrelevant,19,63ef86b6-4de6-4350-814e-753c089d5afe, Fast-food giant replacing cheese with cheaper vegetable oil: Maharashtra FDA | India News - The Times of India,indiatimes.com,timesofindia.indiatimes.com,2024-02-23,https://timesofindia.indiatimes.com/india/fast-food-giant-replacing-cheese-with-cheaper-vegetable-oil-maharashtra-fda/articleshow/107923964.cms,307
1,irrelevant,20,96db122f-e011-4696-9986-db76ebfd6be2,Fake cheese? McDonald's responds after vegetable oil found in burgers and nuggets,indiatoday.in,indiatoday.in,2024-02-23,https://www.indiatoday.in/business/story/mcdonalds-responds-to-fake-cheese-crackdown-maharashtra-fda-2506260-2024-02-23?utm_source=rss,402
1,irrelevant,21,2350aa77-afb4-4751-8908-a0307b2707b7,"'Use only milk-based real cheese,' McDonald's says after Maharashtra FDA accuses fast food giant of using vegetable oil - Times of India",indiatimes.com,timesofindia.indiatimes.com,2024-02-24,https://timesofindia.indiatimes.com/business/india-business/use-only-milk-based-real-cheese-mcdonalds-says-after-maharashtra-fda-accuses-fast-food-giant-of-using-vegetable-oil/articleshow/107958419.cms,459
1,irrelevant,22,f844bf7d-f33e-4ca9-9b71-4b1fadc75332,Explained: Why consumption of mustard oil is banned in the US and Europe - The Times of India,indiatimes.com,timesofindia.indiatimes.com,2024-06-28,https://timesofindia.indiatimes.com/life-style/food-news/explained-why-consumption-of-mustard-oil-is-banned-in-the-us-and-europe/articleshow/111333738.cms,825
1,irrelevant,23,e5fa55d5-8bd5-49c9-b471-b8f0e3d4d6b8,"US FDA to ban use of brominated vegetable oil in food, soda",indianexpress.com,indianexpress.com,2024-07-03,https://indianexpress.com/article/world/us-fda-to-ban-use-of-brominated-vegetable-oil-in-food-soda-9429422/,386
1,irrelevant,24,a876cbfb-da1d-4cbc-95d9-0f12e4dcfda9,FSSAI issues notices to 55 edible oil manufacturers | Ahmedabad News - Times of India,indiatimes.com,timesofindia.indiatimes.com,2024-07-09,https://timesofindia.indiatimes.com/city/ahmedabad/fssai-issues-notices-to-55-edible-oil-manufacturers/articleshow/111591411.cms,169
1,irrelevant,25,e3df64bc-e1ed-4c2f-bd66-0cb0385c9469,"Food safety scandal: Fuel tanker trucks used to transport cooking oil in China, suggests report - Times of India",indiatimes.com,timesofindia.indiatimes.com,2024-07-10,https://timesofindia.indiatimes.com/world/china/food-safety-scandal-fuel-tanker-trucks-used-to-transport-cooking-oil-in-china-suggests-report/articleshow/111628414.cms,346
1,irrelevant,26,d88e87b0-b2a1-45fa-9998-1eb2ff3ca2f4,What is the cooking oil contamination scandal in China? Here's all you need to know,indiatimes.com,economictimes.indiatimes.com,2024-07-12,https://economictimes.indiatimes.com/news/international/us/what-is-the-cooking-oil-contamination-scandal-in-china-heres-all-you-need-to-know/articleshow/111669695.cms,363
1,irrelevant,27,f5f0bba5-30c7-4b3c-afe8-6f96bfdb401f,Punjab &amp; Haryana high court asks Centre if they plan to open more labs to check cooking oil adulteration,hindustantimes.com,hindustantimes.com,2024-12-15,https://www.hindustantimes.com/cities/chandigarh-news/punjab-haryana-high-court-asks-centre-if-there-are-plans-to-open-more-labs-to-check-cooking-oil-adulteration-101734204296975.html,474
1,irrelevant,28,2f89093d-38b7-44a5-9cc1-61fb9d0cf08c,NHRC issues notice to FSSAI over rampant reuse of cooking oil by eateries,indiatoday.in,indiatoday.in,2025-10-23,https://www.indiatoday.in/health/story/nhrc-issues-notice-to-fssai-over-rampant-reuse-of-cooking-oil-by-eateries-2807276-2025-10-23?utm_source=rss,839
1,irrelevant,29,c7296282-fadd-4ad4-90b8-628c8f656e1b,"NHRC notice to Health Ministry, FSSAI on 'widespread reuse of cooking oil'",indiatimes.com,economictimes.indiatimes.com,2025-10-24,https://economictimes.indiatimes.com/news/india/nhrc-notice-to-health-ministry-fssai-on-widespread-reuse-of-cooking-oil/articleshow/124790502.cms,212
1,irrelevant,30,30d59a6d-a8dd-41e3-bd7b-0ea19932a2b1,NHRC issues notice to FSSAI over rampant reuse of cooking oil by eateries,etemaaddaily.com,en.etemaaddaily.com,2025-10-27,https://www.en.etemaaddaily.com/health/nhrc-issues-notice-to-fssai-over-rampant-reuse-of-cooking-oil-by-eateries:183618,593
1,irrelevant,31,0d4a2c7f-33c8-47ce-a96a-894e55407c0c,Fake Coconut Oil Identity: Signs your coconut oil is fake and how to spot the real one,indiatimes.com,timesofindia.indiatimes.com,2025-11-03,https://timesofindia.indiatimes.com/life-style/beauty/signs-your-coconut-oil-is-fake-and-how-to-spot-the-real-one/photostory/124849847.cms,479
1,irrelevant,32,95ca6c45-7ce6-4327-8fae-1e8ad7b53499,Police seize 150 containers of stolen edible oil in Balangir; two arrested | Bhubaneswar News - The Times of India,indiatimes.com,timesofindia.indiatimes.com,2025-11-09,https://timesofindia.indiatimes.com/city/bhubaneswar/police-seize-150-tins-of-stolen-edible-oil-in-balangir-two-arrested/articleshow/125204052.cms,238
1,irrelevant,33,3450f425-a2c2-4d08-b309-682bbbec3378,"Kanpur: Family Tragedy, Adulterated Oil Seized, Policy Announcements &More",indiatimes.com,timesofindia.indiatimes.com,2026-02-26,https://timesofindia.indiatimes.com/videos/ai-top-news/kanpur-family-tragedy-adulterated-oil-seized-policy-announcements-more/videoshow/128817874.cms,50
1,irrelevant,34,b8075067-8306-4f7c-bdcf-cb070bb9c2d8,"Coconut Oil Purity Test: FSSAI shares simple trick to detect adulteration in the oil you use for hair, skin and food",indiatimes.com,economictimes.indiatimes.com,2026-03-10,https://economictimes.indiatimes.com/news/new-updates/coconut-oil-purity-test-fssai-shares-simple-trick-to-detect-adulteration-in-the-oil-you-use-for-hair-skin-and-food/articleshow/129389742.cms,470
1,irrelevant,35,71f9fd0c-69ac-49cb-a69f-581824bf419a,Expired Mustard Oil Seized in Hazaribag Food Safety Raid | Ranchi News - The Times of India,indiatimes.com,timesofindia.indiatimes.com,2026-04-07,https://timesofindia.indiatimes.com/city/ranchi/expired-mustard-oil-seized-in-hazaribag-food-safety-raid/articleshow/130094279.cms,123
1,irrelevant,36,9929d4ff-ea91-452f-ab91-9293d496f997,Repeated reuse of cooking oil can trigger serious health risks: Food Safety official,morungexpress.com,morungexpress.com,2026-04-23,https://morungexpress.com/repeated-reuse-of-cooking-oil-can-trigger-serious-health-risks-food-safety-official,298
1,irrelevant,37,23cfbd82-fdd4-4061-a56e-bc5907f430ce,25k litres of diesel disguised as edible oil seized by cops,hindustantimes.com,hindustantimes.com,2026-05-25,https://www.hindustantimes.com/cities/mumbai-news/25k-litres-of-diesel-disguised-as-edible-oil-seized-by-cops-101779646828663.html,322
1,irrelevant,38,62d066c4-37e0-4721-9fd3-f6a841813925,Food regulator bans blending of mustard oil with other edible oils,financialexpress.com,financialexpress.com,2021-03-31,https://www.financialexpress.com/market/commodities/food-regulator-bans-blending-of-mustard-oil-with-other-edible-oils/2223586/,535
1,irrelevant,39,6d01c43a-debc-4355-b22d-340ef461ce72,Edible oil worth over Rs 8 lakh looted from Purnia godown | Patna News - Times of India,indiatimes.com,timesofindia.indiatimes.com,2021-11-23,https://timesofindia.indiatimes.com/city/patna/edible-oil-worth-over-rs-8l-looted-from-purnia-godown/articleshow/87855625.cms,289
1,irrelevant,40,ec80beb1-bbc7-4489-88d9-94cbc3ee3c41,"Sebi bans launch of new derivative contracts of crude palm oil, few other agri commodities",financialexpress.com,financialexpress.com,2021-12-20,https://www.financialexpress.com/market/commodities/sebi-bans-launch-of-new-derivative-contracts-of-crude-palm-oil-few-other-agri-commodities/2384767/,595
1,irrelevant,41,8accf064-3ad7-4a57-a449-7a11757fb4cb,Sebi bans launch of new derivative contracts of crude palm oil,theweek.in,theweek.in,2021-12-20,https://www.theweek.in/news/biz-tech/2021/12/20/sebi-bans-launch-of-new-derivative-contracts-of-crude-palm-oil.html,593
1,irrelevant,42,fe4dfab2-352e-44bf-b6cd-728b96d246ec,"Sunflower oil shortage boon for palm oil producers, bane for consumers",siasat.com,siasat.com,2022-03-13,https://www.siasat.com/sunflower-oil-shortage-boon-for-palm-oil-producers-bane-for-consumers-2290324/,619
1,irrelevant,43,6f6ba76d-9689-4d3c-808b-f21963237165,Palm oil ban: Edible oil industry asks govt to initiate dialogue with Indonesia - BusinessToday,businesstoday.in,businesstoday.in,2022-04-25,https://www.businesstoday.in/industry/story/palm-oil-ban-edible-oil-industry-asks-govt-to-initiate-dialogue-with-indonesia-331104-2022-04-25,482
1,irrelevant,44,6c8debed-27b3-49af-a4a9-bc2952ad83a6,"Centre imposes strict stock limit on edible oil, oilseeds to arrest price rise",indianexpress.com,indianexpress.com,2022-03-31,https://indianexpress.com/article/cities/pune/centre-imposes-strict-stock-limit-on-edible-oil-oilseeds-to-arrest-price-rise-7845831/,396
1,irrelevant,45,46173000-0f94-4a22-b9c9-03f5067763b0,Soyoil futures surge as Indonesia bans palm oil exports to increase supply,indiatimes.com,economictimes.indiatimes.com,2022-04-22,https://economictimes.indiatimes.com/news/international/us/soyoil-futures-surge-as-indoinesia-bans-palm-oil-exports-to-increase-supply/articleshow/91011661.cms,244
1,irrelevant,46,0946a1d4-5e62-4801-bcbd-24a14ddcb364,Indonesia to ban palm oil exports to curb domestic prices - BusinessToday,businesstoday.in,businesstoday.in,2022-04-22,https://www.businesstoday.in/latest/world/story/indonesia-to-ban-palm-oil-exports-to-curb-domestic-prices-330909-2022-04-22,516
1,irrelevant,47,c04c1693-29f0-4f9e-afb5-8767b3743751,"Indonesia bans palm oil export, world to face the jitters  | World News | Zee News",india.com,zeenews.india.com,2022-04-22,https://zeenews.india.com/world/indonesia-bans-palm-oil-export-world-to-face-the-jitters-2456405.html,526
1,irrelevant,48,2bc93499-969c-48af-a5b0-b21d0ac07b7e,Indonesia to ban palm oil exports to curb domestic prices,indiatimes.com,economictimes.indiatimes.com,2022-04-23,https://economictimes.indiatimes.com/news/international/business/indonesia-to-ban-palm-oil-exports-to-curb-domestic-prices/articleshow/91013410.cms,621
1,irrelevant,49,8b7d5260-979a-4e8c-81c2-fe971427b3b5,Indonesia bans palm oil exports as global food inflation spikes,indianexpress.com,indianexpress.com,2022-04-23,https://indianexpress.com/article/world/indonesia-bans-palm-oil-exports-global-food-inflation-spikes-7883388/,779
1,irrelevant,50,d8128106-484c-4038-98df-cede3abd3b43,Cooking Oil Prices May Increase In India Amid Indonesia's Palm Oil Export Ban,india.com,india.com,2022-04-23,https://www.india.com/business/cooking-oil-prices-india-may-increase-indonesia-palm-oil-export-ban-5354193/,257
1,irrelevant,51,bea0f119-e7c1-43f9-9501-2561e5633932,Edible oil prices in India to surge as Indonesia to ban palm oil exports | Today News,livemint.com,livemint.com,2022-04-23,https://www.livemint.com/news/india/edible-oil-prices-in-india-to-surge-as-indonesia-to-halt-palm-oil-exports-11650684747240.html,306
1,irrelevant,52,92f9b392-d18e-4297-b9fc-ab19437a496d,Indonesia palm oil export ban to hit packaged goods cos | Mint,livemint.com,livemint.com,2022-04-24,https://www.livemint.com/industry/retail/indonesia-palm-oil-export-ban-to-hit-packaged-goods-cos-11650819008169.html,522
1,irrelevant,53,df9da125-a8ba-4c55-9493-981b9f694195,India’s edible oil prices may rise due to Indonesia’s export ban on palm oil,siasat.com,siasat.com,2022-04-24,https://www.siasat.com/indias-edible-oil-prices-may-rise-due-to-indonesias-export-ban-on-palm-oil-2314604/,480
1,irrelevant,54,6d111634-1a31-447f-ba53-6e9a07081669,Indonesia palm oil export ban dents FMCG stocks; oil companies rally,indiatimes.com,economictimes.indiatimes.com,2022-04-25,https://economictimes.indiatimes.com/markets/stocks/news/indonesia-palm-oil-export-ban-dents-fmcg-stocks-oil-companies-rally/articleshow/91064018.cms,417
1,irrelevant,55,316bb4c8-f625-412c-a5d4-a15bd89507e0,"From spreads to shampoo, Indonesia's palm oil ban will rattle your everyday life",indiatimes.com,economictimes.indiatimes.com,2022-04-25,https://economictimes.indiatimes.com/small-biz/trade/exports/insights/from-spreads-to-shampoo-indonesias-palm-oil-ban-will-rattle-your-everyday-life/articleshow/91066437.cms,357
1,irrelevant,56,2dc88124-ea36-4c2f-bc79-7b48e597192d,Indonesia bans palm oil exports as global food inflation spikes,indiatimes.com,economictimes.indiatimes.com,2022-04-25,https://economictimes.indiatimes.com/small-biz/trade/exports/insights/indonesia-bans-palm-oil-exports-as-global-food-inflation-spikes/articleshow/91067523.cms,680
1,irrelevant,57,0c21069c-fb7d-41d3-bb60-b6381f36a235,Indonesia's palm oil export ban leaves global buyers with no plan B,indiatimes.com,economictimes.indiatimes.com,2022-04-25,https://economictimes.indiatimes.com/small-biz/trade/exports/insights/indonesias-palm-oil-export-ban-leaves-global-buyers-with-no-plan-b/articleshow/91067236.cms,446
1,irrelevant,58,e954a849-517b-42d9-a7e5-dda3b7a58cb9,Edible oil prices may rise 15-20% as Indonesia bans palm oil exports,financialexpress.com,financialexpress.com,2022-04-25,https://www.financialexpress.com/market/commodities/edible-oil-prices-may-rise-15-20-as-indonesia-bans-palm-oil-exports/2502078/,626
1,irrelevant,59,a5edbb79-cf33-4ce7-9204-8ba8a6f6f107,A Look At What Is Likely To Get Costlier After Indonesia Bans Palm Oil Exports,india.com,india.com,2022-04-25,https://www.india.com/business/from-chocolates-to-shampoos-a-look-at-what-is-likely-to-get-costlier-after-indonesia-bans-palm-oil-exports-5356730/,324
1,irrelevant,60,cf877415-70be-451c-8d39-c3a938be6a94,Indonesia’s surprise export ban to exclude crude palm oil: Report | Stock Market News,livemint.com,livemint.com,2022-04-25,https://www.livemint.com/market/commodities/indonesias-surprise-ban-of-cooking-oil-exports-will-not-be-strict-as-feared-11650879378335.html,300
1,irrelevant,61,cc6014f7-4668-4a86-a4cd-25ef9cd03ed7,How Indonesia's ban on palm oil exports will hurt us | Stock Market News,livemint.com,livemint.com,2022-04-25,https://www.livemint.com/market/how-indonesia-s-ban-on-palm-oil-exports-hurts-us-11650906583398.html,512
1,irrelevant,62,ec0301b4-f48e-4da3-bd89-1ec1a160389f,Palm oil ban: Govt urged to start talks with Indonesia,rediff.com,rediff.com,2022-04-25,https://www.rediff.com/business/report/palm-oil-ban-govt-urged-to-start-talks-with-indonesia/20220425.htm,480
1,irrelevant,63,d9c32aac-10be-4e3a-8b30-0e818295ab52,FMCGs may pinch more if Indonesia bans crude palm oil exports too,indiatimes.com,economictimes.indiatimes.com,2022-04-26,https://economictimes.indiatimes.com/markets/commodities/news/fmcgs-may-pinch-more-if-indonesia-bans-crude-palm-oil-exports-too/articleshow/91087103.cms,842
1,irrelevant,64,010e353e-50fe-43bc-af1d-f19ba4769a43,FMCG stocks decline sharply as Indonesia bans palm oil exports,financialexpress.com,financialexpress.com,2022-04-26,https://www.financialexpress.com/market/fmcg-stocks-decline-sharply-as-indonesia-bans-palm-oil-exports/2503176/,289
1,irrelevant,65,1c3156a1-3a56-4a2a-95ff-d2f7384df96a,Palm oil ban: Indonesia prepares to widen palm oil export ban,indiatoday.in,indiatoday.in,2022-04-26,https://www.indiatoday.in/business/story/palm-oil-ban-indonesia-prepares-to-widen-palm-oil-export-ban-1942053-2022-04-26,503
1,irrelevant,66,113861b8-6282-4e87-94ff-41a06223a254,"Indonesia's Palm Oil Export Ban: Cooking Oil, Food Prices Set To Spike On, Indian Edible Oil Market To Take A Hit ",indiatoday.in,indiatoday.in,2022-04-26,https://www.indiatoday.in/newsmo/video/indonesia-s-palm-oil-export-ban-cooking-oil-food-prices-set-to-spike-on-indian-edible-oil-market-to-take-a-hit-1942273-2022-04-26,372
1,irrelevant,67,94e662cb-9ffb-4f49-be29-e4863e34aa53,Ruchi Soya says details of Indonesia's palm oil export ban a relief | Stock Market News,livemint.com,livemint.com,2022-04-26,https://www.livemint.com/market/commodities/ruchi-soya-says-details-of-indonesia-s-palm-oil-export-ban-a-relief-11650964863628.html,366
1,irrelevant,68,dbb2fe1a-fd47-413f-9645-cec54603712f,Palm oil export ban by Indonesia begins tomorrow | All you need to know,indiatoday.in,indiatoday.in,2022-04-27,https://www.indiatoday.in/business/story/palm-oil-export-ban-by-indonesia-begins-tomorrow-all-you-need-to-know-1942569-2022-04-27,410
1,irrelevant,69,c60b762d-e1d9-48df-8d59-c2b15a8a0428,"As Indonesia enforces palm oil export ban, should India worry?",theweek.in,theweek.in,2022-04-28,http://www.theweek.in/news/biz-tech/2022/04/28/as-indonesia-enforces-palm-oil-export-ban-should-india-worry0.html,495
1,irrelevant,70,5143c369-5192-49e4-b53b-4511ae7a7471,Prices of Packaged Goods to Rise as Indonesia’s Palm Oil Export Ban Comes Into Effect Today,india.com,india.com,2022-04-28,https://www.india.com/business/prices-of-packaged-goods-to-rise-as-indonesias-palm-oil-export-ban-comes-into-effect-today-all-you-need-to-know-5363846/,340
1,irrelevant,71,45524587-9ba5-4103-bbdb-b9d86cbf66cd,Food protectionism ramps up as Indonesia bans palm oil exports,indiatimes.com,economictimes.indiatimes.com,2022-04-29,https://economictimes.indiatimes.com/small-biz/trade/exports/insights/food-protectionism-ramps-up-as-indonesia-bans-palm-oil-exports/articleshow/91167554.cms,441
1,irrelevant,72,146e2ef6-256d-4381-b9f3-1e3324ea4961,Edible oil industry readies for tough time over Indonesian ban on exports,indianexpress.com,indianexpress.com,2022-04-29,https://indianexpress.com/article/cities/pune/edible-oil-industry-readies-for-tough-time-over-indonesian-ban-on-exports-7892515/,648
1,irrelevant,73,fc9dae81-e7b3-4244-8cd3-46b389831e11,Indonesia's ban on palm oil exports a concern but impact to be transitory: FMCG industry,indiatimes.com,economictimes.indiatimes.com,2022-05-01,https://economictimes.indiatimes.com/industry/cons-products/fmcg/indonesias-ban-on-palm-oil-exports-a-concern-but-impact-to-be-transitory-fmcg-industry/articleshow/91234387.cms,565
1,irrelevant,74,9500b36a-7a65-484d-8f28-e28b233246c6,Why Indonesia's palm oil export ban has not cooled cooking oil prices,indiatimes.com,economictimes.indiatimes.com,2022-05-17,https://economictimes.indiatimes.com/news/international/business/why-indonesias-palm-oil-export-ban-has-not-cooled-cooking-oil-prices/articleshow/91616386.cms,553
1,irrelevant,75,78912afd-9e44-4aea-bb89-6d688caf67ac,Indonesian farmers stage protests against palm oil export ban - Times of India,indiatimes.com,timesofindia.indiatimes.com,2022-05-17,https://timesofindia.indiatimes.com/world/rest-of-world/indonesian-farmers-stage-protests-against-palm-oil-export-ban/articleshow/91608348.cms,370
1,irrelevant,76,929779c1-9da1-4279-82ff-3ee943fab3e8,Why Indonesia's palm oil export ban has not cooled cooking oil prices | Stock Market News,livemint.com,livemint.com,2022-05-17,https://www.livemint.com/market/commodities/why-indonesia-s-palm-oil-export-ban-has-not-cooled-cooking-oil-prices-11652783920048.html,638
1,irrelevant,77,fc44b5ca-79b4-4d5e-8070-bec8a6d71880,Indonesia to lift palm oil export ban from Monday: President Joko Widodo,indiatimes.com,economictimes.indiatimes.com,2022-05-19,https://economictimes.indiatimes.com/news/international/world-news/indonesia-to-lift-palm-oil-export-ban-from-monday-president/articleshow/91663224.cms,163
1,irrelevant,78,cb207d92-ee58-41fd-aaf8-87feb8ddd3f1,"Indonesia to lift palm oil export ban from Monday, president says",indianexpress.com,indianexpress.com,2022-05-19,https://indianexpress.com/article/world/indonesia-to-lift-palm-oil-export-ban-from-monday-president-says-7925970/,249
1,irrelevant,79,1746d80e-3b2f-43e2-9572-6c3c7b882654,"Indonesia Palm Oil Export Ban: Indonesia to lift palm oil export ban from Monday, president says | International Business News - Times of India",indiatimes.com,timesofindia.indiatimes.com,2022-05-19,https://timesofindia.indiatimes.com/business/india-business/indonesia-to-lift-palm-oil-export-ban-from-monday-president-says/articleshow/91664918.cms,250
1,irrelevant,80,0a471a9b-f224-4531-813e-7bc0c93b5735,"Indonesia Palm Oil Export Ban: Indonesia to lift palm oil export ban from Monday, president says | International Business News - Times of India",indiatimes.com,timesofindia.indiatimes.com,2022-05-19,https://timesofindia.indiatimes.com/business/international-business/indonesia-to-lift-palm-oil-export-ban-from-monday-president-says/articleshow/91664918.cms,250
1,irrelevant,81,517e7647-103a-4894-a4c5-da5366e60fe5,"Indonesia to lift palm oil export ban from Monday, says president - BusinessToday",businesstoday.in,businesstoday.in,2022-05-19,https://www.businesstoday.in/latest/world/story/indonesia-to-lift-palm-oil-export-ban-from-monday-says-president-334255-2022-05-19?utm_source=rssfeed,277
1,irrelevant,82,a4fd333b-7e27-413b-bdcb-2679b449deec,Indonesia lifts ban on cooking oil export as supply improves,financialexpress.com,financialexpress.com,2022-05-19,https://www.financialexpress.com/market/commodities/indonesia-lifts-ban-on-cooking-oil-export-as-supply-improves/2531309/,288
1,irrelevant,83,8d179172-f619-4e6f-995d-85a3d365ea27,Indonesia Lifts Palm Oil Export Ban From May 23 As Domestic Cooking Oil Supply Situation Improves,india.com,india.com,2022-05-19,https://www.india.com/business/breaking-indonesia-lifts-palm-oil-export-ban-from-may-23-as-domestic-cooking-oil-supply-situation-improves-5401494/,272
1,irrelevant,84,d1b43679-05cc-482c-8fc6-87f75affa103,Indonesia to lift palm oil export ban from Monday | Stock Market News,livemint.com,livemint.com,2022-05-19,https://www.livemint.com/market/commodities/indonesia-to-lift-palm-oil-export-ban-from-monday-president-joko-widodo-11652955600773.html,333
1,irrelevant,85,4ea40f7d-b596-4ab0-968f-d5df97a6cab7,Indonesia lifts palm oil export ban from May 23 as domestic cooking oil supply situation improves | India News | Zee News,india.com,zeenews.india.com,2022-05-19,https://zeenews.india.com/india/indonesia-lifts-palm-oil-export-ban-from-may-23-as-domestic-cooking-oil-supply-situation-improves-2465243.html,180
1,irrelevant,86,d173d950-b336-4326-9bc9-db0e648a9ea0,India's palm oil imports seen muted even as Indonesia lifts export ban,indiatimes.com,economictimes.indiatimes.com,2022-05-20,https://economictimes.indiatimes.com/news/economy/foreign-trade/indias-palm-oil-imports-seen-muted-even-as-indonesia-lifts-export-ban/articleshow/91685295.cms,200
1,irrelevant,87,b307e606-f392-41fe-91e8-7ce656bc9803,India's palm oil imports seen muted even as Indonesia lifts export ban - Times of India,indiatimes.com,timesofindia.indiatimes.com,2022-05-20,https://timesofindia.indiatimes.com/business/india-business/indias-palm-oil-imports-seen-muted-even-as-indonesia-lifts-export-ban/articleshow/91685317.cms,341
1,irrelevant,88,0441a1b3-6b46-4ffe-9233-43f000651d4b,Indonesia to reimpose local palm oil sales rule as it ends export ban - BusinessToday,businesstoday.in,businesstoday.in,2022-05-20,https://www.businesstoday.in/latest/policy/story/indonesia-to-reimpose-local-palm-oil-sales-rule-as-it-ends-export-ban-334387-2022-05-20?utm_source=rssfeed,557
1,irrelevant,89,f8a4f2f3-c69f-45e1-af6e-aae26b623e6e,Edible oil prices to come down as Indonesia lifts export ban,financialexpress.com,financialexpress.com,2022-05-20,https://www.financialexpress.com/market/commodities/edible-oil-prices-to-come-down-as-indonesia-lifts-export-ban/2531601/,479
1,irrelevant,90,d90cef6e-30aa-423e-ad70-fed71ed7cd08,Cooking oil prices to cool as Indonesia lifts export ban | Today News,livemint.com,livemint.com,2022-05-20,https://www.livemint.com/news/india/cooking-oil-prices-to-cool-as-indonesia-lifts-export-ban-11652990758378.html,348
1,irrelevant,91,e54ea4c9-acc0-4429-8453-1c3015aae3f5,"Indonesia to lift palm oil export ban, likely giving India 'big relief'",rediff.com,rediff.com,2022-05-20,https://www.rediff.com/business/report/indonesia-to-lift-palm-oil-export-ban-likely-giving-india-big-relief/20220520.htm,555
1,irrelevant,92,a979eea9-33cd-404f-a496-5314af1c2d3a,Consumers expected to get relief from high cooking oil prices as Indonesia lifts export ban on palm oil,indiatimes.com,economictimes.indiatimes.com,2022-05-21,https://economictimes.indiatimes.com/industry/cons-products/food/consumers-expected-to-get-relief-from-high-cooking-oil-prices-as-indonesia-lifts-export-ban-on-palm-oil/articleshow/91704754.cms,327
1,irrelevant,93,07268098-2815-4052-855e-7c451d139a22,Cooking oil prices to fall with Indonesia set to lift export ban,indiatimes.com,economictimes.indiatimes.com,2022-05-21,https://economictimes.indiatimes.com/industry/cons-products/food/cooking-oil-prices-to-fall-with-indonesia-set-to-lift-export-ban/articleshow/91696359.cms,267
1,irrelevant,94,566600e2-eba8-4d30-a4b4-1ef1df6b033e,Indonesia lifts ban on palm oil exports but shipments unlikely now | Here's why,indiatoday.in,indiatoday.in,2022-05-23,https://www.indiatoday.in/business/story/indonesia-lifts-ban-on-palm-oil-exports-but-shipments-unlikely-now-here-s-why-1952983-2022-05-23?utm_source=rss,550
1,irrelevant,95,3e5cad41-f5b4-4475-8dc4-fd33eb4dad87,Indonesia seeks to issue first palm oil export permits since ban - BusinessToday,businesstoday.in,businesstoday.in,2022-05-30,https://www.businesstoday.in/latest/world/story/indonesia-seeks-to-issue-first-palm-oil-export-permits-since-ban-335673-2022-05-30?utm_source=rssfeed,470
1,irrelevant,96,4bcb9093-2035-4def-bda9-a0e58613c827,One arrested over theft of cooking oil - Deshdoot,deshdoot.com,deshdoot.com,2022-06-04,https://www.deshdoot.com/deshdoot-times/one-arrested-over-theft-of-cooking-oil,165
1,irrelevant,97,3e85441b-fcf0-491b-916a-45cc74611cd3,India's May palm oil imports surge to 7-month high despite Indonesia's ban-dealers,indiatimes.com,economictimes.indiatimes.com,2022-06-06,https://economictimes.indiatimes.com/news/economy/foreign-trade/indias-may-palm-oil-imports-surge-to-7-month-high-despite-indonesias-ban-dealers/articleshow/92034277.cms,174
1,irrelevant,98,b06fa32f-74f1-4ba7-8142-f8d74c6696f4,India's palm oil imports in May surge to 7 month high despite Indonesia's ban - BusinessToday,businesstoday.in,businesstoday.in,2022-06-06,https://www.businesstoday.in/latest/story/indias-palm-oil-imports-in-may-surge-to-7-month-high-despite-indonesias-ban-336438-2022-06-06?utm_source=rssfeed,301
1,irrelevant,99,d276ff78-82e2-4381-b44f-a676e7d37825,India's May palm oil imports surge to 7-month high despite Indonesia's ban | Today News,livemint.com,livemint.com,2022-06-06,https://www.livemint.com/news/india/indias-may-palm-oil-imports-surge-to-7-month-high-despite-indonesia-s-ban-11654510695288.html,337
1,irrelevant,100,02c8e4fd-fff3-4dd8-b11f-734530060cfb,Edible oil makers urge for lifting of futures trade ban on crude palm oil and soy oil on commodity exchanges,financialexpress.com,financialexpress.com,2022-09-13,https://www.financialexpress.com/market/commodities/edible-oil-makers-urge-for-lifting-of-futures-trade-ban-on-crude-palm-oil-and-soy-oil-on-commodity-exchanges/2664648/,493
1,irrelevant,101,986aacd7-01de-407e-a117-8c21436b5964,"Futures trading key for price risk management, says edible oil industry as SEBI extends ban",indiasnews.net,indiasnews.net,2022-12-23,http://www.indiasnews.net/news/273253426/futures-trading-key-for-price-risk-management-says-edible-oil-industry-as-sebi-extends-ban,339
1,irrelevant,102,4d0eb4e6-02c6-4380-a797-54107f4c81dd,"Futures trading key for price risk management, says edible oil industry as SEBI extends ban",newdelhinews.net,newdelhinews.net,2022-12-23,http://www.newdelhinews.net/news/273253426/futures-trading-key-for-price-risk-management-says-edible-oil-industry-as-sebi-extends-ban,339
1,irrelevant,103,fadfa9b0-3cca-4935-bd21-84f1daaf5b4c,Steps to arrest decline in key edible oil prices soon,financialexpress.com,financialexpress.com,2023-03-28,https://www.financialexpress.com/economy/steps-to-arrest-decline-in-key-edible-oil-prices-soon/3023894/,618
1,irrelevant,104,7e21e41e-1bb7-4f02-a0cc-7f18f6c19875,Bihar: Massive fire breaks out at Refined Oil Warehouse in Patna,indiatimes.com,timesofindia.indiatimes.com,2023-04-18,https://timesofindia.indiatimes.com/videos/news/bihar-massive-fire-breaks-out-at-refined-oil-warehouse-in-patna/videoshow/99585193.cms,58
1,irrelevant,105,8624e266-dab8-4448-ad08-b451538d5832,"5, including cop, arrested for stealing cooking oil in Pakistan. They used a police van",hindustantimes.com,hindustantimes.com,2023-07-07,https://www.hindustantimes.com/world-news/5-including-cop-arrested-for-stealing-cooking-oil-in-pakistan-they-used-a-police-van-101688694534952.html,286
1,irrelevant,106,ed013095-ac71-4359-be8c-50af7e95505f,Fire Breaks Out At Edible Oil Godown | Coimbatore News - Times of India,indiatimes.com,timesofindia.indiatimes.com,2023-09-18,https://timesofindia.indiatimes.com/city/coimbatore/fire-breaks-out-at-edible-oil-godown/articleshow/103744778.cms,407
1,irrelevant,107,6fcfdd5e-e43a-4330-9971-396490933955,Kuwait bans export of used cooking oil for one year,siasat.com,siasat.com,2023-11-26,https://www.siasat.com/kuwait-bans-export-of-used-cooking-oil-for-one-year-2920355/,161
1,irrelevant,108,36abdaaa-a5a1-4fb2-b6b3-dfab8489599d,Edible oil industry urges Centre not to extend export ban on de-oiled rice bran,bombaynews.net,bombaynews.net,2024-05-26,https://www.bombaynews.net/news/274385248/edible-oil-industry-urges-centre-not-to-extend-export-ban-on-de-oiled-rice-bran,466
1,irrelevant,109,4731cfeb-94c2-48d2-ac0c-6b4c944a4aef,Edible oil industry urges Centre not to extend export ban on de-oiled rice bran,indiasnews.net,indiasnews.net,2024-05-26,https://www.indiasnews.net/news/274385248/edible-oil-industry-urges-centre-not-to-extend-export-ban-on-de-oiled-rice-bran,466
1,irrelevant,110,42ac1f30-d624-4648-bed5-de4d916652ab,Edible oil industry urges Centre not to extend export ban on de-oiled rice bran,mumbainews.net,mumbainews.net,2024-05-26,https://www.mumbainews.net/news/274385248/edible-oil-industry-urges-centre-not-to-extend-export-ban-on-de-oiled-rice-bran,466
1,irrelevant,111,10dc9ef2-7dfb-4a2f-8382-739ea4a89ee5,Edible oil industry urges Centre not to extend export ban on de-oiled rice bran,newdelhinews.net,newdelhinews.net,2024-05-26,https://www.newdelhinews.net/news/274385248/edible-oil-industry-urges-centre-not-to-extend-export-ban-on-de-oiled-rice-bran,466
1,irrelevant,112,27330654-80b6-4c18-bbde-4e81e1f73dba,Edible Oil Industry Urges Centre Not To Extend Export Ban On De-Oiled Rice Bran | Economy News | Zee News,india.com,zeenews.india.com,2024-05-26,https://zeenews.india.com/economy/edible-oil-industry-urges-centre-not-to-extend-export-ban-on-de-oiled-rice-bran-2752589.html,512
1,irrelevant,113,d10cbf4c-7f29-41cd-bb5c-f91639aabc0c,Major Edible Oil Theft Racket Dismantled in Ahmedabad: Seven Arrested | Ahmedabad News - Times of India,indiatimes.com,timesofindia.indiatimes.com,2024-10-12,https://timesofindia.indiatimes.com/city/ahmedabad/major-edible-oil-theft-racket-dismantled-in-ahmedabad-seven-arrested/articleshow/114174719.cms,279
1,irrelevant,114,0a6f5dff-bf0a-400e-96f1-9e355eead46e,Aloe vera on face to coconut oil banana hair mask: Dermat rates popular home DIY remedies on a scale of 1 to 10,hindustantimes.com,hindustantimes.com,2025-03-23,https://www.hindustantimes.com/lifestyle/health/aloe-vera-on-face-to-coconut-oil-banana-hair-mask-dermat-rates-popular-home-diy-remedies-on-a-scale-of-1-to-10-101742713884903.html,774
1,irrelevant,115,7d8d31c0-88b0-4643-b793-168581d69d68,Massive fire at Bhilwara cooking oil warehouse | Jaipur News - The Times of India,indiatimes.com,timesofindia.indiatimes.com,2025-04-21,https://timesofindia.indiatimes.com/city/jaipur/massive-fire-at-bhilwara-cooking-oil-warehouse/articleshow/120463956.cms,175
1,irrelevant,116,1931f5f0-e7a9-4fb6-a672-5e16d4dde58f,"Why is Donald Trump considering ban on Chinese cooking oil, and how are trade tensions affecting US farmers?",indiatimes.com,economictimes.indiatimes.com,2025-10-15,https://economictimes.indiatimes.com/news/international/us/why-is-donald-trump-considering-ban-on-chinese-cooking-oil-and-how-are-trade-tensions-affecting-us-farmers/articleshow/124574341.cms,580
1,irrelevant,117,ef7d4799-8c43-4861-ab70-36ba6f35a149,"Stopped adulteration, so mustard oil is expensive: Agriculture Minister Narendra Singh Tomar",freepressjournal.in,freepressjournal.in,2021-06-09,https://www.freepressjournal.in/india/stopped-adulteration-so-mustard-oil-is-expensive-agriculture-minister-narendra-singh-tomar,662
1,irrelevant,118,8f4767ba-c3c6-4397-a1ba-431f8861a56f,FSSAI asks states to conduct inspections for enforcement of ban on blending of mustard oil ,thehindubusinessline.com,thehindubusinessline.com,2021-06-09,https://www.thehindubusinessline.com/economy/agri-business/fssai-asks-states-to-conduct-inspections-for-enforcement-of-ban-on-blending-of-mustard-oil/article34769123.ece,196
1,irrelevant,119,07e977be-0c70-4b36-8959-20d0d0e76b85,"Indore: Edible oil worth Rs 9.90L seized from Palda area, 11 samples taken from factory",freepressjournal.in,freepressjournal.in,2021-07-23,https://www.freepressjournal.in/indore/indore-edible-oil-worth-rs-990l-seized-from-palda-area-11-samples-taken-from-factory,396
1,irrelevant,120,7f42bee2-603e-4eab-b43d-05d061cb6319,"With pics - Arsh – FCS + FCS2 STRAP: Drive against ‘adulteration mafia’ in Indore: District FCS raids edible oil factory, petrol pump",freepressjournal.in,freepressjournal.in,2021-09-25,https://www.freepressjournal.in/indore/with-pics-arsh-fcs-fcs2strapdrive-against-adulteration-mafia-in-indore-district-fcs-raids-edible-oil-factory-petrol-pump,311
1,irrelevant,121,67649daf-178f-4ec3-ba3f-89907a6f071f,Madhya Pradesh: Burnt palm oil seized from namkeen factory,freepressjournal.in,freepressjournal.in,2021-09-27,https://www.freepressjournal.in/ujjain/madhya-pradesh-burnt-palm-oil-seized-from-namkeen-factory,124
1,irrelevant,122,75be9b9c-4a5b-4735-9a2b-656806054326,Vigilance officials conduct raids to check hoarding of edible oil,thehindu.com,thehindu.com,2022-03-07,https://www.thehindu.com/news/cities/Visakhapatnam/vigilance-officials-conduct-raids-to-check-hoarding-of-edible-oil/article65202544.ece,130
1,irrelevant,123,a722afd6-4c74-4b8e-bd8a-509e1f613a3a,Edible oil worth Rs 6.3 cr seized in raids,newindianexpress.com,newindianexpress.com,2022-03-19,https://www.newindianexpress.com/states/andhra-pradesh/2022/mar/19/edible-oil-worth-rs-63-cr-seized-in-raids-2431767.html,166
1,irrelevant,124,40987071-a40c-427d-a20c-9893f7cd2188,"Edible oil traders booked, stocks worth ₹29 crore seized in surprise raids in Andhra Pradesh    ",thehindu.com,thehindu.com,2022-03-20,https://www.thehindu.com/news/national/andhra-pradesh/edible-oil-traders-booked-stocks-worth-29-crore-seized-in-surprise-raids-in-andhra-pradesh/article65243587.ece,284
1,irrelevant,125,b106ced1-195a-4b36-bf3f-744d011986a3,Vigilance raids edible oil hoarders across Andhra Pradesh | Vigilance raids edible oil hoarders across Andhra Pradesh,deccanchronicle.com,deccanchronicle.com,2022-03-21,https://www.deccanchronicle.com/nation/current-affairs/210322/ap-launches-raids-on-illegal-hoarding-of-oil.html,437
1,irrelevant,126,939e6994-46dd-42ab-8962-2c1d25e43028,Vigilance raids edible oil units in Andhra Pradesh | Vigilance raids edible oil units in Andhra Pradesh,deccanchronicle.com,deccanchronicle.com,2022-03-25,https://www.deccanchronicle.com/nation/in-other-news/250322/vigilance-raids-edible-oil-units-in-state.html,167
1,irrelevant,127,13056c52-7d02-46fe-870c-0b24a04bbbfe,332 edible oil traders raided across Andhra Pradesh,newindianexpress.com,newindianexpress.com,2022-03-26,https://www.newindianexpress.com/states/andhra-pradesh/2022/mar/27/332-edible-oil-traders-raided-across-andhra-pradesh-2434670.html,124
1,irrelevant,128,04fa01da-ea89-46ff-a767-3b65d29f0b7c,Hold surprise raids on edible oil traders: Karumuri Venkata Nageswara Rao,newindianexpress.com,newindianexpress.com,2022-04-27,https://www.newindianexpress.com/states/andhra-pradesh/2022/apr/27/hold-surprise-raids-on-edible-oil-traders-karumuri-venkata-nageswara-rao-2447010.html,305
1,irrelevant,129,441c60e4-9836-45ed-af24-e239e5d84446,GST wing raids edible oil producing units in Odisha,newindianexpress.com,newindianexpress.com,2022-05-19,https://www.newindianexpress.com/states/odisha/2022/may/19/gst-wing-raids-edible-oil-producing-units-in-odisha-2455369.html,170
1,irrelevant,130,84b63223-8176-4e31-939c-43a0a9b7340b,Centre Conducts Raids In Several States Over Hoarding Of Edible Oil,businessworld.in,businessworld.in,2022-05-27,https://www.businessworld.in/article/Centre-Conducts-Raids-In-Several-States-Over-Hoarding-Of-Edible-Oil/27-05-2022-430461,682
1,irrelevant,131,7ce8d3b1-77cb-40f5-8a9d-6c19fc0346b7,Khargone: Edible oil worth Rs 50 lakh seized,freepressjournal.in,freepressjournal.in,2022-06-22,https://www.freepressjournal.in/indore/khargone-edible-oil-worth-rs-50-lakh-seized,224
1,irrelevant,132,94aecc90-cf6d-4f41-a6fb-22158d405d27,Food Safety dept. initiative to check reuse of cooking oil in hotels ,thehindu.com,thehindu.com,2022-07-16,https://www.thehindu.com/news/cities/Kochi/food-safety-dept-initiative-to-check-reuse-of-cooking-oil-in-hotels/article65644073.ece,105
1,irrelevant,133,148551a6-3895-4031-87c6-4912f402da14,Delhi Govt Carries Out Drive Against Edible Oil Adulteration,businessworld.in,businessworld.in,2022-08-13,https://www.businessworld.in/article/Delhi-Govt-Carries-Out-Drive-Against-Edible-Oil-Adulteration-/13-08-2022-442029,682
1,irrelevant,134,861b5c25-79b3-4d25-bc27-0438bc719418,AGMARK certification not required for imported blended edible oil: FSSAI ,thehindubusinessline.com,thehindubusinessline.com,2022-08-18,https://www.thehindubusinessline.com/economy/agmark-certification-not-required-for-imported-blended-edible-oil-fssai/article65783272.ece,323
1,irrelevant,135,062b0098-5ad4-47ca-bcd6-98c631592df2,FDA Cracks Down On Loose Sale Of Edible Oil,businessworld.in,businessworld.in,2022-10-04,https://www.businessworld.in/article/FDA-Cracks-Down-On-Loose-Sale-Of-Edible-Oil-/04-10-2022-449313,682
1,irrelevant,136,e9e2491e-867c-4197-8d59-9119fd466d87,FSSAI directs officers to not delay clearance of imported pulses and edible oil consignments  ,thehindubusinessline.com,thehindubusinessline.com,2023-03-10,https://www.thehindubusinessline.com/economy/fssai-directs-officers-to-not-delay-clearance-of-imported-pulses-and-edible-oil-consignments/article66600123.ece,300
1,irrelevant,137,3f0c8245-08ac-4268-b3f6-ca5f55685b31,"Keep tabs on adulteration in edible oils, cautions food safety authority   ",thehindubusinessline.com,thehindubusinessline.com,2023-04-22,https://www.thehindubusinessline.com/economy/agri-business/keep-tabs-on-adulteration-in-edible-oils-cautions-food-safety-authority/article66766803.ece,408
1,irrelevant,138,4bbe9464-e03b-44bb-a567-45f2b224d53c,Income Tax Dept Raids Edible Oil Business Group In Bengal Assam,businessworld.in,businessworld.in,2023-05-17,https://www.businessworld.in/article/Income-Tax-Dept-Raids-Edible-Oil-Business-Group-In-Bengal-Assam/17-05-2023-476941,682
1,irrelevant,139,f794a78d-1d8c-484c-8807-ec8c5620422d,"4,500 litres of edible oil manufactured under unhygienic conditions seized at two private units in Tiruchi",thehindu.com,thehindu.com,2023-05-28,https://www.thehindu.com/news/cities/Tiruchirapalli/4500-litres-of-edible-oil-manufactured-under-unhygienic-conditions-seized-at-two-private-units-in-tiruchi/article66904645.ece,201
1,irrelevant,140,37491733-e5be-4d03-8275-101c68bde41b,McDonald's Under Scrutiny After Maha FDA Finds It Replacing Cheese With Vegetable Oil In Products; Fast Food Chain Issues Clarification,freepressjournal.in,freepressjournal.in,2024-02-23,https://www.freepressjournal.in/mumbai/mcdonalds-under-scrutiny-after-maharashtra-fda-finds-fast-food-chain-replacing-cheese-with-vegetable-oil-in-products,393
1,irrelevant,141,0631b2ce-2e95-42c7-90b3-d6472ae1e958,"Assam: Guwahati Police Seized Palm Oil-Laden Truck, 3 Thieves Arrested",sentinelassam.com,sentinelassam.com,2024-09-02,https://www.sentinelassam.com/cities/guwahati-city/assam-guwahati-police-seized-palm-oil-laden-truck-3-thieves-arrested,95
1,irrelevant,142,b2d0c9d0-bc83-412b-9d63-e5540d2ce30a,Vigilance raids continue on hoarders of edible oils,thehansindia.com,thehansindia.com,2024-09-19,https://www.thehansindia.com/andhra-pradesh/vigilance-raids-continue-on-hoarders-of-edible-oils-908026,204
1,irrelevant,143,b6240431-f2e4-4987-9ac7-3377e159fce6,FSSAI initiative shows uptick in used cooking oil collection in Kerala ,newindianexpress.com,newindianexpress.com,2024-09-25,https://www.newindianexpress.com/states/kerala/2024/Sep/25/fssai-initiative-shows-uptick-in-used-cooking-oil-collection-in-kerala,415
1,irrelevant,144,31813e5a-3cef-4799-b5ee-46b3b9199647,"FSSAI seizes 1,780 litres of reheated cooking oil, 306 kg of sweets for excessive use of colourants in Coimbatore",thehindu.com,thehindu.com,2024-10-29,https://www.thehindu.com/news/cities/Coimbatore/fssai-seizes-1780-litres-of-reheated-cooking-oil-306-kg-of-sweets-for-excessive-use-of-colourants-in-coimbatore/article68810578.ece,254
1,irrelevant,145,2bf750c7-3576-40ee-aedf-ba7702ee19ce,"Amid Widespread Adulteration in Mustard Oil, Anjali Gold Passes Government Lab Test with Highest Purity Score",thehansindia.com,thehansindia.com,2025-04-29,https://www.thehansindia.com/news/business/amid-widespread-adulteration-in-mustard-oilanjali-gold-passes-government-lab-test-with-highest-purity-score-966687,338
1,irrelevant,146,5bfa1638-bb22-4f60-b1c9-eababaac06b8,Karnataka Food Safety and Drug Administration shifts focus to trans fat reduction in cooking oil,thehindu.com,thehindu.com,2025-07-31,https://www.thehindu.com/news/cities/bangalore/karnataka-food-safety-and-drug-administration-shifts-focus-to-trans-fat-reduction-in-cooking-oil/article69879479.ece,293
1,irrelevant,147,d829613e-dd41-4d06-8166-c18756ea438e,"365 litres of palm oil stocked in unhygienic, used cans seized from snacks-making unit in Aruppukottai",thehindu.com,thehindu.com,2025-08-06,https://www.thehindu.com/news/cities/Madurai/365-litres-of-palm-oil-stocked-in-unhygienic-used-cans-seized-from-snacks-making-unit-in-aruppukottai/article69901967.ece,259
1,irrelevant,148,f4e65e86-9922-49ff-ae14-2f159265f4a1,FSSAI’s drive to convert used cooking oil as biofuel gets good response in several districts in T.N.  ,thehindu.com,thehindu.com,2025-10-11,https://www.thehindu.com/news/national/tamil-nadu/fssais-drive-to-convert-used-cooking-oil-as-biofuel-gets-good-response-in-several-districts-in-tn/article70152299.ece,413
1,irrelevant,149,54b38d06-28d2-4546-98c6-5e5eb9cfae08,NHRC Seeks FSSAI Report on Reused Cooking Oil Health Risks,newkerala.com,newkerala.com,2025-10-24,https://www.newkerala.com/news/o/nhrc-seeks-report-fssai-alleged-reuse-cooking-oil-956,348
1,irrelevant,150,f8ead5ae-9e57-4015-8f3d-4f3f3605a340,"NHRC Acts On Complaint, Seeks Report From FSSAI On Rampant Reuse of Cooking Oil",swarajyamag.com,swarajyamag.com,2025-10-25,https://swarajyamag.com/news-brief/nhrc-acts-on-complaint-seeks-report-from-fssai-on-rampant-reuse-of-cooking-oil,815
1,irrelevant,151,5cd17d82-9960-42ca-b0d9-bb856310e60c,NHRC Seeks FSSAI Report on Reused Cooking Oil Health Risks,newkerala.com,newkerala.com,2025-10-25,https://www.newkerala.com/news/o/nhrc-seeks-report-fssai-widespread-reuse-cooking-oil-india-847,280
1,irrelevant,152,9b9079aa-ea7e-4c86-b805-a8301749d73f,"'Detergent, Urea, Refined Oil': Alleged Milk Adulteration Racket Busted In Mumbai's Andheri; Viral Video Reveals Shocking Details",freepressjournal.in,freepressjournal.in,2025-12-27,https://www.freepressjournal.in/mumbai/detergent-urea-refined-oil-alleged-milk-adulteration-racket-busted-in-mumbais-andheri-viral-video-reveals-shocking-details,478
1,irrelevant,153,29c9a3e7-2b10-4da8-baa8-27535ead0a56,"Illegal samosa making unit busted in Hyderabad’s Jiyaguda; stale eggs, used cooking oil seized",thehindu.com,thehindu.com,2026-03-21,https://www.thehindu.com/news/cities/Hyderabad/illegal-samosa-making-unit-busted-in-hyderabads-jiyaguda-stale-eggs-used-cooking-oil-seized/article70768563.ece,101
1,irrelevant,154,bc55fdb4-8785-41b9-8131-c4acc5689317,"1,000 kg onions destroyed, 480 kg cooking oil seized in Kukatpally",thehindu.com,thehindu.com,2026-04-23,https://www.thehindu.com/news/cities/Hyderabad/1000-kg-onions-destroyed-480-kg-cooking-oil-seized-in-kukatpally/article70894399.ece,146
1,irrelevant,155,71f1613e-3c18-41a6-96b2-6e8e4479ac8d,Food safety inspection flags unsafe cooking oil at KFC outlet in Kondapur,thehindu.com,thehindu.com,2026-05-04,https://www.thehindu.com/news/cities/Hyderabad/food-safety-inspection-flags-unsafe-cooking-oil-at-kfc-outlet-in-kondapur/article70940073.ece,137
1,irrelevant,156,54992c10-095c-446e-9a8a-28ee5344fb8a,Madhya Pradesh: Oil factory owner in Indore arrested for packing palm oil in branded soyabean oil packets,freepressjournal.in,freepressjournal.in,2021-01-09,https://www.freepressjournal.in/indore/madhya-pradesh-oil-factory-owner-in-indore-arrested-for-packing-palm-oil-in-branded-soyabean-oil-packets,163
1,irrelevant,157,7ec81f30-38cd-4b21-b7c7-277622777d8a,Bangladesh can export edible oil to India: Indian envoy,sentinelassam.com,sentinelassam.com,2021-02-24,https://www.sentinelassam.com/international/bangladesh-can-export-edible-oil-to-india-indian-envoy-525983,510
1,irrelevant,158,a11c8773-4474-4903-b281-f6598773601a,‘All it takes is a slick of edible oil to arrest water evaporation’ ,thehindubusinessline.com,thehindubusinessline.com,2021-03-23,https://www.thehindubusinessline.com/economy/agri-business/all-it-takes-is-a-slick-of-edible-oil-to-arrest-water-evaporation/article34141034.ece,348
1,irrelevant,159,3eac1594-3a8d-4107-a3d2-8a303dc115ee,Sri Lanka bans palm oil imports with immediate effect; asks plantations to uproot trees,newindianexpress.com,newindianexpress.com,2021-04-06,https://www.newindianexpress.com/world/2021/apr/06/sri-lanka-bans-palm-oil-imports-with-immediate-effect-asks-plantations-to-uproot-trees-2286572.html,551
1,irrelevant,160,2a02ccc4-057b-4ccf-9674-18d32b2e6d35,Assam: Amid Rising Cooking Oil Price Thief Arrested in Hojai for Stealing Mustard Oil,sentinelassam.com,sentinelassam.com,2021-11-01,https://www.sentinelassam.com/north-east-india-news/assam-news/assam-amid-rising-cooking-oil-price-thief-arrested-in-hojai-for-stealing-mustard-oil-561391,236
1,irrelevant,161,56c92f3f-fbe3-439e-aaf8-65be4495b4a9,Sebi Bans Launch Of New Derivative Contracts Of Crude Palm Oil,businessworld.in,businessworld.in,2021-12-21,https://www.businessworld.in/article/Sebi-Bans-Launch-Of-New-Derivative-Contracts-Of-Crude-Palm-Oil/21-12-2021-415389,682
1,irrelevant,162,06e7a2e9-56af-4c72-a81a-a2ddd939df39,India's series of interventions arrest domestic spike in palm oil prices,sentinelassam.com,sentinelassam.com,2021-12-26,https://www.sentinelassam.com/business/indias-series-of-interventions-arrest-domestic-spike-in-palm-oil-prices-569841,328
1,irrelevant,163,ede77471-f149-4832-916a-1bdb5e49283b,"Indonesia bans palm oil export, world to face jitters",dnaindia.com,dnaindia.com,2022-04-22,https://www.dnaindia.com/world/report-indonesia-bans-palm-oil-export-world-to-face-jitters-2947836,514
1,irrelevant,164,c7dd7e9f-01b8-4484-9e9e-c1149850ed73,Tough times ahead for Indian edible oil consumers as Indonesia bans export of edible oils,thehindubusinessline.com,thehindubusinessline.com,2022-04-22,https://www.thehindubusinessline.com/economy/agri-business/tough-times-ahead-for-indian-edible-oil-consumers-as-indonesia-bans-export-of-edible-oils/article65345290.ece,442
1,irrelevant,165,a3a5cad8-90d3-4ce9-b741-6797fb92003e,Indonesia Bans Palm Oil Exports As Global Food Inflation Spikes,businessworld.in,businessworld.in,2022-04-23,https://www.businessworld.in/article/Indonesia-Bans-Palm-Oil-Exports-As-Global-Food-Inflation-Spikes/23-04-2022-426300,682
1,irrelevant,166,25db222f-7110-492f-af68-32960b537f5f,Cooking oil prices may go up by Rs 3-5 per kg as Indonesia bans palm oil exports,newindianexpress.com,newindianexpress.com,2022-04-23,https://www.newindianexpress.com/business/2022/apr/23/cooking-oil-prices-may-go-up-by-rs-3-5-per-kg-as-indonesia-bans-palm-oil-exports-2445679.html,268
1,irrelevant,167,191f8015-af4c-4066-af9d-3b740d01467d,Podcast | Why Indonesia’s move to ban edible oil export is bad news for India,thehindubusinessline.com,thehindubusinessline.com,2022-04-23,https://www.thehindubusinessline.com/multimedia/audio/podcast-why-indonesias-move-to-ban-edible-oil-export-is-bad-news-for-india/article65347606.ece,94
1,irrelevant,168,cfc81e6b-1770-4953-8955-7808285747f7,Edible oil prices may hike in India as Indonesia bans export of palm oil,dnaindia.com,dnaindia.com,2022-04-24,https://www.dnaindia.com/india/report-edible-oil-prices-may-hike-in-india-as-indonesia-bans-export-of-palm-oil-2948066,494
1,irrelevant,169,7a0fdf76-fb41-4bac-8f1b-04452d92b078,Edible oil industry suggests government initiate dialogue with Indonesia over palm oil ban ,newindianexpress.com,newindianexpress.com,2022-04-25,https://www.newindianexpress.com/business/2022/apr/25/edible-oil-industry-suggests-government-initiate-dialogue-with-indonesia-over-palm-oil-ban-2446303.html,481
1,irrelevant,170,8113978a-9f8f-4aa5-8745-0ea0fa84b704,Palm oil price to spike in India as Indonesia’s export ban leaves global buyers in limbo,thehindu.com,thehindu.com,2022-04-25,https://www.thehindu.com/business/Economy/indonesia-export-ban-leaves-global-buyers-in-limbo/article65353014.ece,602
1,irrelevant,171,ff42f4c0-aadc-4d55-82da-b08c57112861,Explained | Why did Indonesia ban palm oil exports and how will it affect India?,thehindu.com,thehindu.com,2022-04-25,https://www.thehindu.com/news/international/indonesia-palm-oil-export-ban-and-india-impact/article65350522.ece,1317
1,irrelevant,172,fe0b3c73-4c0c-4644-a8fc-89ac8d6e0974,"Indonesia export ban will not include crude palm oil, says sources",thehindubusinessline.com,thehindubusinessline.com,2022-04-25,https://www.thehindubusinessline.com/economy/agri-business/indonesia-export-ban-will-not-include-crude-palm-oil-says-sources/article65353700.ece,471
1,irrelevant,173,2d0ee7df-e522-4b5a-9e92-1678d3bbfc3d,"No ban on crude palm oil export, says Indonesia ",thehindubusinessline.com,thehindubusinessline.com,2022-04-25,https://www.thehindubusinessline.com/economy/agri-business/no-ban-on-crude-palmoil-export-says-indonesia/article65354412.ece,720
1,irrelevant,174,0ab2bce3-3b4c-4490-9cad-dc9c7174abae,Palm oil soars on Indonesia ban in risk to global food inflation,thehindubusinessline.com,thehindubusinessline.com,2022-04-25,https://www.thehindubusinessline.com/economy/agri-business/palm-oil-soars-on-indonesia-ban-in-risk-to-global-food-inflation/article65352928.ece,285
1,irrelevant,175,219bf007-d6af-4716-afd2-06a9f47187e8,FMCG  firms worry as palm oil ban to hit margins ,newindianexpress.com,newindianexpress.com,2022-04-26,https://www.newindianexpress.com/business/2022/apr/26/fmcg-firms-worry-as-palm-oil-ban-to-hit-margins-2446593.html,298
1,irrelevant,176,ccaf9f01-e473-41c5-b1ef-a30ac2796653,Explained: Indonesia’s surprise palm oil export ban and its impact on consumers of India,oneindia.com,oneindia.com,2022-04-26,https://www.oneindia.com/india/explained-indonesia-s-surprise-palm-oil-export-ban-and-its-impact-on-consumers-of-india-3400727.html,493
1,irrelevant,177,154778eb-e929-4333-bc39-9fd45c34702a,"Oil’s Not Well With Palm And Sunflower As Indonesia’s Export Curbs Sets Off Alarm Bells Over Price Hikes, Inflation",swarajyamag.com,swarajyamag.com,2022-04-27,https://swarajyamag.com/news-brief/oils-not-well-with-palm-and-sunflower-as-indonesias-export-curbs-sets-off-alarm-bells-over-price-hikes-inflation,627
1,irrelevant,178,daee3bd3-876c-4aea-bf5e-a1f9a42d2fb7,Indonesian U-turn: Export ban will cover crude palm oil,thehindubusinessline.com,thehindubusinessline.com,2022-04-27,https://www.thehindubusinessline.com/economy/agri-business/indonesian-u-turn-export-ban-will-cover-crude-palm-oil/article65360776.ece,614
1,irrelevant,179,a59ceba1-e002-4769-90d9-638a15a3f4e3,"Indonesia ban on crude, RBD palm oil ‘temporary’",thehindubusinessline.com,thehindubusinessline.com,2022-04-28,https://www.thehindubusinessline.com/economy/agri-business/indonesia-ban-on-crude-rbd-palm-oil-temporary/article65363550.ece,442
1,irrelevant,180,09aeaa6d-d994-4bf6-b60e-116aabed8604,What forced Indonesia’s flip-flop on crude palm oil export ban,thehindubusinessline.com,thehindubusinessline.com,2022-04-28,https://www.thehindubusinessline.com/economy/agri-business/what-forced-indonesias-flip-flop-on-crude-palm-oil-export-ban/article65362703.ece,738
1,irrelevant,181,c2d3cff6-ea36-496a-87bd-63310214bc0a,India s Edible Oil Position Comfortable Amid Indonesian Ban Centre,businessworld.in,businessworld.in,2022-05-02,https://www.businessworld.in/article/India-s-Edible-Oil-Position-Comfortable-Amid-Indonesian-Ban-Centre-/02-05-2022-427268,682
1,irrelevant,182,ed4ec442-a22e-4242-ae88-6287ab223e03,"‘Indonesia may lift ban on crude, RBD palm oil export by month-end’",thehindubusinessline.com,thehindubusinessline.com,2022-05-11,https://www.thehindubusinessline.com/economy/agri-business/indonesia-may-lift-ban-on-crude-rbd-palm-oil-export-by-month-end/article65403325.ece,485
1,irrelevant,183,ce5f6391-fd75-4e5d-9a65-8aa180377337,Indonesian farmers protest against rising cost of palm oil export ban,thehindubusinessline.com,thehindubusinessline.com,2022-05-17,https://www.thehindubusinessline.com/economy/agri-business/indonesian-farmers-protest-against-rising-cost-of-palm-oil-export-ban/article65424063.ece,621
1,irrelevant,184,83c23655-a794-480b-bf29-614b53deb870,Indonesia To Lift Palm Oil Export Ban From Monday,businessworld.in,businessworld.in,2022-05-19,https://www.businessworld.in/article/Indonesia-To-Lift-Palm-Oil-Export-Ban-From-Monday-/19-05-2022-429479,682
1,irrelevant,185,7111cddd-30e5-487f-8009-a1b79a80e2cd,Indonesia to lift ban on palm oil exports from May 23,freepressjournal.in,freepressjournal.in,2022-05-19,https://www.freepressjournal.in/business/indonesia-to-lift-ban-on-palm-oil-exports-from-may-23,364
1,irrelevant,186,520ceb48-3f89-4096-9d66-ca4966cb96f6,Indonesia to lift ban on palm oil exports from 23rd May,newindianexpress.com,newindianexpress.com,2022-05-19,https://www.newindianexpress.com/world/2022/may/19/indonesia-to-lift-ban-on-palm-oil-exports-from-23rd-may-2455510.html,503
1,irrelevant,187,e0a6fcca-2c73-472b-a7cb-c80d94c040f3,"With storages overflowing, Indonesia to lift palm oil export ban from May 23",thehindubusinessline.com,thehindubusinessline.com,2022-05-19,https://www.thehindubusinessline.com/economy/agri-business/indonesia-to-lift-palm-oil-export-ban-from-may-23/article65430548.ece,584
1,irrelevant,188,d3b8b5ac-f9f9-4fa9-8fec-dd3d916516cf,Indonesia’s move to revoke palm oil export ban comes with a rider,thehindubusinessline.com,thehindubusinessline.com,2022-05-20,https://www.thehindubusinessline.com/economy/agri-business/indonesias-move-to-revoke-palm-oil-export-ban-comes-with-a-rider/article65439370.ece,745
1,irrelevant,189,13d7edb5-bb6a-4e78-be58-6f00ea9057f6,Palm oil price rallies as Indonesia dilly-dallies on revoking export ban ,thehindubusinessline.com,thehindubusinessline.com,2022-05-27,https://www.thehindubusinessline.com/economy/agri-business/palm-oil-price-rallies-as-indonesia-dilly-dallies-on-revoking-export-ban/article65466888.ece,651
1,irrelevant,190,a14510c3-db94-48bc-9ad5-445c4424dd73,Palm oil imports surge to seven-month high in May despite Indonesia's ban,thehindu.com,thehindu.com,2022-06-07,https://www.thehindu.com/business/Economy/indian-palm-oil-imports-surge-in-may-despite-indonesia-ban/article65502961.ece,297
1,irrelevant,191,1d1352d8-45e7-40b2-8231-fd61a3e8ef39,Ban on palm oil import through Kerala ports bleeds consumers       ,thehindu.com,thehindu.com,2022-06-07,https://www.thehindu.com/news/national/kerala/ban-on-palm-oil-import-through-kerala-ports-bleeds-consumers/article65504468.ece,389
1,irrelevant,192,6ec46318-b8da-469a-95b8-e112d0cbaf56,Sonkatch: Five arrested for Rs 60L edible oil theft,freepressjournal.in,freepressjournal.in,2022-07-21,https://www.freepressjournal.in/indore/sonkatch-five-arrested-for-rs-60l-edible-oil-theft,215
1,irrelevant,193,871ec9f6-ba94-4590-8211-6cd71bbbe65f,Pollachi MP seeks ban on import of coconut oil till copra rates increases,thehindu.com,thehindu.com,2022-12-12,https://www.thehindu.com/news/cities/Coimbatore/pollachi-mp-seeks-ban-on-import-of-coconut-oil-till-copra-rates-increases/article66254981.ece,209
1,irrelevant,194,01888b71-8f6c-4e8e-922e-9059e650b633,Fire at coconut oil mill under Kallamkunnu Service Co-operative Bank ,thehindu.com,thehindu.com,2023-01-01,https://www.thehindu.com/news/national/kerala/fire-at-coconut-oil-mill-under-kallamkunnu-service-co-operative-bank/article66327438.ece,172
1,irrelevant,195,7628e972-517c-4787-b895-b9fa877064d2,DGFT extends ban on palm oil imports through Kerala ports,thehindubusinessline.com,thehindubusinessline.com,2023-01-03,https://www.thehindubusinessline.com/markets/commodities/dgft-extends-ban-on-palm-oil-imports-through-kerala-ports/article66332719.ece,276
1,irrelevant,196,429added-526d-4b1f-9911-977e56e3b350,Trade bodies oppose extension of palm oil import ban through Kerala ports,thehindubusinessline.com,thehindubusinessline.com,2023-01-04,https://www.thehindubusinessline.com/economy/agri-business/trade-bodies-oppose-extending-palm-oil-import-ban-in-kerala-ports/article66337873.ece,331
1,irrelevant,197,be9316e3-e73f-4ebc-a570-2f36df9c188d,"Massive fire at edible oil godown in Howrah, 15 engines working to douse it ",newindianexpress.com,newindianexpress.com,2023-10-14,http://www.newindianexpress.com/nation/2023/oct/14/massive-fire-at-edible-oil-godown-in-howrah-15-engines-working-to-douse-it-2623891.html,100
1,irrelevant,198,854d5cc4-0251-4235-9c70-f2a0656f9c9a,"Ban import of palm oil, demand Tiruppur ryots",newindianexpress.com,newindianexpress.com,2024-03-18,https://www.newindianexpress.com/states/tamil-nadu/2024/Mar/18/ban-import-of-palm-oil-demand-tiruppur-ryots,165
1,irrelevant,199,013fa586-ec8e-4c0d-9ef9-0b55851867f2,Coconut farmers seek ban on palm oil import,newindianexpress.com,newindianexpress.com,2024-04-11,https://www.newindianexpress.com/states/tamil-nadu/2024/Apr/11/coconut-farmers-seek-ban-on-palm-oil-import,213
1,irrelevant,200,2eebf6f0-9646-4ff5-b49c-25efc447949e,Edible oil industry urges Centre not to extend export ban on de-oiled rice bran,thehindubusinessline.com,thehindubusinessline.com,2024-05-26,https://www.thehindubusinessline.com/economy/agri-business/edible-oil-industry-urges-centre-not-to-extend-export-ban-on-de-oiled-rice-bran/article68217583.ece,463
1,irrelevant,201,725eeea1-8eb5-4627-b55f-e7f2e6ffbfeb, - BW Businessworld,businessworld.in,businessworld.in,2024-05-29,https://businessworld.in/article/indonesia-bans-palm-oil-exports-as-global-food-inflation-spikes-426300,814
1,irrelevant,202,dccf6f20-73b4-4fba-a136-a38ca50d3960,Exporters body urges Centre to lift palm oil import ban via Kerala ports,thehindubusinessline.com,thehindubusinessline.com,2024-07-15,https://www.thehindubusinessline.com/economy/agri-business/exporters-body-urges-centre-to-lift-palm-oil-import-ban-via-kerala-ports/article68405694.ece,345
1,irrelevant,203,344cf1ce-154f-4e2d-a40b-cfb847f0c946,Kerala ports lose out as palm oil import ban completes 17 years,newindianexpress.com,newindianexpress.com,2024-07-30,https://www.newindianexpress.com/states/kerala/2024/Jul/30/kerala-ports-lose-out-as-palm-oil-import-ban-completes-17-years-4,601
1,irrelevant,204,fa7fcf33-6d5f-411f-a070-36c3da0038d7,Edible Oil Body SEA Urges Govt To Lift Ban On Commodity Futures Trading,ipanewspack.com,ipanewspack.com,2024-11-26,https://ipanewspack.com/edible-oil-body-sea-urges-govt-to-lift-ban-on-commodity-futures-trading/#utm_source=rss&utm_medium=rss&utm_campaign=edible-oil-body-sea-urges-govt-to-lift-ban-on-commodity-futures-trading,229
1,irrelevant,205,8cc3093c-4b4e-4632-a55b-3a0dabe45191,"Edible oil racket busted, 1 arrested in joint drive",thehansindia.com,thehansindia.com,2025-03-12,https://www.thehansindia.com/telangana/edible-oil-racket-busted-1-arrested-in-joint-drive-953178,184
1,irrelevant,206,fadda9d4-b75b-4374-98f6-fa0684bdf4f2,"Watch out for these stocks: Niva Bupa, Kotak Mahindra Bank, Ugro Capital, edible oil companies, IndiGo, Prestige Estates, IRB Infrastructure, IFB Agro, Thomas Cook, KRN Heat",thehindubusinessline.com,thehindubusinessline.com,2025-06-02,https://www.thehindubusinessline.com/markets/watch-out-for-these-stocks-niva-bupa-kotak-mahindra-bank-ugro-capital-edible-oil-companies-indigo-prestige-estates-irb-infrastructure-ifb-agro-thomas-cook-krn-heat/article69646192.ece,1044
1,irrelevant,207,8b243b55-7037-41df-88d7-ed6397eae7fb,Sales of chips hit in Kerala as Nendran banana turns cheap and coconut oil pricey,thehindubusinessline.com,thehindubusinessline.com,2025-08-04,https://www.thehindubusinessline.com/economy/agri-business/sales-of-chips-hit-in-kerala-as-nendran-banana-turns-cheap-and-coconut-oil-pricey/article69892573.ece,589
1,irrelevant,208,300d7bec-2797-4889-8e0b-de4a1b87f005,"10,000 Kg Rotten Dates And Adulterated Oil Seized: What Kanpur’s Festival Crackdown Reveals",thelogicalindian.com,thelogicalindian.com,2026-02-26,https://thelogicalindian.com/10000-kg-rotten-dates-and-adulterated-oil-seized-what-kanpurs-festival-crackdown-reveals/,48
1,irrelevant,209,d5e329e2-05b8-4e50-8b53-0abb3e2d1d40,Collection of reused cooking oil from eateries goes up three-fold in Madurai  ,newindianexpress.com,newindianexpress.com,2024-08-03,https://www.newindianexpress.com/states/tamil-nadu/2024/Aug/03/collection-of-reused-cooking-oil-from-eateries-goes-up-three-fold-in-madurai,332
1,irrelevant,210,e401903f-43b1-4b49-a085-e03de6014a4a,What actually happens when cooking oil is reused and why it matters - The Times of India,indiatimes.com,timesofindia.indiatimes.com,2025-10-24,https://timesofindia.indiatimes.com/life-style/food-news/what-actually-happens-when-cooking-oil-is-reused-and-why-it-matters/articleshow/124779839.cms,1063
