keyword_or_keyphrase,methods_found,method_count,method_agreement_score,total_frequency,document_frequency,tfidf_score_normalized,yake_score_normalized,frequency_score_normalized,document_frequency_score,composite_score,category,review_label,review_reason,example_article_number,example_article_title,example_url,example_context
ghee,phrase_frequency; tfidf; yake,3,1.0,139,11,1.0,0.090092,1.0,1.0,0.772523,ghee/product,keep_core,clear ghee product term found in sample text,1,"FSSAI seizes 6,500 litres of suspected adulterated ghee in India",https://thenewsmill.com/2026/06/fssai-seizes-over-6500-litres-of-suspected-adulterated-ghee-in-delhi-and-haryana-raids/,"...smantled an alleged inter-state network involved in the manufacture and distribution of suspected counterfeit ghee, seizing more than 6,500 litres of suspected adulterated products and related raw materials during coordinate..."
adulterated,phrase_frequency; tfidf; yake,3,1.0,54,10,0.470265,0.089841,0.388489,0.909091,0.48169,adulteration/fraud,keep_core,strong domain term for combining with ghee-product terms,1,"FSSAI seizes 6,500 litres of suspected adulterated ghee in India",https://thenewsmill.com/2026/06/fssai-seizes-over-6500-litres-of-suspected-adulterated-ghee-in-delhi-and-haryana-raids/,"...n the manufacture and distribution of suspected counterfeit ghee, seizing more than 6,500 litres of suspected adulterated products and related raw materials during coordinated operations in Delhi and Haryana. The enforcement action..."
adulterated ghee,phrase_frequency; tfidf; yake,3,1.0,40,10,0.350351,0.090116,0.28777,0.909091,0.424681,incident/action phrase,keep_core,combined ghee/adulteration/enforcement phrase,1,"FSSAI seizes 6,500 litres of suspected adulterated ghee in India",https://thenewsmill.com/2026/06/fssai-seizes-over-6500-litres-of-suspected-adulterated-ghee-in-delhi-and-haryana-raids/,"...ith local police authorities. Commenting on the operation, Mahla stated, “We have seized around 6500 litre of adulterated ghee. It was manufactured with vegetable and animal fat as per the lab report. It was a good operation with FSSAI..."
cow ghee,phrase_frequency; tfidf; yake,3,1.0,17,5,0.182108,0.09001,0.122302,0.454545,0.272767,ghee/product,keep_core,clear ghee product term found in sample text,1,"FSSAI seizes 6,500 litres of suspected adulterated ghee in India",https://thenewsmill.com/2026/06/fssai-seizes-over-6500-litres-of-suspected-adulterated-ghee-in-delhi-and-haryana-raids/,"...” The investigation was initiated after officials observed digital and print advertisements promoting premium cow ghee and regular ghee lacking mandatory FSSAI licence details and prescribed labelling information. Subsequently,..."
desi ghee,phrase_frequency; yake,2,0.666667,6,3,0.0,0.089658,0.043165,0.272727,0.136465,ghee/product,keep_core,clear ghee product term found in sample text,2,"Udaipur authorities seize 18,000 litres of suspected adulterated ghee, yellow food colour",https://www.telegraphindia.com/india/udaipur-authorities-seize-18000-litres-of-suspected-adulterated-ghee-yellow-food-colour/cid/2163223,"...d Food Products, where ghee was being manufactured and stored under multiple brands, including 'Udaipur Fresh Desi Ghee', 'Udaipur Fresh Cow Ghee', 'Madhya Desi Ghee' and 'Jayant Cow Ghee' PTI Published 30.05.26, 11:40 PM Represe..."
pure ghee,phrase_frequency,1,0.333333,5,3,0.0,0.0,0.035971,0.272727,0.079638,ghee/product,keep_core,clear ghee product term found in sample text,3,"2,000 kg Fake Ghee Worth Rs 14 Lakh Seized In Surat Factory Operating For 2 Years",https://www.ndtv.com/food/2-000-kg-fake-ghee-worth-rs-14-lakh-seized-in-surat-factory-operating-for-2-years-11367765,"...on.​ Investigators said the accused had set up a systematic adulteration process in which small quantities of pure ghee were mixed with palm oil, vegetable ghee and vegetable butter.​ Artificial essence was added to replicate the..."
loose ghee,phrase_frequency,1,0.333333,3,1,0.0,0.0,0.021583,0.090909,0.050207,ghee/product,keep_core,clear ghee product term found in sample text,8,"Jalna Factory Raided For Making Fake Ghee, Rs 13 Lakh Stock Seized",https://www.rediff.com/news/report/fda-seizes-adulterated-ghee-worth-rs-13-lakh-in-jalna/20260604.htm,"...to create ghee resembling genuine dairy products. - Eight food samples, including five branded ghee products, loose ghee, refined soybean oil, and essence, were collected for laboratory analysis. - The factory has been sealed, and..."
seized,phrase_frequency; tfidf,2,0.666667,38,10,0.329589,0.0,0.273381,0.909091,0.359394,enforcement/evidence,manual_review,domain term is plausible but weaker or too broad,1,"FSSAI seizes 6,500 litres of suspected adulterated ghee in India",https://thenewsmill.com/2026/06/fssai-seizes-over-6500-litres-of-suspected-adulterated-ghee-in-delhi-and-haryana-raids/,"...), FSSAI, in collaboration with local police authorities. Commenting on the operation, Mahla stated, “We have seized around 6500 litre of adulterated ghee. It was manufactured with vegetable and animal fat as per the lab repor..."
food safety,phrase_frequency; tfidf; yake,3,1.0,24,8,0.258882,0.090102,0.172662,0.727273,0.348125,enforcement/evidence,manual_review,domain term is plausible but weaker or too broad,1,"FSSAI seizes 6,500 litres of suspected adulterated ghee in India",https://thenewsmill.com/2026/06/fssai-seizes-over-6500-litres-of-suspected-adulterated-ghee-in-delhi-and-haryana-raids/,The Food Safety and Standards Authority of India (FSSAI) has dismantled an alleged inter-state network involved in the manufa...
fake,phrase_frequency; tfidf,2,0.666667,29,8,0.307945,0.0,0.208633,0.727273,0.314833,adulteration/fraud,manual_review,domain term is plausible but weaker or too broad,3,"2,000 kg Fake Ghee Worth Rs 14 Lakh Seized In Surat Factory Operating For 2 Years",https://www.ndtv.com/food/2-000-kg-fake-ghee-worth-rs-14-lakh-seized-in-surat-factory-operating-for-2-years-11367765,"...Google PlayDownload on the App Store facebooktwitterinstagramlinkedinyoutubewhatsappthreadssnapchat 2,000 kg Fake Ghee Worth Rs 14 Lakh Seized In Surat Factory Operating For 2 Years facebook;) twitter;) WhatsApp;) Settings..."
police said the adulterated,yake,1,0.333333,1,1,0.0,1.0,0.007194,0.090909,0.298049,adulteration/fraud,manual_review,domain term is plausible but weaker or too broad,3,"2,000 kg Fake Ghee Worth Rs 14 Lakh Seized In Surat Factory Operating For 2 Years",https://www.ndtv.com/food/2-000-kg-fake-ghee-worth-rs-14-lakh-seized-in-surat-factory-operating-for-2-years-11367765,"...ee and vegetable butter and sold as cow ghee. They had been operating this activity for the past two years.”​ Police said the adulterated products were packaged under names such as ‘Vidur Cow Ghee' and ‘Desi Ghee', in sizes ranging from small pouc..."
fake ghee,phrase_frequency; tfidf; yake,3,1.0,18,7,0.169835,0.090028,0.129496,0.636364,0.296828,incident/action phrase,manual_review,incident/action phrase needs human pruning,3,"2,000 kg Fake Ghee Worth Rs 14 Lakh Seized In Surat Factory Operating For 2 Years",https://www.ndtv.com/food/2-000-kg-fake-ghee-worth-rs-14-lakh-seized-in-surat-factory-operating-for-2-years-11367765,"...Google PlayDownload on the App Store facebooktwitterinstagramlinkedinyoutubewhatsappthreadssnapchat 2,000 kg Fake Ghee Worth Rs 14 Lakh Seized In Surat Factory Operating For 2 Years facebook;) twitter;) WhatsApp;) Settings Chang..."
raid,phrase_frequency; tfidf,2,0.666667,21,6,0.218772,0.0,0.151079,0.545455,0.247717,enforcement/evidence,manual_review,domain term is plausible but weaker or too broad,2,"Udaipur authorities seize 18,000 litres of suspected adulterated ghee, yellow food colour",https://www.telegraphindia.com/india/udaipur-authorities-seize-18000-litres-of-suspected-adulterated-ghee-yellow-food-colour/cid/2163223,"...nd 18,000 litres of suspected adulterated ghee (clarified butter) and yellow food colour were seized during a raid in Rajasthan’s Udaipur, officials said on Saturday. Acting on complaints related to food adulteration and pro..."
palm oil,phrase_frequency; tfidf,2,0.666667,13,7,0.180797,0.0,0.093525,0.636364,0.239429,adulterant/mixing,manual_review,possible ghee adulterant/mixing term; verify before using,3,"2,000 kg Fake Ghee Worth Rs 14 Lakh Seized In Surat Factory Operating For 2 Years",https://www.ndtv.com/food/2-000-kg-fake-ghee-worth-rs-14-lakh-seized-in-surat-factory-operating-for-2-years-11367765,"...ation was part of “Operation Shuddhi” targeting food adulteration in the city Adulterated ghee was mixed with palm oil, vegetable ghee, butter, artificial essence, and coloring How were the officials in Surat able to detect and..."
adulteration,phrase_frequency; tfidf,2,0.666667,16,7,0.131522,0.0,0.115108,0.636364,0.22542,adulteration/fraud,manual_review,domain term is plausible but weaker or too broad,1,"FSSAI seizes 6,500 litres of suspected adulterated ghee in India",https://thenewsmill.com/2026/06/fssai-seizes-over-6500-litres-of-suspected-adulterated-ghee-in-delhi-and-haryana-raids/,...identify other entities potentially linked to the network and reaffirmed its zero-tolerance position on food adulteration and misbranding. The agency has also advised consumers to be vigilant when purchasing food products by verify...
suspected adulterated ghee,phrase_frequency; tfidf; yake,3,1.0,7,3,0.107392,0.090019,0.05036,0.272727,0.208555,incident/action phrase,manual_review,incident/action phrase needs human pruning,1,"FSSAI seizes 6,500 litres of suspected adulterated ghee in India",https://thenewsmill.com/2026/06/fssai-seizes-over-6500-litres-of-suspected-adulterated-ghee-in-delhi-and-haryana-raids/,"...d oil suspected to be used as raw material for counterfeit ghee production, along with around 1,500 litres of suspected adulterated ghee. The stock was seized and placed under regulatory custody. In Haryana, at M/S Bala Ji Food Products in Sonipa..."
fda,phrase_frequency; tfidf,2,0.666667,10,2,0.25862,0.0,0.071942,0.181818,0.195248,enforcement/evidence,manual_review,domain term is plausible but weaker or too broad,6,"FDA J&K Seizes 1,092 kg Suspected Fake Verka Ghee",https://www.knskashmir.com/fda-jandk-seizes-1-092-kg-suspected-fake-verka-ghee-205042,"SRINAGAR, June 25 (KNS): The Jammu and Kashmir Food & Drugs Administration (FDA) has seized over 1,000 kg of suspected counterfeit 'Verka' ghee following raids across Jammu and Srinagar, of..."
fssai,phrase_frequency; tfidf,2,0.666667,12,3,0.212306,0.0,0.086331,0.272727,0.194832,enforcement/evidence,manual_review,domain term is plausible but weaker or too broad,1,"FSSAI seizes 6,500 litres of suspected adulterated ghee in India",https://thenewsmill.com/2026/06/fssai-seizes-over-6500-litres-of-suspected-adulterated-ghee-in-delhi-and-haryana-raids/,The Food Safety and Standards Authority of India (FSSAI) has dismantled an alleged inter-state network involved in the manufacture and distribution of suspected coun...
suspected adulterated,phrase_frequency; tfidf,2,0.666667,9,4,0.128945,0.0,0.064748,0.363636,0.176055,adulteration/fraud,manual_review,domain term is plausible but weaker or too broad,1,"FSSAI seizes 6,500 litres of suspected adulterated ghee in India",https://thenewsmill.com/2026/06/fssai-seizes-over-6500-litres-of-suspected-adulterated-ghee-in-delhi-and-haryana-raids/,"...involved in the manufacture and distribution of suspected counterfeit ghee, seizing more than 6,500 litres of suspected adulterated products and related raw materials during coordinated operations in Delhi and Haryana. The enforcement action..."
food adulteration,phrase_frequency; yake,2,0.666667,9,5,0.0,0.089752,0.064748,0.454545,0.166999,adulteration/fraud,manual_review,domain term is plausible but weaker or too broad,1,"FSSAI seizes 6,500 litres of suspected adulterated ghee in India",https://thenewsmill.com/2026/06/fssai-seizes-over-6500-litres-of-suspected-adulterated-ghee-in-delhi-and-haryana-raids/,...ue to identify other entities potentially linked to the network and reaffirmed its zero-tolerance position on food adulteration and misbranding. The agency has also advised consumers to be vigilant when purchasing food products by verify...
tamil nadu,phrase_frequency; tfidf,2,0.666667,4,2,0.177361,0.0,0.028777,0.181818,0.160332,location,manual_review,location term; useful only if we decide to add geography-specific queries,9,"CCB unearths interstate racket selling adulterated Nandini ghee; 8,136 litres seized",https://www.thehindu.com/news/national/karnataka/ccb-unearths-interstate-racket-selling-adulterated-nandini-ghee-8136-litres-seized/article70283406.ece,"...entral Crime Branch (CCB) has dismantled a large interstate network involved in producing adulterated ghee in Tamil Nadu, packing it in fake Nandini-branded sachets and bottles, and distributing it across Bengaluru. Four accused h..."
manufacturing adulterated ghee,tfidf; yake,2,0.666667,2,2,0.104139,0.089631,0.014388,0.181818,0.154954,incident/action phrase,manual_review,incident/action phrase needs human pruning,8,"Jalna Factory Raided For Making Fake Ghee, Rs 13 Lakh Stock Seized",https://www.rediff.com/news/report/fda-seizes-adulterated-ghee-worth-rs-13-lakh-in-jalna/20260604.htm,"...on Thursday. FDA Uncovers Adulteration Racket During the raid, an FDA team found that the unit was allegedly manufacturing adulterated ghee on a large scale by mixing edible oil and flavouring essence. The operation at the facility in Tirthpuri vill..."
food safety officers,phrase_frequency; yake,2,0.666667,3,3,0.0,0.089972,0.021583,0.272727,0.133306,enforcement/evidence,manual_review,domain term is plausible but weaker or too broad,1,"FSSAI seizes 6,500 litres of suspected adulterated ghee in India",https://thenewsmill.com/2026/06/fssai-seizes-over-6500-litres-of-suspected-adulterated-ghee-in-delhi-and-haryana-raids/,"...materials during coordinated operations in Delhi and Haryana. The enforcement action was conducted by Central Food Safety Officers (CFSOs) under the guidance of Devesh Kumar Mahla, IPS, Director of the Northern Regional Office (NRO), FSSAI,..."
food safety commissioner,phrase_frequency; yake,2,0.666667,3,2,0.0,0.090008,0.021583,0.181818,0.119679,enforcement/evidence,manual_review,domain term is plausible but weaker or too broad,2,"Udaipur authorities seize 18,000 litres of suspected adulterated ghee, yellow food colour",https://www.telegraphindia.com/india/udaipur-authorities-seize-18000-litres-of-suspected-adulterated-ghee-yellow-food-colour/cid/2163223,"...yellow food colour Udaipur authorities seize 18,000 litres of suspected adulterated ghee, yellow food colour Food Safety Commissioner Dr T Shubhamangala said the team inspected Shri Madhur Dairy Farm and Food Products, where ghee was being man..."
nandini ghee,tfidf,1,0.333333,2,2,0.114596,0.0,0.014388,0.181818,0.102873,ghee/product,manual_review,"ghee product term, but weakly represented in this sample",9,"CCB unearths interstate racket selling adulterated Nandini ghee; 8,136 litres seized",https://www.thehindu.com/news/national/karnataka/ccb-unearths-interstate-racket-selling-adulterated-nandini-ghee-8136-litres-seized/article70283406.ece,"...ed ghee worth ₹1.26 crore have been seized. According to officials, the accused exploited the high demand for Nandini ghee in Karnataka by preparing spurious ghee using coconut and palm oil in Tamil Nadu and supplying it to their Be..."
ghee racket,tfidf,1,0.333333,3,2,0.110021,0.0,0.021583,0.181818,0.102351,ghee/product,manual_review,"ghee product term, but weakly represented in this sample",7,"Fake ghee racket exposed in Surat:  Accused used syringes to turn 1kg ghee into 15kg toxic mix, sold it as branded product - Surat News",https://www.bhaskarenglish.in/local/gujarat/surat/news/surat-fake-ghee-racket-exposed-sabka-foods-vidur-ghee-137710503.html,- English News - Local - Gujarat - Surat - Surat Fake Ghee Racket Exposed | Sabka Foods Sells Toxic Mix As Vidur Ghee Fake ghee racket exposed in Surat:Accused used syringes t...
fake nandini ghee,tfidf,1,0.333333,1,1,0.097353,0.0,0.007194,0.090909,0.082123,incident/action phrase,manual_review,incident/action phrase needs human pruning,11,Interstate fake Nandini ghee racket busted in Bengaluru; 4 held with goods worth Rs 1.26 cr,https://www.deccanherald.com/india/karnataka/bengaluru/interstate-fake-nandini-ghee-racket-busted-in-bengaluru-4-held-with-goods-worth-rs-126-cr-3799557,Interstate fake Nandini ghee racket busted in Bengaluru; 4 held with goods worth Rs 1.26 cr A CCB Special Investigation Squad officer said...
fake nandini ghee racket,tfidf,1,0.333333,1,1,0.097353,0.0,0.007194,0.090909,0.082123,incident/action phrase,manual_review,incident/action phrase needs human pruning,11,Interstate fake Nandini ghee racket busted in Bengaluru; 4 held with goods worth Rs 1.26 cr,https://www.deccanherald.com/india/karnataka/bengaluru/interstate-fake-nandini-ghee-racket-busted-in-bengaluru-4-held-with-goods-worth-rs-126-cr-3799557,Interstate fake Nandini ghee racket busted in Bengaluru; 4 held with goods worth Rs 1.26 cr A CCB Special Investigation Squad officer said that t...
ghee racket busted,tfidf,1,0.333333,1,1,0.097353,0.0,0.007194,0.090909,0.082123,ghee/product,manual_review,"ghee product term, but weakly represented in this sample",11,Interstate fake Nandini ghee racket busted in Bengaluru; 4 held with goods worth Rs 1.26 cr,https://www.deccanherald.com/india/karnataka/bengaluru/interstate-fake-nandini-ghee-racket-busted-in-bengaluru-4-held-with-goods-worth-rs-126-cr-3799557,Interstate fake Nandini ghee racket busted in Bengaluru; 4 held with goods worth Rs 1.26 cr A CCB Special Investigation Squad officer said that the accu...
vanaspati,phrase_frequency,1,0.333333,4,3,0.0,0.0,0.028777,0.272727,0.078559,adulterant/mixing,manual_review,possible ghee adulterant/mixing term; verify before using,4,"Major crackdown on adulterated ghee and oil in Pokaran; over 14,000kg seized",https://timesofindia.indiatimes.com/city/jaipur/major-crackdown-on-adulterated-ghee-and-oil-in-pokaran-over-14000kg-seized/articleshow/131486941.cms,"...(FSS Act). Authorities seized approximately 10,260 kilograms of adulterated ghee, palm oil, soybean oil, and vanaspati from the site. Subsequently, a raid was conducted at the companyâs warehouse, where officials collected eight..."
adulterated ghee and oil,yake,1,0.333333,5,1,0.0,0.089669,0.035971,0.090909,0.074783,incident/action phrase,manual_review,incident/action phrase needs human pruning,4,"Major crackdown on adulterated ghee and oil in Pokaran; over 14,000kg seized",https://timesofindia.indiatimes.com/city/jaipur/major-crackdown-on-adulterated-ghee-and-oil-in-pokaran-over-14000kg-seized/articleshow/131486941.cms,"...tion under the Rajasthan Governmentâs âShuddh Aahar Milawat Par Vaarâ campaign, authorities raided an illegal adulterated ghee and oil manufacturing unit in Pokaran late Sunday night and seized more than 14,000 kilograms of adulterated ghee and..."
udaipur fresh cow ghee,yake,1,0.333333,2,1,0.0,0.090023,0.014388,0.090909,0.071634,ghee/product,manual_review,"ghee product term, but weakly represented in this sample",2,"Udaipur authorities seize 18,000 litres of suspected adulterated ghee, yellow food colour",https://www.telegraphindia.com/india/udaipur-authorities-seize-18000-litres-of-suspected-adulterated-ghee-yellow-food-colour/cid/2163223,"...ts, where ghee was being manufactured and stored under multiple brands, including 'Udaipur Fresh Desi Ghee', 'Udaipur Fresh Cow Ghee', 'Madhya Desi Ghee' and 'Jayant Cow Ghee' PTI Published 30.05.26, 11:40 PM Representational image Around 18,..."
udaipur fresh desi ghee,yake,1,0.333333,2,1,0.0,0.089985,0.014388,0.090909,0.071624,ghee/product,manual_review,"ghee product term, but weakly represented in this sample",2,"Udaipur authorities seize 18,000 litres of suspected adulterated ghee, yellow food colour",https://www.telegraphindia.com/india/udaipur-authorities-seize-18000-litres-of-suspected-adulterated-ghee-yellow-food-colour/cid/2163223,"...Dairy Farm and Food Products, where ghee was being manufactured and stored under multiple brands, including 'Udaipur Fresh Desi Ghee', 'Udaipur Fresh Cow Ghee', 'Madhya Desi Ghee' and 'Jayant Cow Ghee' PTI Published 30.05.26, 11:40 PM Represe..."
adulterated ghee operation,yake,1,0.333333,2,1,0.0,0.089864,0.014388,0.090909,0.071594,incident/action phrase,manual_review,incident/action phrase needs human pruning,3,"2,000 kg Fake Ghee Worth Rs 14 Lakh Seized In Surat Factory Operating For 2 Years",https://www.ndtv.com/food/2-000-kg-fake-ghee-worth-rs-14-lakh-seized-in-surat-factory-operating-for-2-years-11367765,"...e ghee, butter, artificial essence, and coloring How were the officials in Surat able to detect and seize the adulterated ghee operation in the Sachin GIDC area? Officials in Surat have seized 2,029 kilograms of adulterated ghee and arrested two..."
fake cow ghee,yake,1,0.333333,2,1,0.0,0.08984,0.014388,0.090909,0.071588,incident/action phrase,manual_review,incident/action phrase needs human pruning,10,400 kg fake cow ghee seized in Ahmedabad:  Illegal Nikol unit used vegetable fat & palm oil for production - Ahmedabad News,https://www.bhaskarenglish.in/local/gujarat/ahmedabad/news/illegal-nikol-unit-fake-cow-ghee-seized-ahmedabad-137768573.html,- English News - Local - Gujarat - Ahmedabad - Illegal Nikol Unit Used Vegetable Fat For Fake Cow Ghee | Ahmedabad 400 kg fake cow ghee seized in Ahmedabad:Illegal Nikol unit used vegetable fat & palm oil for pro...
fresh cow ghee,yake,1,0.333333,2,1,0.0,0.0897,0.014388,0.090909,0.071553,ghee/product,manual_review,"ghee product term, but weakly represented in this sample",2,"Udaipur authorities seize 18,000 litres of suspected adulterated ghee, yellow food colour",https://www.telegraphindia.com/india/udaipur-authorities-seize-18000-litres-of-suspected-adulterated-ghee-yellow-food-colour/cid/2163223,"...e ghee was being manufactured and stored under multiple brands, including 'Udaipur Fresh Desi Ghee', 'Udaipur Fresh Cow Ghee', 'Madhya Desi Ghee' and 'Jayant Cow Ghee' PTI Published 30.05.26, 11:40 PM Representational image Around 18,..."
vidur ghee fake ghee,yake,1,0.333333,1,1,0.0,0.090042,0.007194,0.090909,0.070559,incident/action phrase,manual_review,incident/action phrase needs human pruning,7,"Fake ghee racket exposed in Surat:  Accused used syringes to turn 1kg ghee into 15kg toxic mix, sold it as branded product - Surat News",https://www.bhaskarenglish.in/local/gujarat/surat/news/surat-fake-ghee-racket-exposed-sabka-foods-vidur-ghee-137710503.html,"- English News - Local - Gujarat - Surat - Surat Fake Ghee Racket Exposed | Sabka Foods Sells Toxic Mix As Vidur Ghee Fake ghee racket exposed in Surat:Accused used syringes to turn 1kg ghee into 15kg toxic mix, sold it as branded produc..."
fake cow ghee seized,yake,1,0.333333,1,1,0.0,0.089986,0.007194,0.090909,0.070545,incident/action phrase,manual_review,incident/action phrase needs human pruning,10,400 kg fake cow ghee seized in Ahmedabad:  Illegal Nikol unit used vegetable fat & palm oil for production - Ahmedabad News,https://www.bhaskarenglish.in/local/gujarat/ahmedabad/news/illegal-nikol-unit-fake-cow-ghee-seized-ahmedabad-137768573.html,...ws - Local - Gujarat - Ahmedabad - Illegal Nikol Unit Used Vegetable Fat For Fake Cow Ghee | Ahmedabad 400 kg fake cow ghee seized in Ahmedabad:Illegal Nikol unit used vegetable fat & palm oil for production - Copy link The Food Department...
ghee fake ghee racket,yake,1,0.333333,1,1,0.0,0.089974,0.007194,0.090909,0.070542,incident/action phrase,manual_review,incident/action phrase needs human pruning,7,"Fake ghee racket exposed in Surat:  Accused used syringes to turn 1kg ghee into 15kg toxic mix, sold it as branded product - Surat News",https://www.bhaskarenglish.in/local/gujarat/surat/news/surat-fake-ghee-racket-exposed-sabka-foods-vidur-ghee-137710503.html,"...nglish News - Local - Gujarat - Surat - Surat Fake Ghee Racket Exposed | Sabka Foods Sells Toxic Mix As Vidur Ghee Fake ghee racket exposed in Surat:Accused used syringes to turn 1kg ghee into 15kg toxic mix, sold it as branded product - Cop..."
world surat ghee adulteration,yake,1,0.333333,1,1,0.0,0.089908,0.007194,0.090909,0.070526,incident/action phrase,manual_review,incident/action phrase needs human pruning,3,"2,000 kg Fake Ghee Worth Rs 14 Lakh Seized In Surat Factory Operating For 2 Years",https://www.ndtv.com/food/2-000-kg-fake-ghee-worth-rs-14-lakh-seized-in-surat-factory-operating-for-2-years-11367765,"...you today Show full article Track Latest News Live on NDTV.com and get news updates from India and around the world Surat Ghee Adulteration, Food Adulteration Crackdown, Sabka Foods Raid Related News 5,600 Kg Of Fake Paneer, Dairy, Chemicals-Laced P..."
ghee fake ghee,yake,1,0.333333,1,1,0.0,0.089889,0.007194,0.090909,0.070521,incident/action phrase,manual_review,incident/action phrase needs human pruning,7,"Fake ghee racket exposed in Surat:  Accused used syringes to turn 1kg ghee into 15kg toxic mix, sold it as branded product - Surat News",https://www.bhaskarenglish.in/local/gujarat/surat/news/surat-fake-ghee-racket-exposed-sabka-foods-vidur-ghee-137710503.html,"...nglish News - Local - Gujarat - Surat - Surat Fake Ghee Racket Exposed | Sabka Foods Sells Toxic Mix As Vidur Ghee Fake ghee racket exposed in Surat:Accused used syringes to turn 1kg ghee into 15kg toxic mix, sold it as branded produc..."
seized suspected adulterated ghee,yake,1,0.333333,1,1,0.0,0.089875,0.007194,0.090909,0.070518,incident/action phrase,manual_review,incident/action phrase needs human pruning,8,"Jalna Factory Raided For Making Fake Ghee, Rs 13 Lakh Stock Seized",https://www.rediff.com/news/report/fda-seizes-adulterated-ghee-worth-rs-13-lakh-in-jalna/20260604.htm,"...d Standards Act will be initiated after test reports are received. The Food and Drug Administration (FDA) has seized suspected adulterated ghee worth over Rs 13 lakh after raiding a factory in Jalna district of central Maharashtra, officials said on Thu..."
india food safety,yake,1,0.333333,1,1,0.0,0.089847,0.007194,0.090909,0.070511,incident/action phrase,manual_review,incident/action phrase needs human pruning,5,"Hyderabad fake ghee raid: How 3,000 kg of cow & buffalo cream were mixed with cheap substances and supplied to public",https://economictimes.indiatimes.com/news/new-updates/hyderabad-fake-ghee-raid-how-3000-kg-of-cow-buffalo-cream-were-mixed-with-cheap-substances-and-supplied-to-public/articleshow/129141501.cms?from=mdr,"...by the Masabtank Police, with assistance from the Task Force teams. Growing Concern Over Food Adulteration in India Food safety experts say incidents like this point to the growing challenge of dairy adulteration in urban markets.Adulter..."
surat fake ghee racket,yake,1,0.333333,1,1,0.0,0.089821,0.007194,0.090909,0.070504,incident/action phrase,manual_review,incident/action phrase needs human pruning,7,"Fake ghee racket exposed in Surat:  Accused used syringes to turn 1kg ghee into 15kg toxic mix, sold it as branded product - Surat News",https://www.bhaskarenglish.in/local/gujarat/surat/news/surat-fake-ghee-racket-exposed-sabka-foods-vidur-ghee-137710503.html,- English News - Local - Gujarat - Surat - Surat Fake Ghee Racket Exposed | Sabka Foods Sells Toxic Mix As Vidur Ghee Fake ghee racket exposed in Surat:Accused used syringes t...
adulterated dairy products seized,yake,1,0.333333,1,1,0.0,0.089736,0.007194,0.090909,0.070483,incident/action phrase,manual_review,incident/action phrase needs human pruning,5,"Hyderabad fake ghee raid: How 3,000 kg of cow & buffalo cream were mixed with cheap substances and supplied to public",https://economictimes.indiatimes.com/news/new-updates/hyderabad-fake-ghee-raid-how-3000-kg-of-cow-buffalo-cream-were-mixed-with-cheap-substances-and-supplied-to-public/articleshow/129141501.cms?from=mdr,"...ar-old businessman residing in Bhola Nagar, who was allegedly running the illegal operation. Over 3,000 Kg of Adulterated Dairy Products Seized During the raid, officials recovered a massive quantity of adulterated dairy products from the premises. Item..."
jaipur-based food safety officers,yake,1,0.333333,1,1,0.0,0.089733,0.007194,0.090909,0.070482,incident/action phrase,manual_review,incident/action phrase needs human pruning,4,"Major crackdown on adulterated ghee and oil in Pokaran; over 14,000kg seized",https://timesofindia.indiatimes.com/city/jaipur/major-crackdown-on-adulterated-ghee-and-oil-in-pokaran-over-14000kg-seized/articleshow/131486941.cms,"...large-scale food adulteration that poses a serious threat to public health. The operation was carried out by Jaipur-based Food Safety Officers Vinod Sharma, Devendra Singh, Lokesh Sharma, and Jagdish Prasad, along with Jaisalmer Food Safety Officer Kis..."
india food safety experts,yake,1,0.333333,1,1,0.0,0.089728,0.007194,0.090909,0.070481,incident/action phrase,manual_review,incident/action phrase needs human pruning,5,"Hyderabad fake ghee raid: How 3,000 kg of cow & buffalo cream were mixed with cheap substances and supplied to public",https://economictimes.indiatimes.com/news/new-updates/hyderabad-fake-ghee-raid-how-3000-kg-of-cow-buffalo-cream-were-mixed-with-cheap-substances-and-supplied-to-public/articleshow/129141501.cms?from=mdr,"...by the Masabtank Police, with assistance from the Task Force teams. Growing Concern Over Food Adulteration in India Food safety experts say incidents like this point to the growing challenge of dairy adulteration in urban markets.Adulterated pro..."
adulterated ghee manufacturing unit,yake,1,0.333333,1,1,0.0,0.089679,0.007194,0.090909,0.070469,incident/action phrase,manual_review,incident/action phrase needs human pruning,8,"Jalna Factory Raided For Making Fake Ghee, Rs 13 Lakh Stock Seized",https://www.rediff.com/news/report/fda-seizes-adulterated-ghee-worth-rs-13-lakh-in-jalna/20260604.htm,"The Food and Drug Administration (FDA) has cracked down on an adulterated ghee manufacturing unit in Jalna, Maharashtra, seizing over Rs 13 lakh worth of fake products and initiating legal proceedings to ens..."
surat fake ghee,yake,1,0.333333,1,1,0.0,0.089682,0.007194,0.090909,0.070469,incident/action phrase,manual_review,incident/action phrase needs human pruning,7,"Fake ghee racket exposed in Surat:  Accused used syringes to turn 1kg ghee into 15kg toxic mix, sold it as branded product - Surat News",https://www.bhaskarenglish.in/local/gujarat/surat/news/surat-fake-ghee-racket-exposed-sabka-foods-vidur-ghee-137710503.html,- English News - Local - Gujarat - Surat - Surat Fake Ghee Racket Exposed | Sabka Foods Sells Toxic Mix As Vidur Ghee Fake ghee racket exposed in Surat:Accused used syr...
police recovered adulterated ghee,yake,1,0.333333,1,1,0.0,0.089592,0.007194,0.090909,0.070447,incident/action phrase,manual_review,incident/action phrase needs human pruning,3,"2,000 kg Fake Ghee Worth Rs 14 Lakh Seized In Surat Factory Operating For 2 Years",https://www.ndtv.com/food/2-000-kg-fake-ghee-worth-rs-14-lakh-seized-in-surat-factory-operating-for-2-years-11367765,"...nder the name ‘Sabka Foods' in the Sachin GIDC area, as well as at a godown in Talangpor of Choryasi taluka.​ Police recovered adulterated ghee worth Rs 14,19,960 and machinery, raw materials and other items worth Rs 21,61,570, taking the total value of..."
vegetable ghee,phrase_frequency,1,0.333333,5,2,0.0,0.0,0.035971,0.181818,0.066002,ghee/product,manual_review,"ghee product term, but weakly represented in this sample",3,"2,000 kg Fake Ghee Worth Rs 14 Lakh Seized In Surat Factory Operating For 2 Years",https://www.ndtv.com/food/2-000-kg-fake-ghee-worth-rs-14-lakh-seized-in-surat-factory-operating-for-2-years-11367765,"...part of “Operation Shuddhi” targeting food adulteration in the city Adulterated ghee was mixed with palm oil, vegetable ghee, butter, artificial essence, and coloring How were the officials in Surat able to detect and seize the adulte..."
real ghee,phrase_frequency,1,0.333333,4,2,0.0,0.0,0.028777,0.181818,0.064923,ghee/product,manual_review,"ghee product term, but weakly represented in this sample",3,"2,000 kg Fake Ghee Worth Rs 14 Lakh Seized In Surat Factory Operating For 2 Years",https://www.ndtv.com/food/2-000-kg-fake-ghee-worth-rs-14-lakh-seized-in-surat-factory-operating-for-2-years-11367765,"...ower-cost variants were made largely from oils, while higher-priced versions contained only a small amount of real ghee.​ The products were sold at wholesale prices of Rs 600 to Rs 650 per kilogram and later retailed for up to Rs..."
mpcg rajasthan,phrase_frequency,1,0.333333,3,1,0.0,0.0,0.021583,0.090909,0.050207,location,manual_review,location term; useful only if we decide to add geography-specific queries,3,"2,000 kg Fake Ghee Worth Rs 14 Lakh Seized In Surat Factory Operating For 2 Years",https://www.ndtv.com/food/2-000-kg-fake-ghee-worth-rs-14-lakh-seized-in-surat-factory-operating-for-2-years-11367765,...Settings Change Font Size A A Focus on Story - [x] Edition Search here choose your destination Hindi Marathi MPCG Rajasthan News Updates Live TV India [](https://www.ndtv.com/spotlight?pfrom=home-ndtvnavwap) Beeps Latest Video Podcas...
ghee in the nikol,yake,1,0.333333,1,1,0.0,0.0,0.007194,0.090909,0.048049,ghee/product,manual_review,"ghee product term, but weakly represented in this sample",10,400 kg fake cow ghee seized in Ahmedabad:  Illegal Nikol unit used vegetable fat & palm oil for production - Ahmedabad News,https://www.bhaskarenglish.in/local/gujarat/ahmedabad/news/illegal-nikol-unit-fake-cow-ghee-seized-ahmedabad-137768573.html,"...epartment of the Ahmedabad Municipal Corporation (AMC) has busted an illegal unit manufacturing duplicate cow ghee in the Nikol area. Around 400 kg of adulterated ghee, made using vegetable fat and palm oil, was seized. Action has been i..."
ghee mixed,phrase_frequency,1,0.333333,1,1,0.0,0.0,0.007194,0.090909,0.048049,ghee/product,manual_review,"ghee product term, but weakly represented in this sample",7,"Fake ghee racket exposed in Surat:  Accused used syringes to turn 1kg ghee into 15kg toxic mix, sold it as branded product - Surat News",https://www.bhaskarenglish.in/local/gujarat/surat/news/surat-fake-ghee-racket-exposed-sabka-foods-vidur-ghee-137710503.html,"...Foods', so that no one would suspect. However, under the cover of this license, they were selling adulterated ghee mixed with chemicals in the name of pure ghee. Fake ghee was made according to traders' orders The production of fa..."
india india,phrase_frequency,1,0.333333,1,1,0.0,0.0,0.007194,0.090909,0.048049,location,manual_review,location term; useful only if we decide to add geography-specific queries,3,"2,000 kg Fake Ghee Worth Rs 14 Lakh Seized In Surat Factory Operating For 2 Years",https://www.ndtv.com/food/2-000-kg-fake-ghee-worth-rs-14-lakh-seized-in-surat-factory-operating-for-2-years-11367765,...tvmarathi) [](https://mpcg.ndtv.in/livetv-ndtvmpcg) [](https://rajasthan.ndtv.in/livetv-ndtvrajasthan) Latest India India All India News India Global Diaspora South Latest [](https://www.ndtv.com/india-news/adani-vizhinjam-port-get...
samples of the ghee,yake,1,0.333333,1,1,0.0,0.0,0.007194,0.090909,0.048049,ghee/product,manual_review,"ghee product term, but weakly represented in this sample",10,400 kg fake cow ghee seized in Ahmedabad:  Illegal Nikol unit used vegetable fat & palm oil for production - Ahmedabad News,https://www.bhaskarenglish.in/local/gujarat/ahmedabad/news/illegal-nikol-unit-fake-cow-ghee-seized-ahmedabad-137768573.html,...gram and 100 ml jars) of duplicate ghee worth Rs 1.60 lakh from the spot. The Food Department team has taken samples of the ghee and sent them to the laboratory for testing. 400 kilos of ghee and equipment including 500 kilos of empty jar...
undo undo,phrase_frequency; tfidf; yake,3,1.0,13,1,0.330416,0.090114,0.093525,0.090909,0.265839,other_candidate,drop,outside ghee/adulteration domain,2,"Udaipur authorities seize 18,000 litres of suspected adulterated ghee, yellow food colour",https://www.telegraphindia.com/india/udaipur-authorities-seize-18000-litres-of-suspected-adulterated-ghee-yellow-food-colour/cid/2163223,...Theoretically’ Ayodhya accused hit legal wall as Bar refuses defence in Ram temple donation case READ MORE;) Undo Undo Undo Undo Undo Undo Undo Undo Undo Undo News OpinionStatesNationWorldEntertainmentBusinessSportsScience & Tec...
food,yake,1,0.333333,68,9,0.0,0.090028,0.489209,0.818182,0.251949,other_candidate,drop,outside ghee/adulteration domain,1,"FSSAI seizes 6,500 litres of suspected adulterated ghee in India",https://thenewsmill.com/2026/06/fssai-seizes-over-6500-litres-of-suspected-adulterated-ghee-in-delhi-and-haryana-raids/,The Food Safety and Standards Authority of India (FSSAI) has dismantled an alleged inter-state network involved in the...
samples,phrase_frequency; tfidf,2,0.666667,17,7,0.199808,0.0,0.122302,0.636364,0.250399,other_candidate,drop,low score or outside ghee/adulteration scope,1,"FSSAI seizes 6,500 litres of suspected adulterated ghee in India",https://thenewsmill.com/2026/06/fssai-seizes-over-6500-litres-of-suspected-adulterated-ghee-in-delhi-and-haryana-raids/,"...lling information. Subsequently, officials conducted a decoy operation posing as consumers to procure product samples, which were immediately sent to an FSSAI-recognised NABL-accredited laboratory for detailed analysis. Laborat..."
undo undo undo undo,phrase_frequency; tfidf; yake,3,1.0,6,1,0.277549,0.090163,0.043165,0.090909,0.239794,other_candidate,drop,outside ghee/adulteration domain,2,"Udaipur authorities seize 18,000 litres of suspected adulterated ghee, yellow food colour",https://www.telegraphindia.com/india/udaipur-authorities-seize-18000-litres-of-suspected-adulterated-ghee-yellow-food-colour/cid/2163223,...Theoretically’ Ayodhya accused hit legal wall as Bar refuses defence in Ram temple donation case READ MORE;) Undo Undo Undo Undo Undo Undo Undo Undo Undo Undo News OpinionStatesNationWorldEntertainmentBusinessSportsScience & TechHealth Mo...
laboratory,phrase_frequency; tfidf,2,0.666667,14,7,0.175746,0.0,0.100719,0.636364,0.23874,other_candidate,drop,low score or outside ghee/adulteration scope,1,"FSSAI seizes 6,500 litres of suspected adulterated ghee in India",https://thenewsmill.com/2026/06/fssai-seizes-over-6500-litres-of-suspected-adulterated-ghee-in-delhi-and-haryana-raids/,"...g as consumers to procure product samples, which were immediately sent to an FSSAI-recognised NABL-accredited laboratory for detailed analysis. Laboratory findings revealed that the samples did not comply with the standards for gh..."
food products,phrase_frequency; tfidf; yake,3,1.0,7,5,0.104407,0.089747,0.05036,0.454545,0.234715,other_candidate,drop,outside ghee/adulteration domain,1,"FSSAI seizes 6,500 litres of suspected adulterated ghee in India",https://thenewsmill.com/2026/06/fssai-seizes-over-6500-litres-of-suspected-adulterated-ghee-in-delhi-and-haryana-raids/,"...pected adulterated ghee. The stock was seized and placed under regulatory custody. In Haryana, at M/S Bala Ji Food Products in Sonipat, officials seized more than 4,000 litres of suspected adulterated ghee packaged for market distrib..."
sachin gidc,phrase_frequency; tfidf; yake,3,1.0,10,2,0.101884,0.089624,0.071942,0.181818,0.19613,other_candidate,drop,outside ghee/adulteration domain,3,"2,000 kg Fake Ghee Worth Rs 14 Lakh Seized In Surat Factory Operating For 2 Years",https://www.ndtv.com/food/2-000-kg-fake-ghee-worth-rs-14-lakh-seized-in-surat-factory-operating-for-2-years-11367765,"...ave seized 2,029 kilograms of adulterated ghee and arrested two men after raiding a manufacturing unit in the Sachin GIDC area as part of a targeted crackdown on food adulteration. Indo Asian Service News Food News Apr 17, 2026 16:..."
undo undo undo,phrase_frequency; tfidf,2,0.666667,8,1,0.303982,0.0,0.057554,0.090909,0.19533,other_candidate,drop,outside ghee/adulteration domain,2,"Udaipur authorities seize 18,000 litres of suspected adulterated ghee, yellow food colour",https://www.telegraphindia.com/india/udaipur-authorities-seize-18000-litres-of-suspected-adulterated-ghee-yellow-food-colour/cid/2163223,...Theoretically’ Ayodhya accused hit legal wall as Bar refuses defence in Ram temple donation case READ MORE;) Undo Undo Undo Undo Undo Undo Undo Undo Undo Undo News OpinionStatesNationWorldEntertainmentBusinessSportsScience & TechHeal...
safety,yake,1,0.333333,25,8,0.0,0.089602,0.179856,0.727273,0.191803,other_candidate,drop,outside ghee/adulteration domain,1,"FSSAI seizes 6,500 litres of suspected adulterated ghee in India",https://thenewsmill.com/2026/06/fssai-seizes-over-6500-litres-of-suspected-adulterated-ghee-in-delhi-and-haryana-raids/,The Food Safety and Standards Authority of India (FSSAI) has dismantled an alleged inter-state network involved in the manufa...
ghee worth,phrase_frequency; yake,2,0.666667,8,5,0.0,0.089655,0.057554,0.454545,0.165895,ghee/product,drop,"context fragment around ghee, not a reusable discovery keyword",3,"2,000 kg Fake Ghee Worth Rs 14 Lakh Seized In Surat Factory Operating For 2 Years",https://www.ndtv.com/food/2-000-kg-fake-ghee-worth-rs-14-lakh-seized-in-surat-factory-operating-for-2-years-11367765,"...le PlayDownload on the App Store facebooktwitterinstagramlinkedinyoutubewhatsappthreadssnapchat 2,000 kg Fake Ghee Worth Rs 14 Lakh Seized In Surat Factory Operating For 2 Years facebook;) twitter;) WhatsApp;) Settings Change Font..."
dairy products,phrase_frequency; tfidf,2,0.666667,8,3,0.13564,0.0,0.057554,0.272727,0.163683,other_candidate,drop,outside ghee/adulteration domain,2,"Udaipur authorities seize 18,000 litres of suspected adulterated ghee, yellow food colour",https://www.telegraphindia.com/india/udaipur-authorities-seize-18000-litres-of-suspected-adulterated-ghee-yellow-food-colour/cid/2163223,"...drive, another private company was also inspected, where a stock of over 42,000 kg of ghee, butter and other dairy products of various brands was found. Detailed investigation into the stock is underway, officials added. PTI AG NB NB..."
standards act,phrase_frequency; tfidf,2,0.666667,6,4,0.097414,0.0,0.043165,0.363636,0.161782,other_candidate,drop,outside ghee/adulteration domain,2,"Udaipur authorities seize 18,000 litres of suspected adulterated ghee, yellow food colour",https://www.telegraphindia.com/india/udaipur-authorities-seize-18000-litres-of-suspected-adulterated-ghee-yellow-food-colour/cid/2163223,"...es have been collected and sent to the state food laboratory for scientific testing under the Food Safety and Standards Act, 2006. Keeping public health concerns in view, the authorities seized about 18,000 litres of ghee on the spot..."
soybean oil,phrase_frequency; tfidf,2,0.666667,7,2,0.142158,0.0,0.05036,0.181818,0.151249,other_candidate,drop,non-ghee food context without ghee/adulterant signal,4,"Major crackdown on adulterated ghee and oil in Pokaran; over 14,000kg seized",https://timesofindia.indiatimes.com/city/jaipur/major-crackdown-on-adulterated-ghee-and-oil-in-pokaran-over-14000kg-seized/articleshow/131486941.cms,"...and Standards Act (FSS Act). Authorities seized approximately 10,260 kilograms of adulterated ghee, palm oil, soybean oil, and vanaspati from the site. Subsequently, a raid was conducted at the companyâs warehouse, where officials..."
food safety and standards,yake,1,0.333333,9,6,0.0,0.09004,0.064748,0.545455,0.147374,enforcement/evidence,drop,weak domain term below threshold,1,"FSSAI seizes 6,500 litres of suspected adulterated ghee in India",https://thenewsmill.com/2026/06/fssai-seizes-over-6500-litres-of-suspected-adulterated-ghee-in-delhi-and-haryana-raids/,The Food Safety and Standards Authority of India (FSSAI) has dismantled an alleged inter-state network involved in the manufacture and dist...
laboratory analysis,phrase_frequency; tfidf,2,0.666667,4,2,0.117212,0.0,0.028777,0.181818,0.13928,other_candidate,drop,low score or outside ghee/adulteration scope,6,"FDA J&K Seizes 1,092 kg Suspected Fake Verka Ghee",https://www.knskashmir.com/fda-jandk-seizes-1-092-kg-suspected-fake-verka-ghee-205042,"...was taken into custody under the Food Safety and Standards Act, 2006. Enforcement samples have been sent for laboratory analysis, and relevant records have been secured for further investigation, officials added. Authorities are inves..."
worth rs,tfidf,1,0.333333,7,3,0.134012,0.0,0.05036,0.272727,0.128701,other_candidate,drop,outside ghee/adulteration domain,3,"2,000 kg Fake Ghee Worth Rs 14 Lakh Seized In Surat Factory Operating For 2 Years",https://www.ndtv.com/food/2-000-kg-fake-ghee-worth-rs-14-lakh-seized-in-surat-factory-operating-for-2-years-11367765,"...ayDownload on the App Store facebooktwitterinstagramlinkedinyoutubewhatsappthreadssnapchat 2,000 kg Fake Ghee Worth Rs 14 Lakh Seized In Surat Factory Operating For 2 Years facebook;) twitter;) WhatsApp;) Settings Change Font Si..."
refined soybean,phrase_frequency; tfidf,2,0.666667,5,1,0.122403,0.0,0.035971,0.090909,0.12854,other_candidate,drop,outside ghee/adulteration domain,8,"Jalna Factory Raided For Making Fake Ghee, Rs 13 Lakh Stock Seized",https://www.rediff.com/news/report/fda-seizes-adulterated-ghee-worth-rs-13-lakh-in-jalna/20260604.htm,"...The factory was allegedly producing fake ghee on a large scale by mixing edible oil and flavouring essence. - Refined soybean oil and synthetic essence were used to create ghee resembling genuine dairy products. - Eight food samples, i..."
refined soybean oil,phrase_frequency; tfidf,2,0.666667,5,1,0.122403,0.0,0.035971,0.090909,0.12854,other_candidate,drop,non-ghee food context without ghee/adulterant signal,8,"Jalna Factory Raided For Making Fake Ghee, Rs 13 Lakh Stock Seized",https://www.rediff.com/news/report/fda-seizes-adulterated-ghee-worth-rs-13-lakh-in-jalna/20260604.htm,"...The factory was allegedly producing fake ghee on a large scale by mixing edible oil and flavouring essence. - Refined soybean oil and synthetic essence were used to create ghee resembling genuine dairy products. - Eight food samples, inclu..."
fake ghee worth,phrase_frequency; yake,2,0.666667,4,2,0.0,0.089885,0.028777,0.181818,0.120727,incident/action phrase,drop,"context fragment around ghee, not a reusable discovery keyword",3,"2,000 kg Fake Ghee Worth Rs 14 Lakh Seized In Surat Factory Operating For 2 Years",https://www.ndtv.com/food/2-000-kg-fake-ghee-worth-rs-14-lakh-seized-in-surat-factory-operating-for-2-years-11367765,"...Google PlayDownload on the App Store facebooktwitterinstagramlinkedinyoutubewhatsappthreadssnapchat 2,000 kg Fake Ghee Worth Rs 14 Lakh Seized In Surat Factory Operating For 2 Years facebook;) twitter;) WhatsApp;) Settings Change Font..."
safety and standards act,yake,1,0.333333,6,4,0.0,0.089642,0.043165,0.363636,0.116764,other_candidate,drop,outside ghee/adulteration domain,2,"Udaipur authorities seize 18,000 litres of suspected adulterated ghee, yellow food colour",https://www.telegraphindia.com/india/udaipur-authorities-seize-18000-litres-of-suspected-adulterated-ghee-yellow-food-colour/cid/2163223,"...said. Samples have been collected and sent to the state food laboratory for scientific testing under the Food Safety and Standards Act, 2006. Keeping public health concerns in view, the authorities seized about 18,000 litres of ghee on the spot..."
ccb special,tfidf,1,0.333333,3,2,0.145979,0.0,0.021583,0.181818,0.114936,other_candidate,drop,outside ghee/adulteration domain,9,"CCB unearths interstate racket selling adulterated Nandini ghee; 8,136 litres seized",https://www.thehindu.com/news/national/karnataka/ccb-unearths-interstate-racket-selling-adulterated-nandini-ghee-8136-litres-seized/article70283406.ece,"...il outlets, and Nandini parlours across the city at full market price. Acting on intelligence gathered by the CCB Special Investigation Squad and the KMF Vigilance Wing, a joint team conducted raids on Friday at the godowns, shops,..."
ccb special investigation,tfidf,1,0.333333,3,2,0.145979,0.0,0.021583,0.181818,0.114936,other_candidate,drop,outside ghee/adulteration domain,9,"CCB unearths interstate racket selling adulterated Nandini ghee; 8,136 litres seized",https://www.thehindu.com/news/national/karnataka/ccb-unearths-interstate-racket-selling-adulterated-nandini-ghee-8136-litres-seized/article70283406.ece,"...il outlets, and Nandini parlours across the city at full market price. Acting on intelligence gathered by the CCB Special Investigation Squad and the KMF Vigilance Wing, a joint team conducted raids on Friday at the godowns, shops, and vehicles..."
special investigation,tfidf,1,0.333333,3,2,0.145979,0.0,0.021583,0.181818,0.114936,other_candidate,drop,outside ghee/adulteration domain,9,"CCB unearths interstate racket selling adulterated Nandini ghee; 8,136 litres seized",https://www.thehindu.com/news/national/karnataka/ccb-unearths-interstate-racket-selling-adulterated-nandini-ghee-8136-litres-seized/article70283406.ece,"...utlets, and Nandini parlours across the city at full market price. Acting on intelligence gathered by the CCB Special Investigation Squad and the KMF Vigilance Wing, a joint team conducted raids on Friday at the godowns, shops, and vehicles..."
raided,phrase_frequency,1,0.333333,7,5,0.0,0.0,0.05036,0.454545,0.109069,enforcement/evidence,drop,weak domain term below threshold,1,"FSSAI seizes 6,500 litres of suspected adulterated ghee in India",https://thenewsmill.com/2026/06/fssai-seizes-over-6500-litres-of-suspected-adulterated-ghee-in-delhi-and-haryana-raids/,"...rried out enforcement operations on January 17 at several locations in Delhi and Haryana. In Delhi, officials raided a facility at Village Dhulsiras in Dwarka linked to Parit Ram, recovering approximately 1,020 litres of unide..."
fake nandini,tfidf,1,0.333333,3,2,0.114596,0.0,0.021583,0.181818,0.103952,adulteration/fraud,drop,weak domain term below threshold,9,"CCB unearths interstate racket selling adulterated Nandini ghee; 8,136 litres seized",https://www.thehindu.com/news/national/karnataka/ccb-unearths-interstate-racket-selling-adulterated-nandini-ghee-8136-litres-seized/article70283406.ece,"...has dismantled a large interstate network involved in producing adulterated ghee in Tamil Nadu, packing it in fake Nandini-branded sachets and bottles, and distributing it across Bengaluru. Four accused have been arrested, and 8,136..."
ccb special investigation squad,tfidf,1,0.333333,2,2,0.114596,0.0,0.014388,0.181818,0.102873,other_candidate,drop,outside ghee/adulteration domain,9,"CCB unearths interstate racket selling adulterated Nandini ghee; 8,136 litres seized",https://www.thehindu.com/news/national/karnataka/ccb-unearths-interstate-racket-selling-adulterated-nandini-ghee-8136-litres-seized/article70283406.ece,"...il outlets, and Nandini parlours across the city at full market price. Acting on intelligence gathered by the CCB Special Investigation Squad and the KMF Vigilance Wing, a joint team conducted raids on Friday at the godowns, shops, and vehicles of Kri..."
investigation squad,tfidf,1,0.333333,2,2,0.114596,0.0,0.014388,0.181818,0.102873,other_candidate,drop,outside ghee/adulteration domain,9,"CCB unearths interstate racket selling adulterated Nandini ghee; 8,136 litres seized",https://www.thehindu.com/news/national/karnataka/ccb-unearths-interstate-racket-selling-adulterated-nandini-ghee-8136-litres-seized/article70283406.ece,"...and Nandini parlours across the city at full market price. Acting on intelligence gathered by the CCB Special Investigation Squad and the KMF Vigilance Wing, a joint team conducted raids on Friday at the godowns, shops, and vehicles of Kri..."
special investigation squad,tfidf,1,0.333333,2,2,0.114596,0.0,0.014388,0.181818,0.102873,other_candidate,drop,outside ghee/adulteration domain,9,"CCB unearths interstate racket selling adulterated Nandini ghee; 8,136 litres seized",https://www.thehindu.com/news/national/karnataka/ccb-unearths-interstate-racket-selling-adulterated-nandini-ghee-8136-litres-seized/article70283406.ece,"...utlets, and Nandini parlours across the city at full market price. Acting on intelligence gathered by the CCB Special Investigation Squad and the KMF Vigilance Wing, a joint team conducted raids on Friday at the godowns, shops, and vehicles of Kri..."
using coconut,tfidf,1,0.333333,2,2,0.114596,0.0,0.014388,0.181818,0.102873,other_candidate,drop,outside ghee/adulteration domain,9,"CCB unearths interstate racket selling adulterated Nandini ghee; 8,136 litres seized",https://www.thehindu.com/news/national/karnataka/ccb-unearths-interstate-racket-selling-adulterated-nandini-ghee-8136-litres-seized/article70283406.ece,"...to officials, the accused exploited the high demand for Nandini ghee in Karnataka by preparing spurious ghee using coconut and palm oil in Tamil Nadu and supplying it to their Bengaluru counterparts, who held official KMF licences...."
adulterated ghee worth,yake,1,0.333333,3,3,0.0,0.089881,0.021583,0.272727,0.09995,incident/action phrase,drop,"context fragment around ghee, not a reusable discovery keyword",3,"2,000 kg Fake Ghee Worth Rs 14 Lakh Seized In Surat Factory Operating For 2 Years",https://www.ndtv.com/food/2-000-kg-fake-ghee-worth-rs-14-lakh-seized-in-surat-factory-operating-for-2-years-11367765,"...bka Foods' in the Sachin GIDC area, as well as at a godown in Talangpor of Choryasi taluka.​ Police recovered adulterated ghee worth Rs 14,19,960 and machinery, raw materials and other items worth Rs 21,61,570, taking the total value of seize..."
manufacturing adulterated,tfidf,1,0.333333,2,2,0.104139,0.0,0.014388,0.181818,0.099213,adulteration/fraud,drop,weak domain term below threshold,8,"Jalna Factory Raided For Making Fake Ghee, Rs 13 Lakh Stock Seized",https://www.rediff.com/news/report/fda-seizes-adulterated-ghee-worth-rs-13-lakh-in-jalna/20260604.htm,"...on Thursday. FDA Uncovers Adulteration Racket During the raid, an FDA team found that the unit was allegedly manufacturing adulterated ghee on a large scale by mixing edible oil and flavouring essence. The operation at the facility in Tirthpuri..."
adulterated products,phrase_frequency,1,0.333333,5,4,0.0,0.0,0.035971,0.363636,0.093274,adulteration/fraud,drop,weak domain term below threshold,1,"FSSAI seizes 6,500 litres of suspected adulterated ghee in India",https://thenewsmill.com/2026/06/fssai-seizes-over-6500-litres-of-suspected-adulterated-ghee-in-delhi-and-haryana-raids/,"...n the manufacture and distribution of suspected counterfeit ghee, seizing more than 6,500 litres of suspected adulterated products and related raw materials during coordinated operations in Delhi and Haryana. The enforcement action was cond..."
manufacturing unit,phrase_frequency,1,0.333333,5,4,0.0,0.0,0.035971,0.363636,0.093274,other_candidate,drop,outside ghee/adulteration domain,3,"2,000 kg Fake Ghee Worth Rs 14 Lakh Seized In Surat Factory Operating For 2 Years",https://www.ndtv.com/food/2-000-kg-fake-ghee-worth-rs-14-lakh-seized-in-surat-factory-operating-for-2-years-11367765,"...Years Officials in Surat have seized 2,029 kilograms of adulterated ghee and arrested two men after raiding a manufacturing unit in the Sachin GIDC area as part of a targeted crackdown on food adulteration. Indo Asian Service News Food Ne..."
raids,phrase_frequency,1,0.333333,4,4,0.0,0.0,0.028777,0.363636,0.092195,enforcement/evidence,drop,weak domain term below threshold,3,"2,000 kg Fake Ghee Worth Rs 14 Lakh Seized In Surat Factory Operating For 2 Years",https://www.ndtv.com/food/2-000-kg-fake-ghee-worth-rs-14-lakh-seized-in-surat-factory-operating-for-2-years-11367765,"...aste Busted In Hyderabad During Festivals 150 Tonnes Of Expired Food, Adulterated Paneer Seized In Major Food Raids Across Two States Trending News 'We'll Cut Off Hands That...': Pak's Unprovoked Threat Over Indus Waters Fans..."
goods worth rs,tfidf,1,0.333333,1,1,0.097353,0.0,0.007194,0.090909,0.082123,other_candidate,drop,outside ghee/adulteration domain,11,Interstate fake Nandini ghee racket busted in Bengaluru; 4 held with goods worth Rs 1.26 cr,https://www.deccanherald.com/india/karnataka/bengaluru/interstate-fake-nandini-ghee-racket-busted-in-bengaluru-4-held-with-goods-worth-rs-126-cr-3799557,Interstate fake Nandini ghee racket busted in Bengaluru; 4 held with goods worth Rs 1.26 cr A CCB Special Investigation Squad officer said that the accused were manufacturing adulterated ghee i...
desi,phrase_frequency,1,0.333333,6,3,0.0,0.0,0.043165,0.272727,0.080717,other_candidate,drop,low score or outside ghee/adulteration scope,2,"Udaipur authorities seize 18,000 litres of suspected adulterated ghee, yellow food colour",https://www.telegraphindia.com/india/udaipur-authorities-seize-18000-litres-of-suspected-adulterated-ghee-yellow-food-colour/cid/2163223,"...d Food Products, where ghee was being manufactured and stored under multiple brands, including 'Udaipur Fresh Desi Ghee', 'Udaipur Fresh Cow Ghee', 'Madhya Desi Ghee' and 'Jayant Cow Ghee' PTI Published 30.05.26, 11:40 PM Re..."
labels,phrase_frequency,1,0.333333,3,3,0.0,0.0,0.021583,0.272727,0.07748,other_candidate,drop,low score or outside ghee/adulteration scope,2,"Udaipur authorities seize 18,000 litres of suspected adulterated ghee, yellow food colour",https://www.telegraphindia.com/india/udaipur-authorities-seize-18000-litres-of-suspected-adulterated-ghee-yellow-food-colour/cid/2163223,"...said they found large quantities of ghee stored in tanks and containers, besides several tins without proper labels or mandatory product details, in violation of food safety regulations. 00:00 Video 5 Video 6 Video 7 00:00 Ad..."
large quantities,phrase_frequency,1,0.333333,3,3,0.0,0.0,0.021583,0.272727,0.07748,other_candidate,drop,outside ghee/adulteration domain,2,"Udaipur authorities seize 18,000 litres of suspected adulterated ghee, yellow food colour",https://www.telegraphindia.com/india/udaipur-authorities-seize-18000-litres-of-suspected-adulterated-ghee-yellow-food-colour/cid/2163223,"...Desi Ghee”, “Udaipur Fresh Cow Ghee”, “Madhya Desi Ghee” and “Jayant Cow Ghee”. The officials said they found large quantities of ghee stored in tanks and containers, besides several tins without proper labels or mandatory product detai..."
network involved,phrase_frequency,1,0.333333,3,3,0.0,0.0,0.021583,0.272727,0.07748,other_candidate,drop,outside ghee/adulteration domain,1,"FSSAI seizes 6,500 litres of suspected adulterated ghee in India",https://thenewsmill.com/2026/06/fssai-seizes-over-6500-litres-of-suspected-adulterated-ghee-in-delhi-and-haryana-raids/,"The Food Safety and Standards Authority of India (FSSAI) has dismantled an alleged inter-state network involved in the manufacture and distribution of suspected counterfeit ghee, seizing more than 6,500 litres of suspecte..."
public health,phrase_frequency,1,0.333333,3,3,0.0,0.0,0.021583,0.272727,0.07748,other_candidate,drop,outside ghee/adulteration domain,2,"Udaipur authorities seize 18,000 litres of suspected adulterated ghee, yellow food colour",https://www.telegraphindia.com/india/udaipur-authorities-seize-18000-litres-of-suspected-adulterated-ghee-yellow-food-colour/cid/2163223,"...nt to the state food laboratory for scientific testing under the Food Safety and Standards Act, 2006. Keeping public health concerns in view, the authorities seized about 18,000 litres of ghee on the spot and banned its sale and dist..."
raw materials,phrase_frequency,1,0.333333,3,3,0.0,0.0,0.021583,0.272727,0.07748,other_candidate,drop,outside ghee/adulteration domain,1,"FSSAI seizes 6,500 litres of suspected adulterated ghee in India",https://thenewsmill.com/2026/06/fssai-seizes-over-6500-litres-of-suspected-adulterated-ghee-in-delhi-and-haryana-raids/,"...n of suspected counterfeit ghee, seizing more than 6,500 litres of suspected adulterated products and related raw materials during coordinated operations in Delhi and Haryana. The enforcement action was conducted by Central Food Safe..."
safety officers,phrase_frequency,1,0.333333,3,3,0.0,0.0,0.021583,0.272727,0.07748,other_candidate,drop,outside ghee/adulteration domain,1,"FSSAI seizes 6,500 litres of suspected adulterated ghee in India",https://thenewsmill.com/2026/06/fssai-seizes-over-6500-litres-of-suspected-adulterated-ghee-in-delhi-and-haryana-raids/,"...ials during coordinated operations in Delhi and Haryana. The enforcement action was conducted by Central Food Safety Officers (CFSOs) under the guidance of Devesh Kumar Mahla, IPS, Director of the Northern Regional Office (NRO), FSSAI,..."
ghee as per fssai,yake,1,0.333333,1,1,0.0,0.111616,0.007194,0.090909,0.075953,incident/action phrase,drop,"context fragment around ghee, not a reusable discovery keyword",7,"Fake ghee racket exposed in Surat:  Accused used syringes to turn 1kg ghee into 15kg toxic mix, sold it as branded product - Surat News",https://www.bhaskarenglish.in/local/gujarat/surat/news/surat-fake-ghee-racket-exposed-sabka-foods-vidur-ghee-137710503.html,...sed in court and they will not be able to escape the clutches of the law. Two methods to verify the purity of ghee as per FSSAI Case registered under BNS Police have registered a case against accused Bharat Polara and Amin Vadhvaniya und...
adulterated dairy products,yake,1,0.333333,3,1,0.0,0.089655,0.021583,0.090909,0.072621,adulteration/fraud,drop,weak domain term below threshold,5,"Hyderabad fake ghee raid: How 3,000 kg of cow & buffalo cream were mixed with cheap substances and supplied to public",https://economictimes.indiatimes.com/news/new-updates/hyderabad-fake-ghee-raid-how-3000-kg-of-cow-buffalo-cream-were-mixed-with-cheap-substances-and-supplied-to-public/articleshow/129141501.cms?from=mdr,"...ar-old businessman residing in Bhola Nagar, who was allegedly running the illegal operation. Over 3,000 Kg of Adulterated Dairy Products Seized During the raid, officials recovered a massive quantity of adulterated dairy products from the premise..."
ghee under the food,yake,1,0.333333,1,1,0.0,0.098213,0.007194,0.090909,0.072602,ghee/product,drop,"context fragment around ghee, not a reusable discovery keyword",1,"FSSAI seizes 6,500 litres of suspected adulterated ghee in India",https://thenewsmill.com/2026/06/fssai-seizes-over-6500-litres-of-suspected-adulterated-ghee-in-delhi-and-haryana-raids/,...ry for detailed analysis. Laboratory findings revealed that the samples did not comply with the standards for ghee under the Food Safety and Standards Regulations and contained a mixture of vegetable oils and other non-dairy constituents....
tech food sports health,yake,1,0.333333,2,1,0.0,0.089968,0.014388,0.090909,0.07162,other_candidate,drop,outside ghee/adulteration domain,3,"2,000 kg Fake Ghee Worth Rs 14 Lakh Seized In Surat Factory Operating For 2 Years",https://www.ndtv.com/food/2-000-kg-fake-ghee-worth-rs-14-lakh-seized-in-surat-factory-operating-for-2-years-11367765,...vies Cricket Cities Notifications Opinion Featured Web Stories Trends Feature Offbeat Science South Education Tech Food Sports Health TV Schedule Toolbox Facebook Twitter Instagram LinkedIn YouTube Trending Links Iran War FIFA World Cup 2026 G...
education tech food sports,yake,1,0.333333,2,1,0.0,0.089946,0.014388,0.090909,0.071615,other_candidate,drop,outside ghee/adulteration domain,3,"2,000 kg Fake Ghee Worth Rs 14 Lakh Seized In Surat Factory Operating For 2 Years",https://www.ndtv.com/food/2-000-kg-fake-ghee-worth-rs-14-lakh-seized-in-surat-factory-operating-for-2-years-11367765,...Profit Movies Cricket Cities Notifications Opinion Featured Web Stories Trends Feature Offbeat Science South Education Tech Food Sports Health TV Schedule Toolbox Facebook Twitter Instagram LinkedIn YouTube Trending Links Iran War FIFA World Cup...
south education tech food,yake,1,0.333333,2,1,0.0,0.08994,0.014388,0.090909,0.071613,other_candidate,drop,outside ghee/adulteration domain,3,"2,000 kg Fake Ghee Worth Rs 14 Lakh Seized In Surat Factory Operating For 2 Years",https://www.ndtv.com/food/2-000-kg-fake-ghee-worth-rs-14-lakh-seized-in-surat-factory-operating-for-2-years-11367765,...pdates Profit Movies Cricket Cities Notifications Opinion Featured Web Stories Trends Feature Offbeat Science South Education Tech Food Sports Health TV Schedule Toolbox Facebook Twitter Instagram LinkedIn YouTube Trending Links Iran War FIFA Wo...
food sports health,yake,1,0.333333,2,1,0.0,0.08968,0.014388,0.090909,0.071548,other_candidate,drop,outside ghee/adulteration domain,3,"2,000 kg Fake Ghee Worth Rs 14 Lakh Seized In Surat Factory Operating For 2 Years",https://www.ndtv.com/food/2-000-kg-fake-ghee-worth-rs-14-lakh-seized-in-surat-factory-operating-for-2-years-11367765,...Cricket Cities Notifications Opinion Featured Web Stories Trends Feature Offbeat Science South Education Tech Food Sports Health TV Schedule Toolbox Facebook Twitter Instagram LinkedIn YouTube Trending Links Iran War FIFA World Cup 2026 G...
education tech food,yake,1,0.333333,2,1,0.0,0.08963,0.014388,0.090909,0.071535,other_candidate,drop,outside ghee/adulteration domain,3,"2,000 kg Fake Ghee Worth Rs 14 Lakh Seized In Surat Factory Operating For 2 Years",https://www.ndtv.com/food/2-000-kg-fake-ghee-worth-rs-14-lakh-seized-in-surat-factory-operating-for-2-years-11367765,...Profit Movies Cricket Cities Notifications Opinion Featured Web Stories Trends Feature Offbeat Science South Education Tech Food Sports Health TV Schedule Toolbox Facebook Twitter Instagram LinkedIn YouTube Trending Links Iran War FIFA Wo...
food colour food safety,yake,1,0.333333,1,1,0.0,0.090037,0.007194,0.090909,0.070558,enforcement/evidence,drop,weak domain term below threshold,2,"Udaipur authorities seize 18,000 litres of suspected adulterated ghee, yellow food colour",https://www.telegraphindia.com/india/udaipur-authorities-seize-18000-litres-of-suspected-adulterated-ghee-yellow-food-colour/cid/2163223,"...erated ghee, yellow food colour Udaipur authorities seize 18,000 litres of suspected adulterated ghee, yellow food colour Food Safety Commissioner Dr T Shubhamangala said the team inspected Shri Madhur Dairy Farm and Food Products, where ghee..."
reading undo undo undo,yake,1,0.333333,1,1,0.0,0.089982,0.007194,0.090909,0.070544,other_candidate,drop,outside ghee/adulteration domain,2,"Udaipur authorities seize 18,000 litres of suspected adulterated ghee, yellow food colour",https://www.telegraphindia.com/india/udaipur-authorities-seize-18000-litres-of-suspected-adulterated-ghee-yellow-food-colour/cid/2163223,...Under 18 Company AboutContact UsTerms of UsePrivacy Policy Download the latest Telegraph app Websites Keep on reading Undo Undo Undo Undo Undo Undo Undo Undo Undo Undo Undo Undo Undo Undo Undo Undo Undo SponsoredSponsored Promoted LinksPromot...
undo undo undo sponsoredsponsored,yake,1,0.333333,1,1,0.0,0.089982,0.007194,0.090909,0.070544,other_candidate,drop,outside ghee/adulteration domain,2,"Udaipur authorities seize 18,000 litres of suspected adulterated ghee, yellow food colour",https://www.telegraphindia.com/india/udaipur-authorities-seize-18000-litres-of-suspected-adulterated-ghee-yellow-food-colour/cid/2163223,...Telegraph app Websites Keep on reading Undo Undo Undo Undo Undo Undo Undo Undo Undo Undo Undo Undo Undo Undo Undo Undo Undo SponsoredSponsored Promoted LinksPromoted Links
fda food safety teams,yake,1,0.333333,1,1,0.0,0.089931,0.007194,0.090909,0.070532,enforcement/evidence,drop,non-ghee food context without ghee/adulterant signal,6,"FDA J&K Seizes 1,092 kg Suspected Fake Verka Ghee",https://www.knskashmir.com/fda-jandk-seizes-1-092-kg-suspected-fake-verka-ghee-205042,"...said on Thursday. An official told news agency Kashmir News Service (KNS), acting on a specific complaint, FDA food safety teams conducted inspections at multiple locations and seized 91 cases of the product – 55 from Jammu and 36 from Sr..."
jaisalmer food safety officer,yake,1,0.333333,1,1,0.0,0.089885,0.007194,0.090909,0.07052,enforcement/evidence,drop,weak domain term below threshold,4,"Major crackdown on adulterated ghee and oil in Pokaran; over 14,000kg seized",https://timesofindia.indiatimes.com/city/jaipur/major-crackdown-on-adulterated-ghee-and-oil-in-pokaran-over-14000kg-seized/articleshow/131486941.cms,"...Jaipur-based Food Safety Officers Vinod Sharma, Devendra Singh, Lokesh Sharma, and Jagdish Prasad, along with Jaisalmer Food Safety Officer Kishanaram Kadwasara. According to Kadwasara, all ghee and oil samples have been sent to the Jaipur laborator..."
food tech education health,yake,1,0.333333,1,1,0.0,0.089828,0.007194,0.090909,0.070506,other_candidate,drop,outside ghee/adulteration domain,3,"2,000 kg Fake Ghee Worth Rs 14 Lakh Seized In Surat Factory Operating For 2 Years",https://www.ndtv.com/food/2-000-kg-fake-ghee-worth-rs-14-lakh-seized-in-surat-factory-operating-for-2-years-11367765,"...rivacy Policy Terms & Conditions Partner Content Archives NDTV Group Sites News Hindi Business Movies Cricket Food Tech Education Health Lifestyle MPCG Rajasthan Marathi This website follows the DNPA Code of Ethics Edition Search for News, Photos..."
food education lifestyle health,yake,1,0.333333,1,1,0.0,0.089816,0.007194,0.090909,0.070503,other_candidate,drop,outside ghee/adulteration domain,3,"2,000 kg Fake Ghee Worth Rs 14 Lakh Seized In Surat Factory Operating For 2 Years",https://www.ndtv.com/food/2-000-kg-fake-ghee-worth-rs-14-lakh-seized-in-surat-factory-operating-for-2-years-11367765,...eathericon&utmmedium=desktop&utmcampaign=weatherpage)34° C Our Network NDTV हिन्दी World Profit Sports Movies Food Education Lifestyle Health Tech Games Shopping Rajasthan MPCG Marathi Get App for Better Experience Get it on Google PlayDownload on the...
central food safety officers,yake,1,0.333333,1,1,0.0,0.089754,0.007194,0.090909,0.070487,enforcement/evidence,drop,weak domain term below threshold,1,"FSSAI seizes 6,500 litres of suspected adulterated ghee in India",https://thenewsmill.com/2026/06/fssai-seizes-over-6500-litres-of-suspected-adulterated-ghee-in-delhi-and-haryana-raids/,"...ted raw materials during coordinated operations in Delhi and Haryana. The enforcement action was conducted by Central Food Safety Officers (CFSOs) under the guidance of Devesh Kumar Mahla, IPS, Director of the Northern Regional Office (NRO), FSSAI,..."
colour food safety commissioner,yake,1,0.333333,1,1,0.0,0.089737,0.007194,0.090909,0.070483,enforcement/evidence,drop,weak domain term below threshold,2,"Udaipur authorities seize 18,000 litres of suspected adulterated ghee, yellow food colour",https://www.telegraphindia.com/india/udaipur-authorities-seize-18000-litres-of-suspected-adulterated-ghee-yellow-food-colour/cid/2163223,"...d ghee, yellow food colour Udaipur authorities seize 18,000 litres of suspected adulterated ghee, yellow food colour Food Safety Commissioner Dr T Shubhamangala said the team inspected Shri Madhur Dairy Farm and Food Products, where ghee was being man..."
food safety officer kishanaram,yake,1,0.333333,1,1,0.0,0.089733,0.007194,0.090909,0.070482,enforcement/evidence,drop,weak domain term below threshold,4,"Major crackdown on adulterated ghee and oil in Pokaran; over 14,000kg seized",https://timesofindia.indiatimes.com/city/jaipur/major-crackdown-on-adulterated-ghee-and-oil-in-pokaran-over-14000kg-seized/articleshow/131486941.cms,"...ed Food Safety Officers Vinod Sharma, Devendra Singh, Lokesh Sharma, and Jagdish Prasad, along with Jaisalmer Food Safety Officer Kishanaram Kadwasara. According to Kadwasara, all ghee and oil samples have been sent to the Jaipur laboratory for analy..."
food safety officers vinod,yake,1,0.333333,1,1,0.0,0.089733,0.007194,0.090909,0.070482,enforcement/evidence,drop,weak domain term below threshold,4,"Major crackdown on adulterated ghee and oil in Pokaran; over 14,000kg seized",https://timesofindia.indiatimes.com/city/jaipur/major-crackdown-on-adulterated-ghee-and-oil-in-pokaran-over-14000kg-seized/articleshow/131486941.cms,"...food adulteration that poses a serious threat to public health. The operation was carried out by Jaipur-based Food Safety Officers Vinod Sharma, Devendra Singh, Lokesh Sharma, and Jagdish Prasad, along with Jaisalmer Food Safety Officer Kishanara..."
senior food safety officers,yake,1,0.333333,1,1,0.0,0.089707,0.007194,0.090909,0.070476,enforcement/evidence,drop,weak domain term below threshold,7,"Fake ghee racket exposed in Surat:  Accused used syringes to turn 1kg ghee into 15kg toxic mix, sold it as branded product - Surat News",https://www.bhaskarenglish.in/local/gujarat/surat/news/surat-fake-ghee-racket-exposed-sabka-foods-vidur-ghee-137710503.html,"...gation to trace the 'white collar' traders involved in this scam. Samples sent to laboratory During the raid, Senior Food Safety Officers Tushar Nagar and Chetankumar Parmar from the city Food and Drugs Department were called to the spot to confir..."
fda food safety,yake,1,0.333333,1,1,0.0,0.089706,0.007194,0.090909,0.070475,enforcement/evidence,drop,weak domain term below threshold,6,"FDA J&K Seizes 1,092 kg Suspected Fake Verka Ghee",https://www.knskashmir.com/fda-jandk-seizes-1-092-kg-suspected-fake-verka-ghee-205042,"...said on Thursday. An official told news agency Kashmir News Service (KNS), acting on a specific complaint, FDA food safety teams conducted inspections at multiple locations and seized 91 cases of the product – 55 from Jammu and 36 f..."
food safety officers tushar,yake,1,0.333333,1,1,0.0,0.089706,0.007194,0.090909,0.070475,enforcement/evidence,drop,weak domain term below threshold,7,"Fake ghee racket exposed in Surat:  Accused used syringes to turn 1kg ghee into 15kg toxic mix, sold it as branded product - Surat News",https://www.bhaskarenglish.in/local/gujarat/surat/news/surat-fake-ghee-racket-exposed-sabka-foods-vidur-ghee-137710503.html,"...to trace the 'white collar' traders involved in this scam. Samples sent to laboratory During the raid, Senior Food Safety Officers Tushar Nagar and Chetankumar Parmar from the city Food and Drugs Department were called to the spot to confirm wheth..."
cricket food tech education,yake,1,0.333333,1,1,0.0,0.089665,0.007194,0.090909,0.070465,other_candidate,drop,outside ghee/adulteration domain,3,"2,000 kg Fake Ghee Worth Rs 14 Lakh Seized In Surat Factory Operating For 2 Years",https://www.ndtv.com/food/2-000-kg-fake-ghee-worth-rs-14-lakh-seized-in-surat-factory-operating-for-2-years-11367765,"...essals Privacy Policy Terms & Conditions Partner Content Archives NDTV Group Sites News Hindi Business Movies Cricket Food Tech Education Health Lifestyle MPCG Rajasthan Marathi This website follows the DNPA Code of Ethics Edition Search for News,..."
sports movies food education,yake,1,0.333333,1,1,0.0,0.089664,0.007194,0.090909,0.070465,other_candidate,drop,outside ghee/adulteration domain,3,"2,000 kg Fake Ghee Worth Rs 14 Lakh Seized In Surat Factory Operating For 2 Years",https://www.ndtv.com/food/2-000-kg-fake-ghee-worth-rs-14-lakh-seized-in-surat-factory-operating-for-2-years-11367765,...er?utmsource=weathericon&utmmedium=desktop&utmcampaign=weatherpage)34° C Our Network NDTV हिन्दी World Profit Sports Movies Food Education Lifestyle Health Tech Games Shopping Rajasthan MPCG Marathi Get App for Better Experience Get it on Google Pl...
adulterated food products,yake,1,0.333333,1,1,0.0,0.089657,0.007194,0.090909,0.070463,adulteration/fraud,drop,weak domain term below threshold,4,"Major crackdown on adulterated ghee and oil in Pokaran; over 14,000kg seized",https://timesofindia.indiatimes.com/city/jaipur/major-crackdown-on-adulterated-ghee-and-oil-in-pokaran-over-14000kg-seized/articleshow/131486941.cms,...and officials are exploring possible links to a wider network involved in the production and distribution of adulterated food products across the region.
movies food education lifestyle,yake,1,0.333333,1,1,0.0,0.089647,0.007194,0.090909,0.07046,other_candidate,drop,outside ghee/adulteration domain,3,"2,000 kg Fake Ghee Worth Rs 14 Lakh Seized In Surat Factory Operating For 2 Years",https://www.ndtv.com/food/2-000-kg-fake-ghee-worth-rs-14-lakh-seized-in-surat-factory-operating-for-2-years-11367765,...ource=weathericon&utmmedium=desktop&utmcampaign=weatherpage)34° C Our Network NDTV हिन्दी World Profit Sports Movies Food Education Lifestyle Health Tech Games Shopping Rajasthan MPCG Marathi Get App for Better Experience Get it on Google PlayDownload...
suspected adulterated ghee worth,yake,1,0.333333,1,1,0.0,0.089643,0.007194,0.090909,0.07046,incident/action phrase,drop,"context fragment around ghee, not a reusable discovery keyword",8,"Jalna Factory Raided For Making Fake Ghee, Rs 13 Lakh Stock Seized",https://www.rediff.com/news/report/fda-seizes-adulterated-ghee-worth-rs-13-lakh-in-jalna/20260604.htm,"...ards Act will be initiated after test reports are received. The Food and Drug Administration (FDA) has seized suspected adulterated ghee worth over Rs 13 lakh after raiding a factory in Jalna district of central Maharashtra, officials said on Thursday...."
food safety teams conducted,yake,1,0.333333,1,1,0.0,0.089637,0.007194,0.090909,0.070458,enforcement/evidence,drop,non-ghee food context without ghee/adulterant signal,6,"FDA J&K Seizes 1,092 kg Suspected Fake Verka Ghee",https://www.knskashmir.com/fda-jandk-seizes-1-092-kg-suspected-fake-verka-ghee-205042,"...d on Thursday. An official told news agency Kashmir News Service (KNS), acting on a specific complaint, FDA food safety teams conducted inspections at multiple locations and seized 91 cases of the product – 55 from Jammu and 36 from Srinagar – b..."
food safety department,yake,1,0.333333,1,1,0.0,0.089613,0.007194,0.090909,0.070452,enforcement/evidence,drop,weak domain term below threshold,4,"Major crackdown on adulterated ghee and oil in Pokaran; over 14,000kg seized",https://timesofindia.indiatimes.com/city/jaipur/major-crackdown-on-adulterated-ghee-and-oil-in-pokaran-over-14000kg-seized/articleshow/131486941.cms,"...as the largest crackdown on the fake ghee and oil trade in Jaisalmer district so far. A special team from the Food Safety Department headquarters in Jaipur conducted a surprise raid at a residential property in Lodha Colony, Pokaran, where ad..."
gidc area,phrase_frequency,1,0.333333,6,2,0.0,0.0,0.043165,0.181818,0.067081,other_candidate,drop,outside ghee/adulteration domain,3,"2,000 kg Fake Ghee Worth Rs 14 Lakh Seized In Surat Factory Operating For 2 Years",https://www.ndtv.com/food/2-000-kg-fake-ghee-worth-rs-14-lakh-seized-in-surat-factory-operating-for-2-years-11367765,"...zed 2,029 kilograms of adulterated ghee and arrested two men after raiding a manufacturing unit in the Sachin GIDC area as part of a targeted crackdown on food adulteration. Indo Asian Service News Food News Apr 17, 2026 16:07 pm..."
sachin gidc area,phrase_frequency,1,0.333333,6,2,0.0,0.0,0.043165,0.181818,0.067081,other_candidate,drop,outside ghee/adulteration domain,3,"2,000 kg Fake Ghee Worth Rs 14 Lakh Seized In Surat Factory Operating For 2 Years",https://www.ndtv.com/food/2-000-kg-fake-ghee-worth-rs-14-lakh-seized-in-surat-factory-operating-for-2-years-11367765,"...ave seized 2,029 kilograms of adulterated ghee and arrested two men after raiding a manufacturing unit in the Sachin GIDC area as part of a targeted crackdown on food adulteration. Indo Asian Service News Food News Apr 17, 2026 16:07 pm..."
factory operating,phrase_frequency,1,0.333333,5,2,0.0,0.0,0.035971,0.181818,0.066002,other_candidate,drop,outside ghee/adulteration domain,3,"2,000 kg Fake Ghee Worth Rs 14 Lakh Seized In Surat Factory Operating For 2 Years",https://www.ndtv.com/food/2-000-kg-fake-ghee-worth-rs-14-lakh-seized-in-surat-factory-operating-for-2-years-11367765,"...ooktwitterinstagramlinkedinyoutubewhatsappthreadssnapchat 2,000 kg Fake Ghee Worth Rs 14 Lakh Seized In Surat Factory Operating For 2 Years facebook;) twitter;) WhatsApp;) Settings Change Font Size A A Focus on Story - [x] Edition Search..."
sabka foods,phrase_frequency,1,0.333333,5,2,0.0,0.0,0.035971,0.181818,0.066002,other_candidate,drop,outside ghee/adulteration domain,3,"2,000 kg Fake Ghee Worth Rs 14 Lakh Seized In Surat Factory Operating For 2 Years",https://www.ndtv.com/food/2-000-kg-fake-ghee-worth-rs-14-lakh-seized-in-surat-factory-operating-for-2-years-11367765,"...ence to identify those involved.​ Subsequently, a raid was carried out at a factory operating under the name ‘Sabka Foods' in the Sachin GIDC area, as well as at a godown in Talangpor of Choryasi taluka.​ Police recovered adulterat..."
crackdown,phrase_frequency,1,0.333333,4,2,0.0,0.0,0.028777,0.181818,0.064923,enforcement/evidence,drop,weak domain term below threshold,3,"2,000 kg Fake Ghee Worth Rs 14 Lakh Seized In Surat Factory Operating For 2 Years",https://www.ndtv.com/food/2-000-kg-fake-ghee-worth-rs-14-lakh-seized-in-surat-factory-operating-for-2-years-11367765,"...ed ghee and arrested two men after raiding a manufacturing unit in the Sachin GIDC area as part of a targeted crackdown on food adulteration. Indo Asian Service News Food News Apr 17, 2026 16:07 pm IST Published On Apr 17, 2026 1..."
large scale,phrase_frequency,1,0.333333,4,2,0.0,0.0,0.028777,0.181818,0.064923,other_candidate,drop,outside ghee/adulteration domain,4,"Major crackdown on adulterated ghee and oil in Pokaran; over 14,000kg seized",https://timesofindia.indiatimes.com/city/jaipur/major-crackdown-on-adulterated-ghee-and-oil-in-pokaran-over-14000kg-seized/articleshow/131486941.cms,"...l property in Lodha Colony, Pokaran, where adulterated ghee and oil were being manufactured and packaged on a large scale. During the operation, officials collected 13 samples for testing and seized over 14,000 kilograms of suspec..."
seize,phrase_frequency,1,0.333333,4,2,0.0,0.0,0.028777,0.181818,0.064923,other_candidate,drop,low score or outside ghee/adulteration scope,2,"Udaipur authorities seize 18,000 litres of suspected adulterated ghee, yellow food colour",https://www.telegraphindia.com/india/udaipur-authorities-seize-18000-litres-of-suspected-adulterated-ghee-yellow-food-colour/cid/2163223,"...nmentEdugraphStatesLife × ""Clear search box"") Web Image Sort by Relevance Date Home India Udaipur authorities seize 18,000 litres of suspected adulterated ghee, yellow food colour Udaipur authorities seize 18,000 litres of su..."
fssai licence,phrase_frequency,1,0.333333,3,2,0.0,0.0,0.021583,0.181818,0.063843,enforcement/evidence,drop,weak domain term below threshold,1,"FSSAI seizes 6,500 litres of suspected adulterated ghee in India",https://thenewsmill.com/2026/06/fssai-seizes-over-6500-litres-of-suspected-adulterated-ghee-in-delhi-and-haryana-raids/,"...cials observed digital and print advertisements promoting premium cow ghee and regular ghee lacking mandatory FSSAI licence details and prescribed labelling information. Subsequently, officials conducted a decoy operation posing as c..."
officials added,phrase_frequency,1,0.333333,3,2,0.0,0.0,0.021583,0.181818,0.063843,other_candidate,drop,outside ghee/adulteration domain,2,"Udaipur authorities seize 18,000 litres of suspected adulterated ghee, yellow food colour",https://www.telegraphindia.com/india/udaipur-authorities-seize-18000-litres-of-suspected-adulterated-ghee-yellow-food-colour/cid/2163223,"...tter and other dairy products of various brands was found. Detailed investigation into the stock is underway, officials added. PTI AG NB NB Except for the headline, this story has not been edited by The Telegraph Online staff and has b..."
raiding,phrase_frequency,1,0.333333,3,2,0.0,0.0,0.021583,0.181818,0.063843,other_candidate,drop,low score or outside ghee/adulteration scope,3,"2,000 kg Fake Ghee Worth Rs 14 Lakh Seized In Surat Factory Operating For 2 Years",https://www.ndtv.com/food/2-000-kg-fake-ghee-worth-rs-14-lakh-seized-in-surat-factory-operating-for-2-years-11367765,"...ing For 2 Years Officials in Surat have seized 2,029 kilograms of adulterated ghee and arrested two men after raiding a manufacturing unit in the Sachin GIDC area as part of a targeted crackdown on food adulteration. Indo Asian..."
safety commissioner,phrase_frequency,1,0.333333,3,2,0.0,0.0,0.021583,0.181818,0.063843,other_candidate,drop,outside ghee/adulteration domain,2,"Udaipur authorities seize 18,000 litres of suspected adulterated ghee, yellow food colour",https://www.telegraphindia.com/india/udaipur-authorities-seize-18000-litres-of-suspected-adulterated-ghee-yellow-food-colour/cid/2163223,"...ow food colour Udaipur authorities seize 18,000 litres of suspected adulterated ghee, yellow food colour Food Safety Commissioner Dr T Shubhamangala said the team inspected Shri Madhur Dairy Farm and Food Products, where ghee was being man..."
seizing,phrase_frequency,1,0.333333,3,2,0.0,0.0,0.021583,0.181818,0.063843,other_candidate,drop,low score or outside ghee/adulteration scope,1,"FSSAI seizes 6,500 litres of suspected adulterated ghee in India",https://thenewsmill.com/2026/06/fssai-seizes-over-6500-litres-of-suspected-adulterated-ghee-in-delhi-and-haryana-raids/,"...ed an alleged inter-state network involved in the manufacture and distribution of suspected counterfeit ghee, seizing more than 6,500 litres of suspected adulterated products and related raw materials during coordinated operati..."
case registered,phrase_frequency,1,0.333333,2,2,0.0,0.0,0.014388,0.181818,0.062764,other_candidate,drop,outside ghee/adulteration domain,5,"Hyderabad fake ghee raid: How 3,000 kg of cow & buffalo cream were mixed with cheap substances and supplied to public",https://economictimes.indiatimes.com/news/new-updates/hyderabad-fake-ghee-raid-how-3000-kg-of-cow-buffalo-cream-were-mixed-with-cheap-substances-and-supplied-to-public/articleshow/129141501.cms?from=mdr,"...serious health risk, as they contain cheap oils and low-quality substances instead of pure dairy ingredients. Case Registered Under Bharatiya Nyaya Sanhita Following the raid, police registered a case under the Bharatiya Nyaya Sanhita..."
food colour,phrase_frequency,1,0.333333,4,1,0.0,0.0,0.028777,0.090909,0.051286,other_candidate,drop,outside ghee/adulteration domain,2,"Udaipur authorities seize 18,000 litres of suspected adulterated ghee, yellow food colour",https://www.telegraphindia.com/india/udaipur-authorities-seize-18000-litres-of-suspected-adulterated-ghee-yellow-food-colour/cid/2163223,"...rt by Relevance Date Home India Udaipur authorities seize 18,000 litres of suspected adulterated ghee, yellow food colour Udaipur authorities seize 18,000 litres of suspected adulterated ghee, yellow food colour Food Safety Commiss..."
udaipur fresh,phrase_frequency,1,0.333333,4,1,0.0,0.0,0.028777,0.090909,0.051286,other_candidate,drop,outside ghee/adulteration domain,2,"Udaipur authorities seize 18,000 litres of suspected adulterated ghee, yellow food colour",https://www.telegraphindia.com/india/udaipur-authorities-seize-18000-litres-of-suspected-adulterated-ghee-yellow-food-colour/cid/2163223,"...Dairy Farm and Food Products, where ghee was being manufactured and stored under multiple brands, including 'Udaipur Fresh Desi Ghee', 'Udaipur Fresh Cow Ghee', 'Madhya Desi Ghee' and 'Jayant Cow Ghee' PTI Published 30.05.26, 11:40..."
web stories,phrase_frequency,1,0.333333,4,1,0.0,0.0,0.028777,0.090909,0.051286,other_candidate,drop,outside ghee/adulteration domain,3,"2,000 kg Fake Ghee Worth Rs 14 Lakh Seized In Surat Factory Operating For 2 Years",https://www.ndtv.com/food/2-000-kg-fake-ghee-worth-rs-14-lakh-seized-in-surat-factory-operating-for-2-years-11367765,...ata Lucknow Noida Patna Pune Srinagar Thiruvananthapuram Education Education Exams School Campus Study Abroad Web Stories Latest [](https://www.ndtv.com/education/nbems-recruitment-2026-registration-starts-july-7-for-53-vacancies-1...
yellow food,phrase_frequency,1,0.333333,4,1,0.0,0.0,0.028777,0.090909,0.051286,other_candidate,drop,outside ghee/adulteration domain,2,"Udaipur authorities seize 18,000 litres of suspected adulterated ghee, yellow food colour",https://www.telegraphindia.com/india/udaipur-authorities-seize-18000-litres-of-suspected-adulterated-ghee-yellow-food-colour/cid/2163223,"...mage Sort by Relevance Date Home India Udaipur authorities seize 18,000 litres of suspected adulterated ghee, yellow food colour Udaipur authorities seize 18,000 litres of suspected adulterated ghee, yellow food colour Food Safety..."
yellow food colour,phrase_frequency,1,0.333333,4,1,0.0,0.0,0.028777,0.090909,0.051286,other_candidate,drop,outside ghee/adulteration domain,2,"Udaipur authorities seize 18,000 litres of suspected adulterated ghee, yellow food colour",https://www.telegraphindia.com/india/udaipur-authorities-seize-18000-litres-of-suspected-adulterated-ghee-yellow-food-colour/cid/2163223,"...mage Sort by Relevance Date Home India Udaipur authorities seize 18,000 litres of suspected adulterated ghee, yellow food colour Udaipur authorities seize 18,000 litres of suspected adulterated ghee, yellow food colour Food Safety Commiss..."
arrested two,phrase_frequency,1,0.333333,3,1,0.0,0.0,0.021583,0.090909,0.050207,enforcement/evidence,drop,weak domain term below threshold,3,"2,000 kg Fake Ghee Worth Rs 14 Lakh Seized In Surat Factory Operating For 2 Years",https://www.ndtv.com/food/2-000-kg-fake-ghee-worth-rs-14-lakh-seized-in-surat-factory-operating-for-2-years-11367765,"...In Surat Factory Operating For 2 Years Officials in Surat have seized 2,029 kilograms of adulterated ghee and arrested two men after raiding a manufacturing unit in the Sachin GIDC area as part of a targeted crackdown on food adulte..."
lakh seized,phrase_frequency,1,0.333333,3,1,0.0,0.0,0.021583,0.090909,0.050207,enforcement/evidence,drop,weak domain term below threshold,3,"2,000 kg Fake Ghee Worth Rs 14 Lakh Seized In Surat Factory Operating For 2 Years",https://www.ndtv.com/food/2-000-kg-fake-ghee-worth-rs-14-lakh-seized-in-surat-factory-operating-for-2-years-11367765,"...n the App Store facebooktwitterinstagramlinkedinyoutubewhatsappthreadssnapchat 2,000 kg Fake Ghee Worth Rs 14 Lakh Seized In Surat Factory Operating For 2 Years facebook;) twitter;) WhatsApp;) Settings Change Font Size A A Focus on..."
movies cricket,phrase_frequency,1,0.333333,3,1,0.0,0.0,0.021583,0.090909,0.050207,other_candidate,drop,outside ghee/adulteration domain,3,"2,000 kg Fake Ghee Worth Rs 14 Lakh Seized In Surat Factory Operating For 2 Years",https://www.ndtv.com/food/2-000-kg-fake-ghee-worth-rs-14-lakh-seized-in-surat-factory-operating-for-2-years-11367765,...ttps://www.ndtv.com/spotlight?pfrom=home-ndtvnavwap) Beeps Latest Video Podcast Lifestyle News Updates Profit Movies Cricket Cities Notifications Opinion Featured Web Stories Trends Feature Offbeat Science South Education Tech Food Sp...
surat factory,phrase_frequency,1,0.333333,3,1,0.0,0.0,0.021583,0.090909,0.050207,other_candidate,drop,outside ghee/adulteration domain,3,"2,000 kg Fake Ghee Worth Rs 14 Lakh Seized In Surat Factory Operating For 2 Years",https://www.ndtv.com/food/2-000-kg-fake-ghee-worth-rs-14-lakh-seized-in-surat-factory-operating-for-2-years-11367765,"...facebooktwitterinstagramlinkedinyoutubewhatsappthreadssnapchat 2,000 kg Fake Ghee Worth Rs 14 Lakh Seized In Surat Factory Operating For 2 Years facebook;) twitter;) WhatsApp;) Settings Change Font Size A A Focus on Story - [x] Edit..."
trends feature,phrase_frequency,1,0.333333,3,1,0.0,0.0,0.021583,0.090909,0.050207,other_candidate,drop,outside ghee/adulteration domain,3,"2,000 kg Fake Ghee Worth Rs 14 Lakh Seized In Surat Factory Operating For 2 Years",https://www.ndtv.com/food/2-000-kg-fake-ghee-worth-rs-14-lakh-seized-in-surat-factory-operating-for-2-years-11367765,"...ies Health Cricket Weather Travel Live blogs Podcast Auto Lifestyle Entertainment Offbeat Web Stories Science Trends Feature TV Schedule Gold₹14011/gSilver₹220.86/g June 30,2026 10:11 am IST Delhi[](https://www.ndtv.com/weather?utmsou..."
two men,phrase_frequency,1,0.333333,3,1,0.0,0.0,0.021583,0.090909,0.050207,other_candidate,drop,outside ghee/adulteration domain,3,"2,000 kg Fake Ghee Worth Rs 14 Lakh Seized In Surat Factory Operating For 2 Years",https://www.ndtv.com/food/2-000-kg-fake-ghee-worth-rs-14-lakh-seized-in-surat-factory-operating-for-2-years-11367765,"...Factory Operating For 2 Years Officials in Surat have seized 2,029 kilograms of adulterated ghee and arrested two men after raiding a manufacturing unit in the Sachin GIDC area as part of a targeted crackdown on food adulterati..."
facebook twitter,phrase_frequency,1,0.333333,2,1,0.0,0.0,0.014388,0.090909,0.049128,other_candidate,drop,outside ghee/adulteration domain,3,"2,000 kg Fake Ghee Worth Rs 14 Lakh Seized In Surat Factory Operating For 2 Years",https://www.ndtv.com/food/2-000-kg-fake-ghee-worth-rs-14-lakh-seized-in-surat-factory-operating-for-2-years-11367765,...atured Web Stories Trends Feature Offbeat Science South Education Tech Food Sports Health TV Schedule Toolbox Facebook Twitter Instagram LinkedIn YouTube Trending Links Iran War FIFA World Cup 2026 Gold Price Silver Price homeFood News2...
operation in the sachin,yake,1,0.333333,2,1,0.0,0.0,0.014388,0.090909,0.049128,other_candidate,drop,outside ghee/adulteration domain,3,"2,000 kg Fake Ghee Worth Rs 14 Lakh Seized In Surat Factory Operating For 2 Years",https://www.ndtv.com/food/2-000-kg-fake-ghee-worth-rs-14-lakh-seized-in-surat-factory-operating-for-2-years-11367765,"...rtificial essence, and coloring How were the officials in Surat able to detect and seize the adulterated ghee operation in the Sachin GIDC area? Officials in Surat have seized 2,029 kilograms of adulterated ghee and arrested two men after raid..."
director of the northern,yake,1,0.333333,1,1,0.0,0.0,0.007194,0.090909,0.048049,other_candidate,drop,outside ghee/adulteration domain,1,"FSSAI seizes 6,500 litres of suspected adulterated ghee in India",https://thenewsmill.com/2026/06/fssai-seizes-over-6500-litres-of-suspected-adulterated-ghee-in-delhi-and-haryana-raids/,"...t action was conducted by Central Food Safety Officers (CFSOs) under the guidance of Devesh Kumar Mahla, IPS, Director of the Northern Regional Office (NRO), FSSAI, in collaboration with local police authorities. Commenting on the operation, Ma..."
samples sent,phrase_frequency,1,0.333333,1,1,0.0,0.0,0.007194,0.090909,0.048049,enforcement/evidence,drop,weak domain term below threshold,7,"Fake ghee racket exposed in Surat:  Accused used syringes to turn 1kg ghee into 15kg toxic mix, sold it as branded product - Surat News",https://www.bhaskarenglish.in/local/gujarat/surat/news/surat-fake-ghee-racket-exposed-sabka-foods-vidur-ghee-137710503.html,"...and equipment and have undertaken an investigation to trace the 'white collar' traders involved in this scam. Samples sent to laboratory During the raid, Senior Food Safety Officers Tushar Nagar and Chetankumar Parmar from the city..."
seized during a raid,yake,1,0.333333,1,1,0.0,0.0,0.007194,0.090909,0.048049,enforcement/evidence,drop,weak domain term below threshold,2,"Udaipur authorities seize 18,000 litres of suspected adulterated ghee, yellow food colour",https://www.telegraphindia.com/india/udaipur-authorities-seize-18000-litres-of-suspected-adulterated-ghee-yellow-food-colour/cid/2163223,"...ional image Around 18,000 litres of suspected adulterated ghee (clarified butter) and yellow food colour were seized during a raid in Rajasthan’s Udaipur, officials said on Saturday. Acting on complaints related to food adulteration and pro..."
surat seized,phrase_frequency,1,0.333333,1,1,0.0,0.0,0.007194,0.090909,0.048049,enforcement/evidence,drop,weak domain term below threshold,3,"2,000 kg Fake Ghee Worth Rs 14 Lakh Seized In Surat Factory Operating For 2 Years",https://www.ndtv.com/food/2-000-kg-fake-ghee-worth-rs-14-lakh-seized-in-surat-factory-operating-for-2-years-11367765,"...d to replicate the smell of cow ghee. Show Quick Read Summary is AI-generated, newsroom-reviewed Officials in Surat seized 2,029 kg of adulterated ghee and arrested two men during a raid The operation was part of “Operation Shuddhi”..."
team from the food,yake,1,0.333333,1,1,0.0,0.0,0.007194,0.090909,0.048049,other_candidate,drop,non-ghee food context without ghee/adulterant signal,4,"Major crackdown on adulterated ghee and oil in Pokaran; over 14,000kg seized",https://timesofindia.indiatimes.com/city/jaipur/major-crackdown-on-adulterated-ghee-and-oil-in-pokaran-over-14000kg-seized/articleshow/131486941.cms,"...ing described as the largest crackdown on the fake ghee and oil trade in Jaisalmer district so far. A special team from the Food Safety Department headquarters in Jaipur conducted a surprise raid at a residential property in Lodha Colony,..."
team of the food,yake,1,0.333333,1,1,0.0,0.0,0.007194,0.090909,0.048049,other_candidate,drop,non-ghee food context without ghee/adulterant signal,2,"Udaipur authorities seize 18,000 litres of suspected adulterated ghee, yellow food colour",https://www.telegraphindia.com/india/udaipur-authorities-seize-18000-litres-of-suspected-adulterated-ghee-yellow-food-colour/cid/2163223,"...aid on Saturday. Acting on complaints related to food adulteration and product quality, a central enforcement team of the Food Safety Commissionerate carried out joint inspections at two locations in the district. Food Safety Commission..."
