review_keep,title_screen_label,title_url_product_terms,title_url_signal_terms,published_date,domain,source,title_snippet,query_used,status,url
,broad_food_safety_title,,banned; seized; fake,2026-06-20,timesofindia.indiatimes.com,indiatimes.com,"110 kg chicken, 825 kg fake paneer, banned colours and chemicals seized: How to check purity at home","""cooking oil"" adulteration India",success,https://timesofindia.indiatimes.com/life-style/food-news/110-kg-chicken-825-kg-fake-paneer-banned-colours-and-chemicals-seized-how-to-check-purity-at-home/articleshow/131873428.cms
,broad_food_safety_title,,fssai,2026-06-19,business-standard.com,business-standard.com,"FSSAI issues notices to food firms over claims, labelling and hygiene","FSSAI ""edible oil"" India",robots_blocked,https://www.business-standard.com/industry/news/fssai-issues-notices-to-food-firms-over-claims-labelling-and-hygiene-126061901185_1.html
,broad_food_safety_title,,food safety; seized,2026-06-19,siasat.com,siasat.com,110 kg fried chicken seized at Charminar godown over food safety lapses,"""cooking oil"" adulteration India",success,https://www.siasat.com/110-kg-fried-chicken-seized-at-charminar-godown-over-food-safety-lapses-3492067/
,strong_title_match,ghee,adulterated; seized,2026-06-18,ndtv.com,ndtv.com,"Over 6,500 Litres Adulterated Ghee Seized After Interstate Racket Busted","""oil"" ""food safety"" ""seized"" India",robots_blocked,https://www.ndtv.com/india-news/over-6-500-litres-adulterated-ghee-seized-after-interstate-racket-busted-11653840#publisher=newsstand
,strong_title_match,ghee,fake,2026-06-18,assamtribune.com,assamtribune.com,"6,500 litres of fake ghee recovered in Delhi, Haryana","""oil"" ""food safety"" ""seized"" India",robots_blocked,https://assamtribune.com/national/6500-litres-of-fake-ghee-recovered-in-delhi-haryana-1612879
,strong_title_match,ghee,adulterated; seized; raids,2026-06-18,thehansindia.com,thehansindia.com,"6,500 litres of adulterated ghee, raw material seized during raids in Delhi, Haryana","""oil"" ""food safety"" ""seized"" India",robots_blocked,https://www.thehansindia.com/news/national/6500-litres-of-adulterated-ghee-raw-material-seized-during-raids-in-delhi-haryana-1087624
,strong_title_match,ghee,adulterated; fssai,2026-06-18,mumbainews.net,mumbainews.net,"FSSAI seizes over 6,500 litres of suspected adulterated ghee in Delhi, Haryana operations","""oil"" ""food safety"" ""seized"" India",success,http://www.mumbainews.net/news/279131828/fssai-seizes-over-6500-litres-of-suspected-adulterated-ghee-in-delhi-haryana-operations
,strong_title_match,ghee,adulterated; fssai,2026-06-18,bombaynews.net,bombaynews.net,"FSSAI seizes over 6,500 litres of suspected adulterated ghee in Delhi, Haryana operations","""oil"" ""food safety"" ""seized"" India",success,http://www.bombaynews.net/news/279131828/fssai-seizes-over-6500-litres-of-suspected-adulterated-ghee-in-delhi-haryana-operations
,strong_title_match,ghee,adulterated; fssai,2026-06-18,newdelhinews.net,newdelhinews.net,"FSSAI seizes over 6,500 litres of suspected adulterated ghee in Delhi, Haryana operations","""oil"" ""food safety"" ""seized"" India",success,http://www.newdelhinews.net/news/279131828/fssai-seizes-over-6500-litres-of-suspected-adulterated-ghee-in-delhi-haryana-operations
,strong_title_match,ghee,adulterated; fssai,2026-06-18,indiasnews.net,indiasnews.net,"FSSAI seizes over 6,500 litres of suspected adulterated ghee in Delhi, Haryana operations","""oil"" ""food safety"" ""seized"" India",success,http://www.indiasnews.net/news/279131828/fssai-seizes-over-6500-litres-of-suspected-adulterated-ghee-in-delhi-haryana-operations
,broad_food_safety_title,,fssai,2026-06-17,en.etemaaddaily.com,etemaaddaily.com,FSSAI flags misleading organic and zero maida claims by food brands,"FSSAI ""edible oil"" India",success,http://www.en.etemaaddaily.com/health/fssai-flags-misleading-organic-and-zero-maida-claims-by-food-brands:1780
,broad_food_safety_title,,fssai,2026-06-15,indiantelevision.com,indiantelevision.com,"FSSAI cracks down on health claims, issues notices to 8 brands","FSSAI ""edible oil"" India",success,https://indiantelevision.com/mam/fssai-cracks-down-on-health-claims-issues-notices-to-8-brands/
,broad_food_safety_title,,fssai,2026-06-15,business-standard.com,business-standard.com,"FSSAI flags 15 food brands for misleading 'healthy', 'organic' labels","FSSAI ""edible oil"" India",robots_blocked,https://www.business-standard.com/india-news/fssai-notices-15-food-brands-over-healthy-zero-maida-and-organic-labels-126061500671_1.html
,broad_food_safety_title,,fssai,2026-06-14,thehindubusinessline.com,thehindubusinessline.com,FSSAI cracks down on misleading brand names and claims,"FSSAI ""edible oil"" India",robots_blocked,https://www.thehindubusinessline.com/companies/fssai-cracks-down-on-misleading-brand-names-and-claims/article71100504.ece
,broad_food_safety_title,,raids; fake,2026-06-12,ndtv.com,ndtv.com,"Mumbai Food Authority Raids Factory Producing Fake Rabri Kulfi, Seizes Huge Stock","""oil"" ""food safety"" ""seized"" India",robots_blocked,https://www.ndtv.com/food/mumbai-food-authority-raids-factory-producing-fake-rabri-kulfi-seizes-huge-stock-11626102
,broad_food_safety_title,,fda,2026-06-03,timesofindia.indiatimes.com,indiatimes.com,FDA seizes energy drink stock worth Rs 56L over misbranding,"""edible oil"" adulteration India",success,https://timesofindia.indiatimes.com/city/aurangabad/fda-seizes-energy-drink-stock-worth-rs-56l-over-misbranding/articleshow/131489352.cms
,broad_food_safety_title,,fda,2026-06-03,hindustantimes.com,hindustantimes.com,FDA seizes 3.4 tonnes of suspect chemically ripened mangoes at APMC,"""edible oil"" adulteration India",success,https://www.hindustantimes.com/cities/mumbai-news/fda-seizes-3-4-tonnes-of-suspect-chemically-ripened-mangoes-at-apmc-101780427156417.html
,broad_food_safety_title,,fda,2026-05-30,hindustantimes.com,hindustantimes.com,"33 held, 27 establishments sealed in Maharashtra FDA's three-day drive","""edible oil"" adulteration India",success,https://www.hindustantimes.com/cities/mumbai-news/33-held-27-establishments-sealed-in-maharashtra-fda-s-three-day-drive-101780125189075.html
,weak_or_body_only_match,,,2026-05-29,siasat.com,siasat.com,H-FAST flags unhygienic conditions at spice manufacturing units in Hyderabad,"""edible oil"" adulteration India",success,https://www.siasat.com/h-fast-flags-unhygienic-conditions-at-spice-manufacturing-units-in-hyderabad-3479147/
,strong_title_match,oils,food safety; fssai,2026-05-29,thelogicalindian.com,thelogicalindian.com,"FSSAI Tightens Food Safety Rules Across Oils, Spices, Seafood, Pulses, Tackling Contamination And Enforcement Gaps","""edible oil"" adulteration India",failed,https://thelogicalindian.com/fssai-tightens-food-safety-rules-across-oils-spices-seafood-pulses-tackling-contamination-and-enforcement-gaps/
,broad_food_safety_title,,adulterated; seized; unsafe; fake,2026-05-23,food.ndtv.com,ndtv.com,"3,500 kg Of <i>Saunf</i> Adulterated With Unsafe Green Colour Seized In Gujarat","""oil"" ""food safety"" ""seized"" India",robots_blocked,https://food.ndtv.com/news/3-500-kg-of-fake-saunf-adulterated-with-unsafe-green-colour-seized-in-gujarat-11536427#publisher=newsstand
,broad_food_safety_title,,fake,2026-05-20,timesofindia.indiatimes.com,indiatimes.com,800 kg fake khoya destroyed: 5 ways to check the purity at home and how to make preservative-free khoya,"""oil"" ""food safety"" ""seized"" India",success,https://timesofindia.indiatimes.com/life-style/food-news/800-kg-fake-khoya-destroyed-5-ways-to-check-the-purity-at-home-and-how-to-make-preservative-free-khoya/articleshow/131217407.cms
,broad_food_safety_title,,food safety,2026-05-15,navhindtimes.in,navhindtimes.in,Food safety,"""coconut oil"" adulteration India",success,https://navhindtimes.in/editorial/food-safety/
,broad_food_safety_title,,food safety,2026-05-08,morungexpress.com,morungexpress.com,Food safety awareness drives held across four Niuland villages,"""cooking oil"" adulteration India",success,https://morungexpress.com/food-safety-awareness-drives-held-across-four-niuland-villages
,broad_food_safety_title,,test,2026-04-30,morungexpress.com,morungexpress.com,Four food products fail quality test in Dimapur Zone,"FSSAI ""edible oil"" India",success,https://morungexpress.com/four-food-products-fail-quality-test-in-dimapur-zone
,broad_food_safety_title,,fssai,2026-04-29,timesofindia.indiatimes.com,indiatimes.com,"Why did FSSAI bury 900 kg of paneer, worth â¹2.25 lakh, and why one has to be extra careful while buying it in summer","""palm oil"" adulteration India",success,https://timesofindia.indiatimes.com/life-style/food-news/why-did-fssai-bury-900-kg-of-paneer-worth-2-25-lakh-and-why-one-has-to-be-extra-careful-while-buying-it-in-summer/articleshow/130602453.cms
,strong_title_match,cooking oil; oil,fake,2026-04-27,news18.com,news18.com,"Your Toothpaste, Cooking Oil May Be Fake: Why Artificial Paneer Was Just The Tip Of The Iceberg","""edible oil"" adulteration India",failed,https://www.news18.com/india/your-toothpaste-cooking-oil-may-be-fake-why-artificial-paneer-was-just-the-tip-of-the-iceberg-ws-el-10059335.html
,strong_title_match,oil,seized; unsafe; raids,2026-04-24,ndtv.com,ndtv.com,"Unsafe Oil, <i>Aata</i> Worth Rs 64 Lakh Seized In Hyderabad Raids, 38 Arrested In 4 Months","""edible oil"" adulteration India",robots_blocked,https://www.ndtv.com/food/unsafe-oil-aata-worth-rs-64-lakh-busted-in-hyderabad-raids-38-arrested-in-4-months-11401791
,broad_food_safety_title,,food adulteration; adulteration,2026-04-22,siasat.com,siasat.com,"In four months, 28 arrested for food adulteration in Cyberabad","""cooking oil"" adulteration India",success,https://www.siasat.com/in-four-months-28-arrested-for-food-adulteration-in-cyberabad-3458156/
,broad_food_safety_title,,food adulteration; adulteration; crackdown; seized,2026-04-22,thehindu.com,thehindu.com,"22 cases booked in Cyberabad food adulteration crackdown, ₹64 lakh worth goods seized","""cooking oil"" adulteration India",robots_blocked,https://www.thehindu.com/news/cities/Hyderabad/22-cases-booked-in-cyberabad-food-adulteration-crackdown-64-lakh-worth-goods-seized/article70892711.ece
,strong_title_match,ghee,adulteration; adulterated; food safety; raids; fake; raid,2026-04-18,thelogicalindian.com,thelogicalindian.com,"Inside India’s Food Safety Raids: From Mango Pulp To Ghee, Adulteration Scandal Unfolds","""edible oil"" adulteration India",failed,https://thelogicalindian.com/india-fake-food-raid-adulterated-mango-pulp/
,broad_food_safety_title,,adulterated; crackdown; fake,2026-04-01,indianexpress.com,indianexpress.com,"Adulterated Osmania biscuits, fake paneer, rotten eggs: What Hyderabad’s crackdown on eateries has revealed","""palm oil"" adulteration India",success,https://indianexpress.com/article/india/adulterated-osmania-biscuits-fake-paneer-rotten-eggs-what-hyderabads-crackdown-on-eateries-has-revealed-10612335/
,strong_title_match,oil,seized,2026-03-22,timesofindia.indiatimes.com,indiatimes.com,"Disgustingly unhygienic"": Hyderabad samosa unit raided; reused oil and stale boiled eggs seized","""cooking oil"" adulteration India",success,https://timesofindia.indiatimes.com/etimes/trending/disgustingly-unhygienic-hyderabad-samosa-unit-raided-reused-oil-and-stale-boiled-eggs-seized/articleshow/129729552.cms
,oil_context_only_in_title,oil,,2026-03-21,ndtv.com,ndtv.com,Large Illegal Samosa Unit Busted In Hyderabad For Using Spoiled Ingredients And Reused Oil,"""cooking oil"" adulteration India",robots_blocked,https://www.ndtv.com/food/large-illegal-samosa-unit-busted-in-hyderabad-for-using-spoiled-ingredients-and-reused-oil-11246923
,broad_food_safety_title,,adulterated; crackdown; seized; unsafe,2026-03-20,thelogicalindian.com,thelogicalindian.com,"Hyderabad Crackdown: 3,892 Kg Adulterated Paneer Seized, 6 Arrested for Supplying Unsafe Dairy Products","""oil"" ""food safety"" ""seized"" India",failed,https://thelogicalindian.com/hyderabad-crackdown-3892-kg-adulterated-paneer-seized-6-arrested-for-supplying-unsafe-dairy-products/
,broad_food_safety_title,,adulterated; seized; raids,2026-03-15,ndtv.com,ndtv.com,"150 Tonnes Of Expired Food, Adulterated Paneer Seized In Major Food Raids Across Two States","""oil"" ""food safety"" ""seized"" India",robots_blocked,https://www.ndtv.com/food/150-tonnes-of-expired-food-adulterated-paneer-seized-in-major-food-raids-across-two-states-11217962#publisher=newsstand
,broad_food_safety_title,,samples; fssai,2026-03-14,deccanchronicle.com,deccanchronicle.com,"FSSAI Analyzed 3,347 Food Samples in Telangana; 1 License Cancelled","FSSAI ""edible oil"" India",robots_blocked,https://www.deccanchronicle.com/southern-states/telangana/fssai-analyzed-3347-food-samples-in-telangana-1-license-cancelled-1943703
,strong_title_match,ghee,fake,2026-03-10,thelogicalindian.com,thelogicalindian.com,"Hyderabad: Police Bust ₹18.26 Lakh Fake Ghee Racket in Banjara Hills, Pride Dairy Owner Arrested","""palm oil"" adulteration India",failed,https://thelogicalindian.com/hyderabad-police-bust-%E2%82%B918-26-lakh-fake-ghee-racket-in-banjara-hills-pride-dairy-owner-arrested/
,broad_food_safety_title,,food safety department; food safety,2026-03-10,dnaindia.com,dnaindia.com,1.5 kg Amul products destroyed in Jaipur after food safety department finds erased expiry dates; firm’s operations halted,"""oil"" ""food safety"" ""seized"" India",robots_blocked,https://www.dnaindia.com/business/report-15-kg-amul-products-destroyed-in-jaipur-after-food-safety-department-finds-erased-expiry-dates-firm-s-operations-halted-3202876
,broad_food_safety_title,,fssai,2026-03-09,thelogicalindian.com,thelogicalindian.com,Is India’s Food Watchdog Failing Us? Inside the Gaps in FSSAI’s Safety Net,"""cooking oil"" adulteration India",failed,https://thelogicalindian.com/is-indias-food-watchdog-failing-us-inside-the-gaps-in-fssais-safety-net/
,broad_food_safety_title,,adulterated; seized; fssai,2026-03-06,livemint.com,livemint.com,"Gujarat news: 1,401 kg of adulterated paneer seized in Surat; food outlet was operating without licence, says FSSAI","FSDA ""edible oil"" seized",success,https://www.livemint.com/news/india/gujarat-news-1-401-kg-of-adulterated-paneer-seized-in-surat-food-outlet-was-operating-without-licence-says-fssai-11772801034522.html
,strong_title_match,ghee,fake; raid,2026-03-06,economictimes.indiatimes.com,indiatimes.com,"Hyderabad fake ghee raid: How 3,000 kg of cow buffalo cream were mixed with cheap substances and supplied to public","""palm oil"" adulteration India",success,https://economictimes.indiatimes.com/news/new-updates/hyderabad-fake-ghee-raid-how-3000-kg-of-cow-buffalo-cream-were-mixed-with-cheap-substances-and-supplied-to-public/articleshow/129141501.cms
,strong_title_match,ghee,seized; fssai; fake,2026-03-02,economictimes.indiatimes.com,indiatimes.com,"1,400 kg fake khoya, 400 kilo expired ghee and paneer seized by FSSAI before Holi","""cooking oil"" adulteration India",success,https://economictimes.indiatimes.com/news/new-updates/1400-kg-fake-khoya-400-kilo-expired-ghee-and-paneer-seized-by-fssai-before-holi/articleshow/128938525.cms
,broad_food_safety_title,,seized; fake,2026-03-02,indianexpress.com,indianexpress.com,Fake paneer and khoya seized in UP ahead of Holi: How do they impact your health?,"""vegetable oil"" adulteration India",success,https://indianexpress.com/article/health-wellness/fake-paneer-khoya-seized-up-holi-health-10561195/
,broad_food_safety_title,,adulterated,2026-03-01,food.ndtv.com,ndtv.com,"Food Authority Seizes Fungus-Laden Khoya In Jhansi, Dumps Adulterated Paneer In Noida Ahead of Holi","""edible oil"" adulteration India",robots_blocked,https://food.ndtv.com/news/food-authority-seizes-fungus-laden-khoya-in-jhansi-dumps-adulterated-paneer-in-noida-ahead-of-holi-11154876#publisher=newsstand
,strong_title_match,edible oil; oil,substandard; seized,2026-02-28,food.ndtv.com,ndtv.com,"25,000 Kg Suji, Substandard Edible Oil Worth Rs 6 Crore Seized In Uttar Pradesh Before Holi","""edible oil"" adulteration India",robots_blocked,https://food.ndtv.com/news/25-000-kg-suji-edible-oil-worth-rs-6-crore-seized-in-uttar-pradesh-11148277#publisher=newsstand
,strong_title_match,edible oil; oil,substandard; seized,2026-02-28,news18.com,news18.com,Over 4 lakh litres seized in drive against substandard edible oil in UP,"FSDA ""edible oil"" seized",failed,https://www.news18.com/agency-feeds/over-4-lakh-litres-seized-in-drive-against-substandard-edible-oil-in-up-9935864.html
,broad_food_safety_title,,adulterated; food safety; seized; fssai,2026-02-28,news18.com,news18.com,"FSSAI Seizes ‘Adulterated’ Sweets In UP's Hapur, Throws Boxes In Dustbin. Later, Locals Collect Them From Garbage","""mustard oil"" seized India",failed,https://www.news18.com/viral/food-safety-team-dumps-seized-sweets-crowd-seen-collecting-them-from-bin-aa-ws-l-9935091.html
,broad_food_safety_title,,adulterated; fssai; raid,2026-02-27,newsx.com,newsx.com,Uttar Pradesh Viral Video: FSSAI Raid In Hapur Ahead Of Holi Sparks Outrage After Locals Seen Picking Adulterated Sweets From Garbage,"""adulterated oil"" seized India",robots_blocked,https://www.newsx.com/india/uttar-pradesh-viral-video-fssai-raid-in-hapur-ahead-of-holi-sparks-outrage-after-locals-seen-picking-adulterated-sweets-from-garbage-174020/
,strong_title_match,oil,adulterated; crackdown; seized,2026-02-26,thelogicalindian.com,thelogicalindian.com,"10,000 Kg Rotten Dates And Adulterated Oil Seized: What Kanpur’s Festival Crackdown Reveals","""edible oil"" adulteration India",failed,https://thelogicalindian.com/10000-kg-rotten-dates-and-adulterated-oil-seized-what-kanpurs-festival-crackdown-reveals/
,strong_title_match,oil,food safety,2026-02-26,thelogicalindian.com,thelogicalindian.com,"40 Litres Reused Oil, 40 Kg Rotten Tomatoes: McDonald’s Jaipur Faces 14-Day Food Safety Ultimatum","""cooking oil"" adulteration India",failed,https://thelogicalindian.com/40-litres-reused-oil-40-kg-rotten-tomatoes-mcdonalds-jaipur-faces-14-day-food-safety-ultimatum/
,strong_title_match,oils,food safety; raids,2026-02-24,hindustantimes.com,hindustantimes.com,"Ahead of Holi, food safety raids net unhygienic sweets, mislabelled oils in GB Nagar","""edible oil"" adulterated India",success,https://www.hindustantimes.com/cities/noida-news/ahead-of-holi-food-safety-raids-net-unhygienic-sweets-mislabelled-oils-in-gb-nagar-101771877000656.html
,strong_title_match,mustard oil; oil,adulterated; food safety; seized; fake,2026-02-24,news18.com,news18.com,"6,000 Litres Of Adulterated Mustard Oil Seized In UP: How To Check Purity? What Are The Red Flags?","""mustard oil"" adulteration India",failed,https://www.news18.com/india/up-barabanki-6000-litres-of-fake-mustard-oil-seized-raises-food-safety-concerns-aa-ws-l-9927362.html
,strong_title_match,ghee; oil,adulterated; seized; fssai; fake; raid,2026-02-24,economictimes.indiatimes.com,indiatimes.com,"14,000 litres of adulterated oil, 1,320 kg of rotten dates and fake ghee seized in Kanpur raid; FSSAI UPFSDA issue warning ahead of festival season","""adulterated oil"" seized India",success,https://economictimes.indiatimes.com/news/new-updates/14000-litres-of-adulterated-oil-1320-kg-of-rotten-dates-and-fake-ghee-seized-in-kanpur-raid-fssai-upfsda-issue-warning-ahead-of-festival-season/articleshow/128755875.cms
,broad_food_safety_title,,fake,2026-02-24,timesofindia.indiatimes.com,indiatimes.com,Whatâs really on your plate? 10 food joints caught selling fake paneer,"""oil"" ""food safety"" ""seized"" India",success,https://timesofindia.indiatimes.com/city/ahmedabad/whats-really-on-your-plate-10-food-joints-caught-selling-fake-paneer/articleshow/128725872.cms
,broad_food_safety_title,,fssai,2026-02-23,thehindubusinessline.com,thehindubusinessline.com,FSSAI directs States to conduct special surveillance drives around Holi,"""edible oil"" adulteration India",robots_blocked,https://www.thehindubusinessline.com/news/fssai-directs-states-to-conduct-special-surveillance-drives-around-holi/article70666679.ece
,strong_title_match,oil,adulterated; seized; fssai,2026-02-23,timesofindia.indiatimes.com,indiatimes.com,10000 kg rotten dates and 13972 litres of adulterated oil seized in Kanpur: FSSAI's oil purity tests to try at home,"""coconut oil"" adulteration India",success,https://timesofindia.indiatimes.com/life-style/food-news/10000-kg-rotten-dates-and-13972-litres-of-adulterated-oil-seized-in-kanpur-fssais-oil-purity-tests-to-try-at-home/photostory/128717642.cms
,strong_title_match,edible oil; oil,adulterated; food safety,2026-02-22,timesofindia.indiatimes.com,indiatimes.com,"Food safety teams seize adulterated khoya in Agra, edible oil in Mânagar","FSDA ""edible oil"" seized",success,https://timesofindia.indiatimes.com/city/agra/food-safety-teams-seize-adulterated-khoya-in-agra-edible-oil-in-mnagar/articleshow/128652372.cms
,broad_food_safety_title,,crackdown; unsafe,2026-02-21,theshillongtimes.com,theshillongtimes.com,Govt crackdown on Polo shops over unsafe cooking practices,"""oil"" ""food safety"" ""seized"" India",success,https://theshillongtimes.com/2026/02/21/govt-crackdown-on-polo-shops-over-unsafe-cooking-practices/
,broad_food_safety_title,,food adulteration; adulteration; crackdown,2026-02-13,deccanchronicle.com,deccanchronicle.com,Crackdown on Food Adulteration Intensifies Across AP: Satyakumar,"""cooking oil"" adulteration India",robots_blocked,https://www.deccanchronicle.com/southern-states/andhra-pradesh/crackdown-on-food-adulteration-intensifies-across-ap-satyakumar-1937008
,oil_context_only_in_title,oil,,2026-02-13,newsx.com,newsx.com,"'Reused Oil, Spoilt Tomatoes': McDonald’s Jaipur Outlet Faces Regulatory Warning, Comes Under Fresh Government Scrutiny","""cooking oil"" adulteration India",robots_blocked,https://www.newsx.com/regionals/reused-oil-spoilt-tomatoes-mcdonalds-jaipur-outlet-faces-regulatory-warning-comes-under-fresh-government-scrutiny-166093/
,strong_title_match,oil,food safety; fssai,2026-02-12,deccanherald.com,deccanherald.com,"McDonald’s India: Food safety body flags rotten tomatoes, oil","""cooking oil"" adulteration India",robots_blocked,https://www.deccanherald.com/india/fssai-pulls-up-mcdonalds-over-use-of-rotten-tomatoes-and-reused-oil-3896279
,oil_context_only_in_title,oil,,2026-02-12,hindustantimes.com,hindustantimes.com,"McDonald's India outlet gets regulatory warning over rotten tomatoes, reused oil","""cooking oil"" adulteration India",success,https://www.hindustantimes.com/cities/jaipur-news/mcdonalds-india-outlet-gets-regulatory-warning-over-rotten-tomatoes-reused-oil-101770898007296.html
,broad_food_safety_title,,fake,2026-02-09,thelogicalindian.com,thelogicalindian.com,"Gujarat Factory Used 300 Litres Real Milk to Produce 1,800 Litres Fake Milk Daily for 5 Years","""soybean oil"" adulteration India",failed,https://thelogicalindian.com/gujarat-factory-used-300-litres-real-milk-to-produce-1800-litres-fake-milk-daily-for-5-years/
,broad_food_safety_title,,adulterated,2026-02-04,timesofindia.indiatimes.com,indiatimes.com,"Factory producing 80,000 litres adulterated milk daily busted in Diggi","""oil"" ""food safety"" ""seized"" India",success,https://timesofindia.indiatimes.com/city/jaipur/factory-producing-80000-litres-adulterated-milk-daily-busted-in-diggi/articleshow/127892796.cms
,broad_food_safety_title,,fssai; fake,2026-01-20,zeenews.india.com,india.com,FSSAI Warns About Fake Sweet Potatoes: Here’s How To Check Purity At Home And Cook 6 Delicious Dishes,"""vegetable oil"" adulteration India",success,https://zeenews.india.com/health/fssai-warns-about-fake-sweet-potatoes-here-s-how-to-check-purity-at-home-and-cook-6-delicious-dishes-3008763
,broad_food_safety_title,,seized,2026-01-01,timesofindia.indiatimes.com,indiatimes.com,Bread with no tags seized from outlet in Noida,"""oil"" ""food safety"" ""seized"" India",success,https://timesofindia.indiatimes.com/city/noida/bread-with-no-tags-seized-from-outlet-in-noida/articleshow/126278282.cms
,broad_food_safety_title,,adulterated; crackdown,2025-12-22,timesofindia.indiatimes.com,indiatimes.com,Officials seize over 14 L worth of adulterated paneer in crackdown,"""palm oil"" adulteration India",success,https://timesofindia.indiatimes.com/city/raipur/officials-seize-over-14-l-worth-of-adulterated-paneer-in-crackdown/articleshow/126125110.cms
,broad_food_safety_title,,fake,2025-12-19,thehindu.com,thehindu.com,"Police bust rackets producing fake medicines, cosmetics, food items","""oil"" ""food safety"" ""seized"" India",robots_blocked,https://www.thehindu.com/news/cities/Delhi/police-bust-rackets-producing-fake-medicines-cosmetics-food-items/article70412318.ece
,strong_title_match,ghee,adulteration,2025-11-28,newkerala.com,newkerala.com,TTD Official Arrested in Tirumala Laddu Ghee Adulteration Case,"""palm oil"" adulteration India",robots_blocked,https://www.newkerala.com/news/o/laddu-adulteration-case-sit-arrests-tirumala-temple-official-593
,strong_title_match,ghee,adulteration; fake,2025-11-10,swarajyamag.com,swarajyamag.com,SIT Reveals Widespread Ghee Adulteration At Tirumala Temple With Fake Supplies Worth Rs 250 Crore From Bhole Baba Dairy,"""palm oil"" adulteration India",robots_blocked,https://swarajyamag.com/news-brief/sit-reveals-widespread-ghee-adulteration-at-tirumala-temple-with-fake-supplies-worth-rs-250-crore-from-bhole-baba-dairy
,strong_title_match,ghee,fake,2025-11-10,thelogicalindian.com,thelogicalindian.com,68 Lakh Kg Fake Ghee Worth ₹250 Crore Supplied to Tirupati Trust by Dairy That Never Procured Milk: Report,"""palm oil"" adulteration India",failed,https://thelogicalindian.com/68-lakh-kg-fake-ghee-worth-%E2%82%B9250-crore-supplied-to-tirupati-trust-by-dairy-that-never-procured-milk-report/
,broad_food_safety_title,,adulteration; raids; fda,2025-10-19,mid-day.com,mid-day.com,Behind your festive mithai: FDA’s surprise raids keep adulteration at bay,"""edible oil"" adulteration India",success,https://www.mid-day.com/mumbai/mumbai-news/article/safer-sweets-this-diwali-thanks-to-surprise-raids-by-fda-across-maharashtra-23599285
,broad_food_safety_title,,adulterated food; adulterated; crackdown; seized; fsda,2025-10-18,hindustantimes.com,hindustantimes.com,FSDA festival crackdown: Over ₹62 lakh worth of adulterated food seized in Lucknow,"FSDA ""edible oil"" seized",success,https://www.hindustantimes.com/cities/lucknow-news/fsda-festival-crackdown-over-rs-62-lakh-worth-of-adulterated-food-seized-in-lucknow-101760729311321.html
,broad_food_safety_title,,substandard; crackdown; fda,2025-10-17,mid-day.com,mid-day.com,Maharashtra: FDA seizes 8 lakh kg of substandard food in pre-Diwali 2025 crackdown,"""edible oil"" adulteration India",success,https://www.mid-day.com/mumbai/mumbai-news/article/maharashtra-fda-seizes-8-lakh-kg-of-substandard-food-in-pre-diwali-2025-crackdown-23599185
,broad_food_safety_title,,fssai,2025-10-17,thehindubusinessline.com,thehindubusinessline.com,"Rajasthan High Court orders Indian Govt, FSSAI not to allow sale or import of GM food, edible items","FSSAI ""edible oil"" India",robots_blocked,https://www.thehindubusinessline.com/economy/agri-business/rajasthan-high-court-orders-indian-govt-fssai-not-to-allow-sale-or-import-of-gm-food-edible-items/article70176615.ece
,broad_food_safety_title,,adulterated food; adulterated; seized,2025-10-16,news18.com,news18.com,"Over 3,300 Quintals Of Adulterated Food Worth Rs 4.76 Crore Seized Before Diwali In UP","FSDA ""edible oil"" seized",failed,https://www.news18.com/india/over-3300-quintals-of-adulterated-food-worth-rs-4-76-crore-seized-before-diwali-in-up-ws-e-9641390.html
,strong_title_match,cooking oil; oil,adulterated; seized,2025-10-15,timesofindia.indiatimes.com,indiatimes.com,Adulterated paneer and cooking oil seized ahead of Diwali,"FSDA ""edible oil"" seized",success,https://timesofindia.indiatimes.com/city/agra/adulterated-paneer-and-cooking-oil-seized-ahead-of-diwali/articleshow/124586909.cms
,broad_food_safety_title,,adulterated food; adulterated; seized,2025-10-15,thehansindia.com,thehansindia.com,"2,993 quintals of adulterated food seized, 1,155 quintals destroyed; special drive runs from October 8-17","""mustard oil"" adulteration India",robots_blocked,https://www.thehansindia.com/news/national/2993-quintals-of-adulterated-food-seized-1155-quintals-destroyed-special-drive-runs-from-october-8-17-1015062
,broad_food_safety_title,,seized; fake,2025-10-13,timesofindia.indiatimes.com,indiatimes.com,550 kg of fake paneer seized in Noida: 5 non-dairy paneer alternatives to try,"""palm oil"" adulteration India",success,https://timesofindia.indiatimes.com/life-style/food-news/550-kg-of-fake-paneer-seized-in-noida-5-non-dairy-paneer-alternatives-to-try/articleshow/124535231.cms
,broad_food_safety_title,,samples; unsafe; fssai; fake,2025-10-13,thelogicalindian.com,thelogicalindian.com,Festive Season Shock: FSSAI Seizes 550 kg of Fake Paneer in Noida; Last Report Found 83% of Samples Unsafe,"""palm oil"" adulteration India",failed,https://thelogicalindian.com/festive-season-shock-fssai-seizes-550-kg-of-fake-paneer-in-noida-last-report-found-83-of-samples-unsafe/
,broad_food_safety_title,,fake,2025-10-13,economictimes.indiatimes.com,indiatimes.com,Noida: 500 kg fake paneer found before Diwali. Here's how to check the purity and what you can do to save yourself,"""oil"" ""food safety"" ""seized"" India",success,https://economictimes.indiatimes.com/news/india/noida-500-kg-fake-paneer-found-before-diwali-heres-how-to-check-the-purity-and-what-you-can-do-to-save-yourself/articleshow/124524319.cms
,strong_title_match,edible oil; oil,adulterated; seized; raid,2025-10-11,timesofindia.indiatimes.com,indiatimes.com,Adulterated edible oil worth Rs53L seized in Kanpur raid,"FSDA ""edible oil"" seized",success,https://timesofindia.indiatimes.com/city/kanpur/adulterated-edible-oil-worth-rs53l-seized-in-kanpur-raid/articleshow/124465364.cms
,broad_food_safety_title,,samples; seized,2025-10-11,timesofindia.indiatimes.com,indiatimes.com,Food samples seized in Ludhiana ahead of festive rush.,"""cooking oil"" adulteration India",success,https://timesofindia.indiatimes.com/city/ludhiana/food-samples-seized-in-ludhiana-ahead-of-festive-rush-/articleshow/124478576.cms
,strong_title_match,edible oil; oil,substandard; fsda,2025-10-10,timesofindia.indiatimes.com,indiatimes.com,FSDA seizes substandard supply of edible oil worth 30L,"FSDA ""edible oil"" seized",success,https://timesofindia.indiatimes.com/city/kanpur/fsda-seizes-substandard-supply-of-edible-oil-worth-30l/articleshow/124437838.cms
,strong_title_match,oil,fda,2025-10-09,timesofindia.indiatimes.com,indiatimes.com,FDA seizes untested soyabean oil,"""oil"" ""food safety"" ""seized"" India",success,https://timesofindia.indiatimes.com/city/nagpur/fda-seizes-untested-soyabean-oil/articleshow/124398090.cms
,broad_food_safety_title,,food safety,2025-09-27,newkerala.com,newkerala.com,Global Experts Unveil Antibiotic Regulation for Food Safety,"FSSAI ""edible oil"" India",robots_blocked,https://www.newkerala.com/news/o/proper-regulation-key-correct-antibiotic-use-boost-food-safety-955
,broad_food_safety_title,,food safety,2025-09-23,en.etemaaddaily.com,etemaaddaily.com,GHMC Food Safety team inspects Pizza outlets,"""oil"" ""food safety"" ""seized"" India",success,https://www.en.etemaaddaily.com/world/hyderabad/ghmc-food-safety-team-inspects-pizza-outlets:182073
,strong_title_match,olive oil; oil,fssai,2025-09-09,freepressjournal.in,freepressjournal.in,"'FSSAI’s Selective Promotion Of Olive Oil Wrong,' Says Soybean Processors Association Of India","FSSAI ""edible oil"" India",robots_blocked,https://www.freepressjournal.in/indore/fssais-selective-promotion-of-olive-oil-wrong-says-soybean-processors-association-of-india
,broad_food_safety_title,,seized; fake,2025-08-26,indianexpress.com,indianexpress.com,Mumbai: 550 kg fake cheese sold as paneer seized,"""palm oil"" adulteration India",success,https://indianexpress.com/article/cities/mumbai/mumbai-550-kg-fake-cheese-sold-as-paneer-seized-10213225/
,broad_food_safety_title,,fake; raid,2025-08-26,freepressjournal.in,freepressjournal.in,Mumbai Food Fraud: Crime Branch Seizes 550 Kg Fake Paneer Made From 'Cheese Analog' In Antop Hill Raid,"""oil"" ""food safety"" ""seized"" India",robots_blocked,https://www.freepressjournal.in/mumbai/mumbai-food-fraud-crime-branch-seizes-550-kg-fake-paneer-made-from-cheese-analog-in-antop-hill-raid
,strong_title_match,coconut oil; oil,spurious; seized,2025-08-19,thehindu.com,thehindu.com,"Ahead of Onam, 17,000 litres of spurious, sub-standard coconut oil seized in inspections","""oil"" ""food safety"" ""seized"" India",robots_blocked,https://www.thehindu.com/news/national/kerala/ahead-of-onam-17000-litres-of-spurious-sub-standard-coconut-oil-seized-in-inspections/article69952466.ece
,weak_or_body_only_match,,,2025-08-05,hindustantimes.com,hindustantimes.com,"Merc belonging to bizman runs over sweeper near Chowpatty, driver arrested","""edible oil"" seized India",success,https://www.hindustantimes.com/cities/mumbai-news/merc-belonging-to-bizman-runs-over-sweeper-near-chowpatty-driver-arrested-101754334127160.html
,strong_title_match,oils,fssai,2025-07-28,economictimes.indiatimes.com,indiatimes.com,"SEA urges CCPA, FSSAI to take action against 'misleading' social media claims on refined oils","FSSAI ""edible oil"" India",success,https://economictimes.indiatimes.com/industry/cons-products/food/sea-urges-ccpa-fssai-to-take-action-against-misleading-social-media-claims-on-refined-oils/articleshow/122950128.cms
,broad_food_safety_title,,food safety department; food safety,2025-07-27,timesofindia.indiatimes.com,indiatimes.com,Food Safety Department mandates consumer feedback apps for sweet shops in Prayagraj to enhance transparency,"""food safety department"" ""edible oil"" India",success,https://timesofindia.indiatimes.com/city/allahabad/food-safety-department-mandates-consumer-feedback-apps-for-sweet-shops-in-prayagraj-to-enhance-transparency/articleshow/122934730.cms
,strong_title_match,ghee,samples; fssai,2025-07-08,freepressjournal.in,freepressjournal.in,"FSSAI Launches Ghee Purity Testing Drive In Madhya Pradesh Ahead Of Festive Season; Samples Sent To Bhopal, Indore Labs","""palm oil"" adulteration India",robots_blocked,https://www.freepressjournal.in/bhopal/fssai-launches-ghee-purity-testing-drive-in-madhya-pradesh-ahead-of-festive-season-samples-sent-to-bhopal-indore-labs
,broad_food_safety_title,,adulterated; seized,2025-06-30,hindustantimes.com,hindustantimes.com,"Four arrested after 1,400 kg adulterated paneer seized","""oil"" ""food safety"" ""seized"" India",success,https://www.hindustantimes.com/cities/noida-news/four-arrested-after-1-400-kg-adulterated-paneer-seized-101751222976328.html
,broad_food_safety_title,,seized,2025-06-14,timesofindia.indiatimes.com,indiatimes.com,450 kg paneer seized in Chandigarh: 5 ways to check the purity of paneer,"""palm oil"" adulteration India",success,https://timesofindia.indiatimes.com/life-style/food-news/450-kg-paneer-seized-in-chandigarh-5-ways-to-check-the-purity-of-paneer/articleshow/121838080.cms
,strong_title_match,mustard oil; oil,adulterated; seized,2025-06-11,timesofindia.indiatimes.com,indiatimes.com,Adulterated mustard oil seized in Ghaziabad: How to check oil purity at home,"""edible oil"" adulteration India",success,https://timesofindia.indiatimes.com/life-style/food-news/adulterated-mustard-oil-seized-in-ghaziabad-how-to-check-oil-purity-at-home/articleshow/121774827.cms
,broad_food_safety_title,,banned; seized,2025-04-24,thehindu.com,thehindu.com,"12,000 kg of banned tobacco products seized in four months in Erode district","""oil"" ""food safety"" ""seized"" India",robots_blocked,https://www.thehindu.com/news/cities/Coimbatore/12000-kg-of-banned-tobacco-products-seized-in-four-months-in-erode-district/article69486085.ece
,broad_food_safety_title,,fake; ban,2025-03-27,economictimes.indiatimes.com,indiatimes.com,Maharashtra dairy industry seeks ban on ‘fake’ paneer,"""vegetable oil"" adulteration India",success,https://economictimes.indiatimes.com/industry/cons-products/food/maharashtra-dairy-industry-seeks-ban-on-fake-paneer/articleshow/119595536.cms
,broad_food_safety_title,,adulterated; food safety; seized,2025-03-13,timesofindia.indiatimes.com,indiatimes.com,Over 500kg adulterated paneer seized by food safety and drug administration,"""edible oil"" adulteration India",success,https://timesofindia.indiatimes.com/city/patna/over-500kg-adulterated-paneer-seized-by-food-safety-and-drug-administration/articleshow/118985802.cms
,broad_food_safety_title,,food safety; fssai,2025-03-12,newkerala.com,newkerala.com,FSSAI Warns States on Dairy Analogue Safety Checks,"""vegetable oil"" adulteration India",robots_blocked,https://www.newkerala.com/news/o/fssai-directs-states-step-food-safety-checks-dairy-analogues-717
,broad_food_safety_title,,food safety; fssai,2025-03-12,economictimes.indiatimes.com,indiatimes.com,FSSAI directs States to step up food safety checks on dairy analogues,"""vegetable oil"" adulteration India",success,https://economictimes.indiatimes.com/industry/cons-products/food/fssai-directs-states-to-step-up-food-safety-checks-on-dairy-analogues/articleshow/118903332.cms
,broad_food_safety_title,,fssai,2025-03-11,thehindubusinessline.com,thehindubusinessline.com,FSSAI asks states to step up surveillance on dairy analogues during March,"""vegetable oil"" adulteration India",robots_blocked,https://www.thehindubusinessline.com/economy/fssai-asks-states-to-step-up-surveillance-on-dairy-analogues-during-march/article69317474.ece
,broad_food_safety_title,,fake,2025-02-21,newsx.com,newsx.com,Explained: What Is Analogue Paneer? Is Your Paneer Real Or Fake,"""vegetable oil"" adulteration India",robots_blocked,https://www.newsx.com/health/what-is-analogue-paneer-6-ways-to-identify-it-and-stay-safe/
,strong_title_match,ghee,fake,2025-01-16,timesofindia.indiatimes.com,indiatimes.com,Deadly substances found in fake ghee: Factory found mimicking leading brands in alarming scam,"""palm oil"" adulteration India",success,https://timesofindia.indiatimes.com/etimes/trending/deadly-substances-found-in-fake-ghee-factory-found-mimicking-leading-brands-in-alarming-scam/articleshow/117276930.cms
,oil_context_only_in_title,oil,,2025-01-02,ndtv.com,ndtv.com,Chinese Restaurant Busted Making 'Saliva Oil' By Reusing Oil From Leftover Soup,"""oil"" ""food safety"" ""seized"" India",robots_blocked,https://www.ndtv.com/food/chinese-restaurant-busted-making-saliva-oil-by-reusing-oil-from-leftover-soup-7383684#publisher=newsstand
,strong_title_match,cooking oil; oil,fssai,2024-10-29,thehindu.com,thehindu.com,"FSSAI seizes 1,780 litres of reheated cooking oil, 306 kg of sweets for excessive use of colourants in Coimbatore","""oil"" ""food safety"" ""seized"" India",robots_blocked,https://www.thehindu.com/news/cities/Coimbatore/fssai-seizes-1780-litres-of-reheated-cooking-oil-306-kg-of-sweets-for-excessive-use-of-colourants-in-coimbatore/article68810578.ece
,strong_title_match,oil,fssai,2024-10-29,newindianexpress.com,newindianexpress.com,"FSSAI seizes Rs 72k worth of sweets, savouries in Kovai, warns against reusing oil","""oil"" ""food safety"" ""seized"" India",robots_blocked,https://www.newindianexpress.com/states/tamil-nadu/2024/Oct/29/fssai-seizes-rs-72k-worth-of-sweets-savouries-in-kovai-warns-against-reusing-oil
,strong_title_match,oil,food safety; seized,2024-10-29,hindustantimes.com,hindustantimes.com,"Gautam Budh Nagar: 370 kg sweets, 750 ltr oil seized in food safety checks","""oil"" ""food safety"" ""seized"" India",success,https://www.hindustantimes.com/cities/noida-news/gautam-budh-nagar-370-kg-sweets-750-ltr-oil-seized-in-food-safety-checks-101730140849789.html
,broad_food_safety_title,,seized; raids,2024-10-27,news18.com,news18.com,"Buying Diwali Sweets? Beware As Stale Paneer, Insect-Ridden Rasgullas Seized In Raids","""oil"" ""food safety"" ""seized"" India",failed,https://www.news18.com/india/buying-diwali-sweets-beware-as-stale-paneer-insect-ridden-rasgullas-seized-in-raids-9100994.html
,broad_food_safety_title,,fake,2024-10-24,timesofindia.indiatimes.com,indiatimes.com,Bhopal Police Seizes 10 Quintals of Fake Mawa Amid Diwali Celebration,"""edible oil"" adulterated India",success,https://timesofindia.indiatimes.com/city/bhopal/bhopal-police-seizes-10-quintals-of-fake-mawa-amid-diwali-celebration/articleshow/114555214.cms
,broad_food_safety_title,,fake,2024-10-23,dnaindia.com,dnaindia.com,Fake or real paneer: How to check its purity at home?,"""oil"" ""food safety"" ""seized"" India",robots_blocked,https://www.dnaindia.com/health/report-fake-or-real-paneer-how-to-check-its-purity-at-home-3114602
,broad_food_safety_title,,fake,2024-10-21,hindustantimes.com,hindustantimes.com,Zomato under fire for selling ‘analogue paneer’ to restaurants: What is this fake cheese?,"""vegetable oil"" adulteration India",success,https://www.hindustantimes.com/trending/zomato-under-fire-for-selling-analogue-paneer-to-restaurants-what-is-this-fake-cheese-101729494923343.html
,strong_title_match,ghee,adulterated; substandard,2024-10-06,thehindubusinessline.com,thehindubusinessline.com,Adulterated ghee: Concerns over substandard feedstock slipping through lab checks,"""coconut oil"" adulteration India",robots_blocked,https://www.thehindubusinessline.com/news/adulterated-ghee-concerns-over-substandard-feedstock-slipping-through-lab-checks/article68724490.ece
,broad_food_safety_title,,food safety; fssai,2024-10-02,mumbainews.net,mumbainews.net,"FSSAI launches 'Food Safety on Wheels' initiative in Nubra Valley, conducts food testing at 17,582ft","FSSAI ""edible oil"" India",success,https://www.mumbainews.net/news/274658791/fssai-launches-food-safety-on-wheels-initiative-in-nubra-valley-conducts-food-testing-at-17582ft
,broad_food_safety_title,,food safety; fssai,2024-10-02,newdelhinews.net,newdelhinews.net,"FSSAI launches 'Food Safety on Wheels' initiative in Nubra Valley, conducts food testing at 17,582ft","FSSAI ""edible oil"" India",success,https://www.newdelhinews.net/news/274658791/fssai-launches-food-safety-on-wheels-initiative-in-nubra-valley-conducts-food-testing-at-17582ft
,broad_food_safety_title,,food safety; fssai,2024-10-02,indiasnews.net,indiasnews.net,"FSSAI launches 'Food Safety on Wheels' initiative in Nubra Valley, conducts food testing at 17,582ft","FSSAI ""edible oil"" India",success,https://www.indiasnews.net/news/274658791/fssai-launches-food-safety-on-wheels-initiative-in-nubra-valley-conducts-food-testing-at-17582ft
,broad_food_safety_title,,food safety; fssai,2024-10-02,bombaynews.net,bombaynews.net,"FSSAI launches 'Food Safety on Wheels' initiative in Nubra Valley, conducts food testing at 17,582ft","FSSAI ""edible oil"" India",success,https://www.bombaynews.net/news/274658791/fssai-launches-food-safety-on-wheels-initiative-in-nubra-valley-conducts-food-testing-at-17582ft
,strong_title_match,cooking oil; oil,food safety; seized; unsafe,2024-10-01,deccanchronicle.com,deccanchronicle.com,Hyderabad: Unsafe oil seized from Burger King,"""oil"" ""food safety"" ""seized"" India",robots_blocked,https://www.deccanchronicle.com/southern-states/telangana/hyderabad-food-safety-dept-seizes-unsafe-cooking-oil-from-burger-king-outlet-1827348
,broad_food_safety_title,,food safety officials; food safety,2024-09-26,thehindu.com,thehindu.com,"Food safety officials seize 1,000 kg cashew, 800 kg raisins of poor quality at Durga temple in Vijayawada","""edible oil"" seized India",robots_blocked,https://www.thehindu.com/news/national/andhra-pradesh/food-safety-officials-seize-1000-kg-cashew-800-kg-raisins-of-poor-quality-at-durga-temple-in-vijayawada/article68686535.ece
,broad_food_safety_title,,fssai,2024-09-24,newindianexpress.com,newindianexpress.com,FSSAI issues show-cause notice to AR Dairy,"""palm oil"" adulteration India",robots_blocked,https://www.newindianexpress.com/nation/2024/Sep/24/fssai-issues-show-cause-notice-to-ar-dairy-3
,strong_title_match,ghee,fssai,2024-09-23,newindianexpress.com,newindianexpress.com,Tirupati laddu row: FSSAI issues show cause notice to ghee supplier,"""palm oil"" adulteration India",robots_blocked,https://www.newindianexpress.com/nation/2024/Sep/23/tirupati-laddu-row-fssai-issues-show-cause-notice-to-ghee-supplier-2
,strong_title_match,oil,fine,2024-09-05,thehindu.com,thehindu.com,"Poor quality oil found in kits distributed among tribes, fine of ₹7 lakh imposed on company","""substandard coconut oil"" India",robots_blocked,https://www.thehindu.com/news/national/kerala/poor-quality-oil-found-in-kits-distributed-among-tribes-fine-of-7-lakh-imposed-on-company/article68609646.ece
,broad_food_safety_title,,food safety,2024-07-19,thehindu.com,thehindu.com,HC orders interim stay on order passed by Food Safety Designated Officer suspending licence of KFC outlet in Thoothukudi,"FSSAI ""edible oil"" India",robots_blocked,https://www.thehindu.com/news/cities/Madurai/hc-orders-interim-stay-on-order-passed-by-food-safety-designated-officer-suspending-licence-of-kfc-outlet-in-thoothukudi/article68422505.ece
,strong_title_match,oil,fake,2024-07-18,newindianexpress.com,newindianexpress.com,"Tirtol police bust fake engine oil racket in Jagatsinghpur, Odisha","""adulterated oil"" seized India",robots_blocked,https://www.newindianexpress.com/states/odisha/2024/Jul/18/tirtol-police-bust-fake-engine-oil-racket-in-jagatsinghpur-odisha
,strong_title_match,edible oil; oil,fssai,2024-07-09,timesofindia.indiatimes.com,indiatimes.com,FSSAI issues notices to 55 edible oil manufacturers,"FSSAI ""edible oil"" India",success,https://timesofindia.indiatimes.com/city/ahmedabad/fssai-issues-notices-to-55-edible-oil-manufacturers/articleshow/111591411.cms
,broad_food_safety_title,,fssai,2024-07-07,timesofindia.indiatimes.com,indiatimes.com,License of fast food giant suspended by FSSAI for use of magnesium silicate-synthetic,"""oil"" ""food safety"" ""seized"" India",success,https://timesofindia.indiatimes.com/life-style/food-news/license-of-fast-food-giant-suspended-by-fssai-for-use-of-magnesium-silicate-synthetic/articleshow/111557767.cms
,broad_food_safety_title,,fssai,2024-07-06,thehindu.com,thehindu.com,KFC India claims chicken safe as per FSSAI norms,"""oil"" ""food safety"" ""seized"" India",robots_blocked,https://www.thehindu.com/news/national/tamil-nadu/kfc-india-claims-chicken-safe-as-per-fssai-norms/article68371793.ece
,strong_title_match,ghee,adulterated; seized; fake,2024-06-25,timesofindia.indiatimes.com,indiatimes.com,Thousands of tonnes of adulterated ghee seized: Hereâs how to identify fake ghee,"""oil"" ""food safety"" ""seized"" India",success,https://timesofindia.indiatimes.com/life-style/food-news/thousands-of-tonnes-of-adulterated-ghee-seized-heres-how-to-identify-fake-ghee/articleshow/111258066.cms
,broad_food_safety_title,,food safety officials; food safety,2024-06-18,timesofindia.indiatimes.com,indiatimes.com,Food Safety Officials Find Pest-Infested Vegetables and Unhygienic Kitchen Conditions in Hostels,"""cooking oil"" adulteration India",success,https://timesofindia.indiatimes.com/city/hyderabad/food-safety-officials-find-pest-infested-vegetables-and-unhygienic-kitchen-conditions-in-hostels/articleshow/111069599.cms
,broad_food_safety_title,,seized,2024-06-12,timesofindia.indiatimes.com,indiatimes.com,386 packs of ice cream seized for missing content details,"""edible oil"" adulteration India",success,https://timesofindia.indiatimes.com/city/madurai/386-packs-of-ice-cream-seized-for-missing-content-details/articleshow/110922934.cms
,broad_food_safety_title,,fake,2024-06-10,timesofindia.indiatimes.com,indiatimes.com,Man nabbed for printing fake notes,"""edible oil"" seized India",success,https://timesofindia.indiatimes.com/city/kolhapur/man-nabbed-for-printing-fake-notes/articleshow/110856606.cms
,strong_title_match,edible oil; oil,fake,2024-06-05,timesofindia.indiatimes.com,indiatimes.com,6 harmful ingredients found in fake edible oil,"""edible oil"" adulteration India",success,https://timesofindia.indiatimes.com/life-style/food-news/harmful-ingredients-in-fake-edible-oil/articleshow/110737364.cms
,strong_title_match,cooking oil; oil,fssai; fake,2024-06-04,timesofindia.indiatimes.com,indiatimes.com,How to identify fake cooking oil? (FSSAI recommended tips),"""edible oil"" adulteration India",success,https://timesofindia.indiatimes.com/life-style/health-fitness/health-news/how-to-identify-fake-cooking-oil-fssai-recommended-tips/articleshow/110694766.cms
,broad_food_safety_title,,fssai; raids,2024-06-03,thehansindia.com,thehansindia.com,Hyderabad: No let-up in FSSAI raids on top food joints in city,"""oil"" ""food safety"" ""seized"" India",robots_blocked,https://www.thehansindia.com/news/cities/hyderabad/hyderabad-no-let-up-in-fssai-raids-on-top-food-joints-in-city-882502
,strong_title_match,oil,fssai,2024-05-31,thehansindia.com,thehansindia.com,Oil repackaging units on FSSAI radar; team swoops on hotels near Charminar,"""oil"" ""food safety"" ""seized"" India",robots_blocked,https://www.thehansindia.com/telangana/oil-repackaging-units-on-fssai-radar-team-swoops-on-hotels-near-charminar-881950
,broad_food_safety_title,,food safety; crackdown,2024-05-25,thehansindia.com,thehansindia.com,"Hyderabad: Crackdown on restaurants continues, food safety teams detect irregularities","""oil"" ""food safety"" ""seized"" India",robots_blocked,https://www.thehansindia.com/news/cities/hyderabad/hyderabad-crackdown-on-restaurants-continues-food-safety-teams-detect-irregularities-880608
,broad_food_safety_title,,food safety officers; food safety; raid,2024-05-20,thehansindia.com,thehansindia.com,"Hyderabad: Food safety officers raid top restaurants, find unhygienic conditions","""oil"" ""food safety"" ""seized"" India",robots_blocked,https://www.thehansindia.com/news/cities/hyderabad/hyderabad-food-safety-officers-raid-top-restaurants-find-unhygienic-conditions-879481
,broad_food_safety_title,,fssai,2024-05-06,thehansindia.com,thehansindia.com,"Hyderabad: FSSAI inspects hotels, ice-cream parlours, slaps notices on erring eateries across city","""oil"" ""food safety"" ""seized"" India",robots_blocked,https://www.thehansindia.com/news/cities/hyderabad/hyderabad-fssai-inspects-hotels-ice-cream-parlours-slaps-notices-on-erring-eateries-across-city-876788
,broad_food_safety_title,,food safety,2024-05-02,tribuneindia.com,tribuneindia.com,Poor regulation plagues food safety,"FSSAI ""edible oil"" India",success,https://www.tribuneindia.com/news/comment/poor-regulation-plagues-food-safety-616783
,broad_food_safety_title,,fssai,2024-04-30,thehansindia.com,thehansindia.com,"FSSAI inspects mall, issues hygiene notices","FSSAI ""edible oil"" India",robots_blocked,https://www.thehansindia.com/news/cities/hyderabad/fssai-inspects-mall-issues-hygiene-notices-875669
,broad_food_safety_title,,fssai,2024-04-25,freepressjournal.in,freepressjournal.in,"McDonald's, Theobroma Deliver Stale Products To Customers In Noida; FSSAI Initiates Action","""palm oil"" adulteration India",robots_blocked,https://www.freepressjournal.in/india/mcdonalds-theobroma-deliver-stale-products-to-customers-in-noida-fssai-initiates-action
,broad_food_safety_title,,fake,2024-04-18,timesofindia.indiatimes.com,indiatimes.com,Market flooded with synthetic paneer: Tips to recognize fake paneer at home,"""palm oil"" adulteration India",success,https://timesofindia.indiatimes.com/life-style/food-news/how-to-recognize-fake-paneer-at-home/articleshow/109395959.cms
,broad_food_safety_title,,fssai,2024-03-19,thehindu.com,thehindu.com,"100 jails certified as Eat Right Campuses as part of FSSAI’s nationwide campaign for safe, healthy and sustainable food","""cooking oil"" adulteration India",robots_blocked,https://www.thehindu.com/news/national/100-jails-certified-as-eat-right-campuses-as-part-of-fssais-nationwide-campaign-for-safe-healthy-and-sustainable-food/article67968278.ece
,broad_food_safety_title,,adulterated; samples; unsafe,2024-03-16,timesofindia.indiatimes.com,indiatimes.com,Unsafe Paneer Samples Found in Noida Restaurants: Adulterated Paneer Smuggled from Aligarh,"""oil"" ""food safety"" ""seized"" India",success,https://timesofindia.indiatimes.com/city/noida/unsafe-paneer-samples-found-in-noida-restaurants-adulterated-paneer-smuggled-from-aligarh/articleshow/108534978.cms
,broad_food_safety_title,,fssai,2024-03-08,tribuneindia.com,tribuneindia.com,FSSAI to bolster food fortification to combat malnutrition,"FSSAI ""edible oil"" India",success,https://www.tribuneindia.com/news/delhi/fssai-to-bolster-food-fortification-to-combat-malnutrition-598454
,broad_food_safety_title,,fda,2024-03-02,timesofindia.indiatimes.com,indiatimes.com,FDA says selling cheese analogues as ‘paneer’ illegal,"""coconut oil"" adulteration India",success,https://timesofindia.indiatimes.com/city/nagpur/fda-says-selling-cheese-analogues-as-paneer-illegal/articleshow/108152356.cms
,broad_food_safety_title,,samples; test,2023-12-23,tribuneindia.com,tribuneindia.com,Food samples from school fail quality test,"""oil"" ""food safety"" ""seized"" India",success,https://www.tribuneindia.com/news/punjab/food-samples-from-school-fail-quality-test-574528
,broad_food_safety_title,,spurious; seized,2023-12-04,tribuneindia.com,tribuneindia.com,'Spurious' food items seized at Ferozepur meritorious school,"""oil"" ""food safety"" ""seized"" India",success,https://www.tribuneindia.com/news/punjab/spurious-food-items-seized-at-ferozepur-meritorious-school-568467
,broad_food_safety_title,,crackdown; seized,2023-11-24,indianexpress.com,indianexpress.com,"Crackdown on ‘halal’ products in UP: 2,275 kg of food items seized","""edible oil"" adulterated India",success,https://indianexpress.com/article/cities/lucknow/crackdown-on-halal-products-in-up-2275-kg-of-food-items-seized-9040099/
,broad_food_safety_title,,seized,2023-11-17,timesofindia.indiatimes.com,indiatimes.com,25 quintals of PDS rice ragi seized,"""mustard oil"" seized India",success,https://timesofindia.indiatimes.com/city/bengaluru/25-quintals-of-pds-rice-and-ragi-seized/articleshow/105275545.cms
,broad_food_safety_title,,food adulteration; adulteration; food safety,2023-11-13,food.ndtv.com,ndtv.com,"5 Easy Food Adulteration Tests You Can Perform At Home, As Shared By Food Authority","""cooking oil"" adulteration India",robots_blocked,https://food.ndtv.com/food-drinks/food-adulteration-tests-5-easy-food-safety-tests-you-can-perform-at-home-as-shared-by-food-authority-4569847#publisher=newsstand
,broad_food_safety_title,,food adulteration; adulteration,2023-11-13,food.ndtv.com,ndtv.com,"5 Easy Food Adulteration Tests You Can Perform At Home, As Shared By Food Authority","""cooking oil"" adulteration India",robots_blocked,https://food.ndtv.com/food-drinks/5-easy-food-adulteration-tests-you-can-perform-at-home-as-shared-by-food-authority-4569847
,strong_title_match,oil,adulteration; seized,2023-11-09,timesofindia.indiatimes.com,indiatimes.com,Oil Worth ₹40 Lakh Seized On Suspicion Of Adulteration,"""edible oil"" adulteration India",success,https://timesofindia.indiatimes.com/city/kanpur/oil-worth-40-lakh-seized-on-suspicion-of-adulteration/articleshow/105083122.cms
,broad_food_safety_title,,spurious; seized,2023-11-09,tribuneindia.com,tribuneindia.com,"6,500 kg of spurious sweets, milk items seized in 10 days","""oil"" ""food safety"" ""seized"" India",success,https://www.tribuneindia.com/news/punjab/6-500-kg-of-spurious-sweets-milk-items-seized-in-10-days-560816
,broad_food_safety_title,,fine; fda,2023-11-05,timesofindia.indiatimes.com,indiatimes.com,"Fda Confiscates Stale Khowa During Action, Fine Traders","""vegetable oil"" adulteration India",success,https://timesofindia.indiatimes.com/city/nagpur/fda-confiscates-stale-khowa-during-action-fine-traders/articleshow/104978595.cms
,broad_food_safety_title,,food safety,2023-10-22,timesofindia.indiatimes.com,indiatimes.com,Follow Food Safety Norms: West Tripura Dm To Vendors,"""edible oil"" adulteration India",success,https://timesofindia.indiatimes.com/city/agartala/follow-food-safety-norms-west-tripura-dm-to-vendors/articleshow/104618972.cms
,strong_title_match,edible oil; oil,fssai,2023-10-18,livemint.com,livemint.com,Blended edible oil beneficial: FSSAI,"FSSAI ""edible oil"" India",success,https://www.livemint.com/news/india/blended-edible-oil-beneficial-fssai-11697567700962.html
,broad_food_safety_title,,raids; fda,2023-09-20,timesofindia.indiatimes.com,indiatimes.com,Mumbai Fda Team Raids City’s Betel Nut Traders,"""edible oil"" adulteration India",success,https://timesofindia.indiatimes.com/city/nagpur/mumbai-fda-team-raids-citys-betel-nut-traders/articleshow/103796119.cms
,broad_food_safety_title,,inspection; fda,2023-09-14,indianexpress.com,indianexpress.com,"Maggots found in FDA’s inspection in Mumbai’s Bademiya; Krishna Fastfood, Paradise Home Kitchen fined","""mustard oil"" adulteration India",success,https://indianexpress.com/article/cities/mumbai/maggots-fdas-inspection-mumbais-bademiya-krishna-fastfood-paradise-home-kitchen-fined-8940407/
,broad_food_safety_title,,inspection; fda,2023-09-09,freepressjournal.in,freepressjournal.in,Thane FDA Seizes Goods Worth ₹4 Lakh During Surprise Inspection Of 2 Milk Dairies In Wagle Estate Area,"""oil"" ""food safety"" ""seized"" India",robots_blocked,https://www.freepressjournal.in/mumbai/thane-fda-seizes-goods-worth-4-lakh-during-surprise-inspection-of-2-milk-dairies-in-wagle-estate-area
,strong_title_match,oil,adulterated; food safety,2023-08-30,hindustantimes.com,hindustantimes.com,"Ahead of festive season, adulterated paneer, milk, and oil raise alarms for food safety in Lucknow","""edible oil"" adulteration India",success,https://www.hindustantimes.com/cities/others/ahead-of-festive-season-adulterated-paneer-milk-and-oil-raise-alarms-for-food-safety-in-lucknow-101693406351671.html
,broad_food_safety_title,,seized; fssai; fake,2023-08-12,mid-day.com,mid-day.com,Thane: Rs 4.82 lakh-worth food items manufactured using fake FSSAI licence seized; four booked,"""mustard oil"" seized India",success,https://www.mid-day.com/mumbai/mumbai-news/article/thane-rs-4-82-lakh-worth-food-items-manufactured-using-fake-fssai-licence-seized-four-booked-23303251
,strong_title_match,edible oil; oils; oil,fssai,2023-05-10,business-standard.com,business-standard.com,FSSAI proposes to do away with Agmark registration for some edible oils,"FSSAI ""edible oil"" India",robots_blocked,https://www.business-standard.com/economy/news/fssai-proposes-doing-away-with-agmark-certification-for-some-edible-oil-123051000981_1.html
,strong_title_match,oils,adulteration; food safety,2023-04-22,thehindubusinessline.com,thehindubusinessline.com,"Keep tabs on adulteration in edible oils, cautions food safety authority","""edible oil"" adulteration India",robots_blocked,https://www.thehindubusinessline.com/economy/agri-business/keep-tabs-on-adulteration-in-edible-oils-cautions-food-safety-authority/article66766803.ece
,broad_food_safety_title,,samples; test,2023-04-06,tribuneindia.com,tribuneindia.com,Ambala: 25% food samples fail quality test,"""food safety officer"" ""edible oil"" India",success,https://www.tribuneindia.com/news/haryana/25-food-samples-fail-quality-test-494650
,strong_title_match,oil,food safety,2023-02-11,newindianexpress.com,newindianexpress.com,Food safety dept to check on oil merchants,"""vegetable oil"" adulteration India",robots_blocked,https://www.newindianexpress.com/states/andhra-pradesh/2023/feb/11/food-safety-dept-to-check-on-oil-merchants-2546465.html
,broad_food_safety_title,,food safety,2023-01-15,newsclick.in,newsclick.in,"KL This Week: ‘Year of Enterprises’ Wins ‘Best Practices’ Award, Food Safety Measures Continue","""oil"" ""food safety"" ""seized"" India",robots_blocked,https://www.newsclick.in/KL-This-Week-Year-Enterprises-Wins-Best-Practices-Award-Food-Safety-Measures-Continue
,broad_food_safety_title,,food safety,2022-11-18,thehansindia.com,thehansindia.com,Hyderabad: Mayor Gadwal Vijayalakshmi rolls out 'Food Safety on Wheels' van,"""oil"" ""food safety"" ""seized"" India",robots_blocked,https://www.thehansindia.com/news/cities/hyderabad/hyderabad-mayor-gadwal-vijayalakshmi-rolls-out-food-safety-on-wheels-van-769760
,broad_food_safety_title,,fssai,2022-11-15,thehindu.com,thehindu.com,FSSAI organises seminar on food fortification in Coimbatore,"FSSAI ""edible oil"" India",robots_blocked,https://www.thehindu.com/news/cities/Coimbatore/fssai-organises-seminar-on-food-fortification-in-coimbatore/article66141002.ece
,broad_food_safety_title,,substandard; samples,2022-10-17,tribuneindia.com,tribuneindia.com,41per cent milk samples found substandard in Punjab,"""edible oil"" adulteration India",failed,https://www.tribuneindia.com/news/punjab/41per-cent-milk-samples-found-substandard-in-punjab-441963
,broad_food_safety_title,,spurious; seized,2022-10-13,tribuneindia.com,tribuneindia.com,Festive season: Spurious khoya seized from Ambala dairy,"""oil"" ""food safety"" ""seized"" India",success,https://www.tribuneindia.com/news/chandigarh/festive-season-spurious-khoya-seized-from-ambala-dairy-440791
,broad_food_safety_title,,food safety,2022-09-15,timesofindia.indiatimes.com,indiatimes.com,Kolkata Municipal Corporation plans food safety drive ahead of Durga Puja,"""cooking oil"" adulteration India",success,https://timesofindia.indiatimes.com/city/kolkata/kolkata-municipal-corporation-plans-food-safety-drive-ahead-of-durga-puja/articleshow/94210228.cms
,broad_food_safety_title,,samples; fda,2022-09-11,freepressjournal.in,freepressjournal.in,Mumbai: FDA seize food samples worth Rs 7 lakh during festive season,"""edible oil"" adulteration India",robots_blocked,https://www.freepressjournal.in/mumbai/mumbai-fda-seize-food-samples-worth-rs-7-lakh-during-festive-season
,broad_food_safety_title,,seized,2022-09-07,thehindu.com,thehindu.com,Excise officials await lab results on beverage seized from Kozhikode,"""oil"" ""food safety"" ""seized"" India",robots_blocked,https://www.thehindu.com/news/national/kerala/excise-officials-await-lab-results-on-beverage-seized-from-kozhikode/article65862141.ece
,broad_food_safety_title,,seized,2022-08-29,timesofindia.indiatimes.com,indiatimes.com,Stale Meat Seized From Eateries,"""oil"" ""food safety"" ""seized"" India",success,https://timesofindia.indiatimes.com/city/coimbatore/stale-meat-seized-from-eateries/articleshow/93844572.cms
,strong_title_match,oil,adulterated; seized,2022-08-23,indianexpress.com,indianexpress.com,Over 4 litre of adulterated oil seized from Chennai store,"""adulterated oil"" seized India",success,https://indianexpress.com/article/cities/chennai/over-4-litre-of-adulterated-oil-seized-from-chennai-store-8107733/
,strong_title_match,edible oil; oil,fssai,2022-08-18,thehindubusinessline.com,thehindubusinessline.com,AGMARK certification not required for imported blended edible oil: FSSAI,"FSSAI ""edible oil"" India",robots_blocked,https://www.thehindubusinessline.com/economy/agmark-certification-not-required-for-imported-blended-edible-oil-fssai/article65783272.ece
,strong_title_match,oils,samples; fssai,2022-08-17,thehindubusinessline.com,thehindubusinessline.com,FSSAI says more than 4800 samples of edible oils lifted under nationwide surveillance campaign,"""edible oil"" adulteration India",robots_blocked,https://www.thehindubusinessline.com/economy/fssai-says-more-than-4800-samples-of-edible-oils-lifted-under-nationwide-surveillance-campaign/article65779371.ece
,strong_title_match,edible oil; oil,samples; fda,2022-08-14,freepressjournal.in,freepressjournal.in,Mumbai: FDA collects edible oil samples for quality check,"""edible oil"" adulteration India",robots_blocked,https://www.freepressjournal.in/mumbai/mumbai-fda-collects-edible-oil-samples-for-quality-check
,broad_food_safety_title,,food safety,2022-08-09,indianexpress.com,indianexpress.com,"Food items fail quality check in Chandigarh: Purchase food from licensed & hygienic stores, says food safety dept","""food safety department"" ""edible oil"" India",success,https://indianexpress.com/article/cities/chandigarh/food-items-fail-quality-check-in-chandigarh-purchase-food-from-licensed-hygienic-stores-says-food-safety-dept-8079080/
,strong_title_match,edible oil; oil,spurious,2022-08-05,thehindubusinessline.com,thehindubusinessline.com,SEA cautions processors on spurious edible oil by mixing glycerine with fatty acids,"FSSAI ""edible oil"" India",robots_blocked,https://www.thehindubusinessline.com/economy/agri-business/sea-cautions-processors-on-spurious-edible-oil-by-mixing-glycerine-with-fatty-acids/article65730930.ece
,strong_title_match,oils,adulteration; fssai,2022-08-03,indiasnews.net,indiasnews.net,FSSAI launches 2-week long drive to check adulteration in edible oils,"""edible oil"" adulteration India",success,http://www.indiasnews.net/news/272641314/fssai-launches-2-week-long-drive-to-check-adulteration-in-edible-oils
,broad_food_safety_title,,adulteration; fssai,2022-08-03,livemint.com,livemint.com,FSSAI's 2-week long campaign to check adulteration to last till 14 August,"""edible oil"" adulteration India",success,https://www.livemint.com/news/india/fssais-2-week-long-campaign-to-check-adulteration-to-last-till-14-august-11659500215404.html
,strong_title_match,oils,adulteration; fssai,2022-08-03,newdelhinews.net,newdelhinews.net,FSSAI launches 2-week long drive to check adulteration in edible oils,"""edible oil"" adulteration India",success,http://www.newdelhinews.net/news/272641314/fssai-launches-2-week-long-drive-to-check-adulteration-in-edible-oils
,broad_food_safety_title,,fda,2022-08-01,freepressjournal.in,freepressjournal.in,FDA seizes 7 quintal mawa in Bhopal ferried from Gwalior,"""oil"" ""food safety"" ""seized"" India",robots_blocked,https://www.freepressjournal.in/bhopal/fda-seizes-7-quintal-mawa-in-bhopal-ferried-from-gwalior
,strong_title_match,oils,food safety; fssai,2022-05-25,thehindubusinessline.com,thehindubusinessline.com,FSSAI directs State food safety commissioners to scrutinise labels of multi-source edible oils,"FSSAI ""edible oil"" India",robots_blocked,https://www.thehindubusinessline.com/economy/fssai-directs-state-food-safety-commissioners-to-scrutinise-labels-of-multi-source-edible-oils/article65460289.ece
,strong_title_match,edible oil; oil,raid,2022-05-18,amarujala.com,amarujala.com,"CBI Raid: हिमाचल के रक्कड़ में सीबीआई की दबिश, खाद्य तेल कारोबारी समेत पांच पर एफआईआर","""edible oil"" raid India",success,https://www.amarujala.com/shimla/cbi-raid-in-himachal-s-rakkar-una-fir-on-five-including-edible-oil-trader?utm_source=rssfeed&utm_medium=Referral&utm_campaign=rssfeed
,broad_food_safety_title,,food safety,2022-04-12,newindianexpress.com,newindianexpress.com,Food safety on wheels,"""edible oil"" adulteration India",robots_blocked,https://www.newindianexpress.com/cities/kochi/2022/apr/12/food-safety-on-wheels-2440851.html
,strong_title_match,oils; oil,food safety,2022-04-04,thehindu.com,thehindu.com,Oil’s not well? Food safety teams smell fraud,"""edible oil"" adulteration India",robots_blocked,https://www.thehindu.com/news/cities/Hyderabad/oils-not-well-food-safety-teams-smell-fraud/article65290089.ece
,broad_food_safety_title,,food safety; fssai,2022-02-12,en.etemaaddaily.com,etemaaddaily.com,FSSAI launches 'Food Safety on Wheels' in Telangana,"""edible oil"" adulteration India",success,https://www.en.etemaaddaily.com/world/hyderabad/fssai-launches-food-safety-on-wheels-in-telangana:108342
,strong_title_match,edible oil; oil,fda,2022-01-10,timesofindia.indiatimes.com,indiatimes.com,FDA urges ‘big’ hotels to hand over excess edible oil for bio-diesel,"""edible oil"" seized India",success,https://timesofindia.indiatimes.com/city/nagpur/fda-urges-big-hotels-to-hand-over-excess-edible-oil-for-bio-diesel/articleshow/88797263.cms
,strong_title_match,oils,substandard; samples; fssai,2021-12-29,business-standard.com,business-standard.com,"2.4% of 4,461 different edible oils samples found to be sub-standard: FSSAI","""edible oil"" adulteration India",robots_blocked,https://www.business-standard.com/article/economy-policy/2-42-pc-of-4-461-different-edible-oils-samples-found-to-be-substandard-fssai-121122901139_1.html
,strong_title_match,ghee,adulteration,2021-12-29,thehindu.com,thehindu.com,Four arrested in Nandini ghee adulteration racket case,"""cooking oil"" adulteration India",robots_blocked,https://www.thehindu.com/news/national/karnataka/four-arrested-in-nandini-ghee-adulteration-racket-case/article38059298.ece
,strong_title_match,edible oil; oil,adulterated; samples; fssai,2021-12-29,livemint.com,livemint.com,24% edible oil samples adulterated: FSSAI,"""cooking oil"" adulteration India",success,https://www.livemint.com/news/india/24-edible-oil-samples-adulterated-fssai-11640775486648.html
,strong_title_match,oils,samples; fssai,2021-12-29,financialexpress.com,financialexpress.com,"FSSAI says 2.42% of 4,461 different edible oils samples found to be of sub-standard quality","""mustard oil"" adulteration India",success,https://www.financialexpress.com/industry/fssai-says-2-42-of-4461-different-edible-oils-samples-found-to-be-of-sub-standard-quality/2393346/
,broad_food_safety_title,,fake,2021-12-17,thehindu.com,thehindu.com,Mymul to set up vigilance squad to tackle fake products,"""oil"" ""food safety"" ""seized"" India",robots_blocked,https://www.thehindu.com/news/national/karnataka/mymul-to-set-up-vigilance-squad-to-tackle-fake-products/article37978551.ece
,broad_food_safety_title,,fssai,2021-11-10,dnaindia.com,dnaindia.com,FSSAI Recruitment 2021: Bumper vacancies announced,"FSSAI ""edible oil"" India",robots_blocked,https://www.dnaindia.com/education/report-fssai-recruitment-2021-bumper-vacancies-announced-check-eligibility-criteria-application-fee-steps-to-apply-2919172
,broad_food_safety_title,,food safety officer; food safety; fssai,2021-11-10,zeenews.india.com,india.com,"FSSAI Recruitment 2021: Apply for food analyst, food safety officer and other posts, check fssai.gov.in","FSSAI ""edible oil"" India",success,https://zeenews.india.com/jobs-career/fssai-recruitment-2021-job-alert-apply-for-over-250-posts-sarkari-naukri-check-eligibility-age-limit-and-other-details-2409352.html
,broad_food_safety_title,,food safety officer; food safety; fssai,2021-11-01,sentinelassam.com,sentinelassam.com,"FSSAI Recruitment 2021 – 254 Food Safety Officer, Assistant Manager Other Vacancy","FSSAI ""edible oil"" India",robots_blocked,https://www.sentinelassam.com/jobs-in-assam/fssai-recruitment-2021-254-food-safety-officer-assistant-manager-other-vacancy-561390
,broad_food_safety_title,,adulterated; fssai,2021-10-24,timesofindia.indiatimes.com,indiatimes.com,FSSAI experts warn of adulterated biryani in Vijayawada,"""adulterated oil"" seized India",success,https://timesofindia.indiatimes.com/city/vijayawada/fssai-experts-warn-of-adulterated-biryani/articleshow/87229905.cms
,strong_title_match,cooking oil; oil,test,2021-09-16,food.ndtv.com,ndtv.com,Kitchen Tips: Is Your Cooking Oil Safe For Consumption? Find It Out With This Simple Test,"""cooking oil"" adulteration India",robots_blocked,https://food.ndtv.com/news/kitchen-tips-is-your-cooking-oil-safe-for-consumption-find-it-out-with-this-simple-test-2542746
,broad_food_safety_title,,adulterated,2021-08-09,sify.com,sify.com,Adulterated milk factory busted in UP's Mathura ahead of festive season,"""oil"" ""food safety"" ""seized"" India",robots_blocked,https://www.sify.com/news/adulterated-milk-factory-busted-in-ups-mathura-ahead-of-festive-season-news-national-vijeaidjddccb.html
,broad_food_safety_title,,fssai,2021-08-04,newkerala.com,newkerala.com,FSSAI urged to scrap food fortification plan,"FSSAI ""edible oil"" India",robots_blocked,https://www.newkerala.com/news/2021/109412.htm
,broad_food_safety_title,,food safety and standards; food safety; fssai,2021-08-03,sentinelassam.com,sentinelassam.com,Food Safety and Standards Authority of India (FSSAI) urged to scrap food fortification plan,"FSSAI ""edible oil"" India",robots_blocked,https://www.sentinelassam.com/national-news/food-safety-and-standards-authority-of-india-fssai-urged-to-scrap-food-fortification-plan-549188
,broad_food_safety_title,,fssai,2021-08-02,thehindu.com,thehindu.com,FSSAI urged to drop move to make food fortification mandatory,"FSSAI ""edible oil"" India",robots_blocked,https://www.thehindu.com/news/national/kerala/fssai-urged-to-drop-move-to-make-food-fortification-mandatory/article35689829.ece
,strong_title_match,mustard oil; oil,ban,2021-06-28,indianexpress.com,indianexpress.com,"‘Ban on blending of mustard oil will benefit farmers, lead to more production of healthier alternative’","""edible oil"" adulteration India",success,https://indianexpress.com/article/cities/chandigarh/ban-on-blending-of-mustard-oil-will-benefit-farmers-lead-to-more-production-of-healthier-alternative-7378786/
,strong_title_match,mustard oil; edible oil; oil,fssai,2021-06-09,zeenews.india.com,india.com,"Blending of Mustard oil prohibited, oil can’t be sold loose – Check FSSAI's new rules on edible oil effective from June","FSSAI ""edible oil"" India",success,https://zeenews.india.com/economy/blending-of-mustard-oil-prohibited-oil-can-t-be-sold-loose-check-fssais-new-rules-on-edible-oil-effective-from-june-2367815.html
,broad_food_safety_title,,fssai,2021-05-18,sentinelassam.com,sentinelassam.com,"FSSAI Across India Recruitment 2021- 38 Director Manager Vacancy, Latest Jobs","FSSAI ""edible oil"" India",robots_blocked,https://www.sentinelassam.com/jobs-in-rest-of-india/fssai-director-manager-vacancy-job-recruitment-534587
,broad_food_safety_title,,food safety,2021-04-13,thehindu.com,thehindu.com,Over half of city’s eateries lack food safety licence,"""edible oil"" adulteration India",robots_blocked,https://www.thehindu.com/news/cities/Thiruvananthapuram/over-half-of-citys-eateries-lack-food-safety-licence/article34312285.ece
,oil_context_only_in_title,ghee; oil,,2021-04-07,thehindu.com,thehindu.com,"Ghee, oil manufacturing units in city raided","""edible oil"" seized India",robots_blocked,https://www.thehindu.com/news/cities/Visakhapatnam/ghee-oil-manufacturing-units-in-city-raided/article34259509.ece
,strong_title_match,ghee,food safety officials; food safety; raids,2021-04-07,newindianexpress.com,newindianexpress.com,"Food safety officials conduct raids on restaurants, ghee units in Vijayawada","""oil"" ""food safety"" ""seized"" India",robots_blocked,https://www.newindianexpress.com/cities/vijayawada/2021/apr/07/food-safety-officials-conduct-raids-on-restaurants-ghee-units-invijayawada-2286873.html
,broad_food_safety_title,,fssai,2021-02-22,indiantelevision.com,indiantelevision.com,Snapdeal drums up FSSAI’s Eat Right India movement,"FSSAI ""edible oil"" India",failed,https://www.indiantelevision.com/mam/marketing/mam/snapdeal-drums-up-fssai-s-eat-right-india-movement-210222
,broad_food_safety_title,,fssai,2021-02-09,thehindubusinessline.com,thehindubusinessline.com,FSSAI sets norms limiting use of industrial trans-fats by 2022,"FSSAI ""edible oil"" India",robots_blocked,https://www.thehindubusinessline.com/economy/agri-business/fssai-sets-norms-limiting-use-of-industrial-trans-fats-by-2022/article33793400.ece
,broad_food_safety_title,,fssai,2021-02-08,newsclick.in,newsclick.in,"Concerned Citizens Ask FSSAI to Not Make Food Fortification Mandatory, Warn of Health and Economic Impacts","FSSAI ""edible oil"" India",robots_blocked,https://www.newsclick.in/concerned-citizens-FSSAI-food-nortification-mandatory-warn-health-economic-impacts
,strong_title_match,oils,fssai,2021-01-13,economictimes.indiatimes.com,indiatimes.com,FSSAI extends deadline for trans fat reduction in edible oils,"FSSAI ""edible oil"" India",success,https://economictimes.indiatimes.com/industry/cons-products/food/fssai-extends-deadline-for-trans-fat-reduction-in-edible-oils/articleshow/80251785.cms
,strong_title_match,edible oil; oil,fssai,2021-01-12,economictimes.indiatimes.com,indiatimes.com,"Edible oil companies request FSSAI to ""not enforce"" regulation to reduce trans fat reduction in 2021","FSSAI ""edible oil"" India",success,https://economictimes.indiatimes.com/industry/cons-products/food/edible-oil-companies-request-fssai-to-not-enforce-regulation-to-reduce-trans-fat-reduction-in-2021/articleshow/80231663.cms
