article_id,title,url,source,domain,publication_date,query_used,discovery_method,extraction_status,word_count,relevance_score,relevance_label,is_duplicate,duplicate_of_url,cleaned_text_path,error_message
06040b95-a9aa-41e1-a352-268d2f795adc,"110 kg chicken, 825 kg fake paneer, banned colours and chemicals seized: How to check purity at home",https://timesofindia.indiatimes.com/life-style/food-news/110-kg-chicken-825-kg-fake-paneer-banned-colours-and-chemicals-seized-how-to-check-purity-at-home/articleshow/131873428.cms,indiatimes.com,timesofindia.indiatimes.com,2026-06-20,"""cooking oil"" adulteration India",mediacloud,success,927,,irrelevant,,,C:\Users\yuvra\OneDrive\Desktop\RAship\FoodComputing\news_crawler\data\runs\edible_oils_from_sample_2026-06-21\mediacloud\cleaned_text\timesofindia.indiatimes.com\998381f3381f9db4.txt,
af5d5af3-49a7-43ed-9bad-0c1f703198e7,FDA seizes energy drink stock worth Rs 56L over misbranding,https://timesofindia.indiatimes.com/city/aurangabad/fda-seizes-energy-drink-stock-worth-rs-56l-over-misbranding/articleshow/131489352.cms,indiatimes.com,timesofindia.indiatimes.com,2026-06-04,"""edible oil"" adulteration India",mediacloud,success,386,0.9,relevant,,,C:\Users\yuvra\OneDrive\Desktop\RAship\FoodComputing\news_crawler\data\runs\edible_oils_from_sample_2026-06-21\mediacloud\cleaned_text\timesofindia.indiatimes.com\574deeabfc9f02f5.txt,
79f1b622-bb63-4727-aa20-b31d9e3baf17,FDA seizes 3.4 tonnes of suspect chemically ripened mangoes at APMC,https://www.hindustantimes.com/cities/mumbai-news/fda-seizes-3-4-tonnes-of-suspect-chemically-ripened-mangoes-at-apmc-101780427156417.html,hindustantimes.com,hindustantimes.com,2026-06-03,"""edible oil"" adulteration India",mediacloud,success,503,0.95,relevant,,,C:\Users\yuvra\OneDrive\Desktop\RAship\FoodComputing\news_crawler\data\runs\edible_oils_from_sample_2026-06-21\mediacloud\cleaned_text\hindustantimes.com\023cb897e6f611be.txt,
a4201faa-2e70-4413-b9b4-4e991a5f2773,"33 held, 27 establishments sealed in Maharashtra FDA's three-day drive",https://www.hindustantimes.com/cities/mumbai-news/33-held-27-establishments-sealed-in-maharashtra-fda-s-three-day-drive-101780125189075.html,hindustantimes.com,hindustantimes.com,2026-05-30,"""edible oil"" adulteration India",mediacloud,success,466,0.95,relevant,,,C:\Users\yuvra\OneDrive\Desktop\RAship\FoodComputing\news_crawler\data\runs\edible_oils_from_sample_2026-06-21\mediacloud\cleaned_text\hindustantimes.com\4a4a127c71a278f3.txt,
4ee92ac2-8d45-44d3-ae2e-3d4dfea256ea,800 kg fake khoya destroyed: 5 ways to check the purity at home and how to make preservative-free khoya,https://timesofindia.indiatimes.com/life-style/food-news/800-kg-fake-khoya-destroyed-5-ways-to-check-the-purity-at-home-and-how-to-make-preservative-free-khoya/articleshow/131217407.cms,indiatimes.com,timesofindia.indiatimes.com,2026-05-20,"""oil"" ""food safety"" ""seized"" India",mediacloud,success,659,,irrelevant,,,C:\Users\yuvra\OneDrive\Desktop\RAship\FoodComputing\news_crawler\data\runs\edible_oils_from_sample_2026-06-21\mediacloud\cleaned_text\timesofindia.indiatimes.com\59221e1e00586772.txt,
04c3d3ec-4da1-4e65-89c4-d5775f1ec8de,"Why did FSSAI bury 900 kg of paneer, worth â¹2.25 lakh, and why one has to be extra careful while buying it in summer - The Times of India",https://timesofindia.indiatimes.com/life-style/food-news/why-did-fssai-bury-900-kg-of-paneer-worth-2-25-lakh-and-why-one-has-to-be-extra-careful-while-buying-it-in-summer/articleshow/130602453.cms,indiatimes.com,timesofindia.indiatimes.com,2026-04-29,"""palm oil"" adulteration India",mediacloud,success,709,,irrelevant,,,C:\Users\yuvra\OneDrive\Desktop\RAship\FoodComputing\news_crawler\data\runs\edible_oils_from_sample_2026-06-21\mediacloud\cleaned_text\timesofindia.indiatimes.com\b5d45a35dceb03b6.txt,
b73e96cd-56e7-4a46-8c42-578e352771b3,"Adulterated Osmania biscuits, fake paneer, rotten eggs: What Hyderabad’s crackdown on eateries has revealed",https://indianexpress.com/article/india/adulterated-osmania-biscuits-fake-paneer-rotten-eggs-what-hyderabads-crackdown-on-eateries-has-revealed-10612335/,indianexpress.com,indianexpress.com,2026-04-01,"""palm oil"" adulteration India",mediacloud,success,478,,irrelevant,,,C:\Users\yuvra\OneDrive\Desktop\RAship\FoodComputing\news_crawler\data\runs\edible_oils_from_sample_2026-06-21\mediacloud\cleaned_text\indianexpress.com\f333a1cb56fd86f5.txt,
e12c3d06-8fd0-4fd0-b6a9-3f57ff7b1753,"""Disgustingly unhygienic"": Hyderabad samosa unit raided; reused oil and stale boiled eggs seized | - The Times of India",https://timesofindia.indiatimes.com/etimes/trending/disgustingly-unhygienic-hyderabad-samosa-unit-raided-reused-oil-and-stale-boiled-eggs-seized/articleshow/129729552.cms,indiatimes.com,timesofindia.indiatimes.com,2026-03-22,"""cooking oil"" adulteration India",mediacloud,success,373,0.95,relevant,,,C:\Users\yuvra\OneDrive\Desktop\RAship\FoodComputing\news_crawler\data\runs\edible_oils_from_sample_2026-06-21\mediacloud\cleaned_text\timesofindia.indiatimes.com\0c1614f06a0861ee.txt,
6521cd47-18cb-4918-97a0-315d86c8e792,"Gujarat news: 1,401 kg of adulterated paneer seized in Surat; food outlet was operating without licence, says FSSAI | Today News",https://www.livemint.com/news/india/gujarat-news-1-401-kg-of-adulterated-paneer-seized-in-surat-food-outlet-was-operating-without-licence-says-fssai-11772801034522.html,livemint.com,livemint.com,2026-03-06,"FSDA ""edible oil"" seized",mediacloud,success,788,1.0,relevant,,,C:\Users\yuvra\OneDrive\Desktop\RAship\FoodComputing\news_crawler\data\runs\edible_oils_from_sample_2026-06-21\mediacloud\cleaned_text\livemint.com\1b519f628f095470.txt,
9bb26713-fcc5-407e-a1e5-dafc26a312c2,"Hyderabad fake ghee raid: How 3,000 kg of cow & buffalo cream were mixed with cheap substances and supplied to public",https://economictimes.indiatimes.com/news/new-updates/hyderabad-fake-ghee-raid-how-3000-kg-of-cow-buffalo-cream-were-mixed-with-cheap-substances-and-supplied-to-public/articleshow/129141501.cms,indiatimes.com,economictimes.indiatimes.com,2026-03-06,"""palm oil"" adulteration India",mediacloud,success,465,0.95,relevant,,,C:\Users\yuvra\OneDrive\Desktop\RAship\FoodComputing\news_crawler\data\runs\edible_oils_from_sample_2026-06-21\mediacloud\cleaned_text\economictimes.indiatimes.com\ef2ce670ac93db21.txt,
887860ed-e92c-4bb6-b293-55776d733ae3,"1,400 kg fake khoya, 400 kilo expired ghee and paneer seized by FSSAI before Holi",https://economictimes.indiatimes.com/news/new-updates/1400-kg-fake-khoya-400-kilo-expired-ghee-and-paneer-seized-by-fssai-before-holi/articleshow/128938525.cms,indiatimes.com,economictimes.indiatimes.com,2026-03-02,"""cooking oil"" adulteration India",mediacloud,success,306,0.95,relevant,,,C:\Users\yuvra\OneDrive\Desktop\RAship\FoodComputing\news_crawler\data\runs\edible_oils_from_sample_2026-06-21\mediacloud\cleaned_text\economictimes.indiatimes.com\8c8f2199f024e48d.txt,
33a1af34-2914-4a68-9362-0d2e43465cec,Fake paneer and khoya seized in UP ahead of Holi: How do they impact your health?,https://indianexpress.com/article/health-wellness/fake-paneer-khoya-seized-up-holi-health-10561195/,indianexpress.com,indianexpress.com,2026-03-02,"""vegetable oil"" adulteration India",mediacloud,success,553,0.95,relevant,,,C:\Users\yuvra\OneDrive\Desktop\RAship\FoodComputing\news_crawler\data\runs\edible_oils_from_sample_2026-06-21\mediacloud\cleaned_text\indianexpress.com\685fd685b06d0d9a.txt,
6359c859-9e31-4689-a0fa-bd3412be4be5,"Ahead of Holi, food safety raids net unhygienic sweets, mislabelled oils in GB Nagar",https://www.hindustantimes.com/cities/noida-news/ahead-of-holi-food-safety-raids-net-unhygienic-sweets-mislabelled-oils-in-gb-nagar-101771877000656.html,hindustantimes.com,hindustantimes.com,2026-02-24,"""edible oil"" adulterated India",mediacloud,success,481,,irrelevant,,,C:\Users\yuvra\OneDrive\Desktop\RAship\FoodComputing\news_crawler\data\runs\edible_oils_from_sample_2026-06-21\mediacloud\cleaned_text\hindustantimes.com\3b59d3fc13acf71e.txt,
c1025e78-1e14-4746-b1fd-3076d64c042c,"14,000 litres of adulterated oil, 1,320 kg of rotten dates and fake ghee seized in Kanpur raid; FSSAI & UPFSDA issue warning ahead of festival season",https://economictimes.indiatimes.com/news/new-updates/14000-litres-of-adulterated-oil-1320-kg-of-rotten-dates-and-fake-ghee-seized-in-kanpur-raid-fssai-upfsda-issue-warning-ahead-of-festival-season/articleshow/128755875.cms,indiatimes.com,economictimes.indiatimes.com,2026-02-24,"""adulterated oil"" seized India",mediacloud,success,427,,irrelevant,,,C:\Users\yuvra\OneDrive\Desktop\RAship\FoodComputing\news_crawler\data\runs\edible_oils_from_sample_2026-06-21\mediacloud\cleaned_text\economictimes.indiatimes.com\1ac4ddc19c1279e6.txt,
48716919-e384-4d37-a7c2-b3938c8c3725,Fake Paneer In Ahmedabad: Whatâs really on your plate? 10 food joints caught selling fake paneer | Ahmedabad News - The Times of India,https://timesofindia.indiatimes.com/city/ahmedabad/whats-really-on-your-plate-10-food-joints-caught-selling-fake-paneer/articleshow/128725872.cms,indiatimes.com,timesofindia.indiatimes.com,2026-02-24,"""oil"" ""food safety"" ""seized"" India",mediacloud,success,626,,irrelevant,,,C:\Users\yuvra\OneDrive\Desktop\RAship\FoodComputing\news_crawler\data\runs\edible_oils_from_sample_2026-06-21\mediacloud\cleaned_text\timesofindia.indiatimes.com\0c174d1f8006fdc8.txt,
9ee7edd0-9918-4d1f-af18-dcedf3d70452,Oil Purity Test: 10000 kg rotten dates and 13972 litres of adulterated oil seized in Kanpur: FSSAI's oil purity tests to try at home,https://timesofindia.indiatimes.com/life-style/food-news/10000-kg-rotten-dates-and-13972-litres-of-adulterated-oil-seized-in-kanpur-fssais-oil-purity-tests-to-try-at-home/photostory/128717642.cms,indiatimes.com,timesofindia.indiatimes.com,2026-02-23,"""coconut oil"" adulteration India",mediacloud,success,400,0.95,relevant,,,C:\Users\yuvra\OneDrive\Desktop\RAship\FoodComputing\news_crawler\data\runs\edible_oils_from_sample_2026-06-21\mediacloud\cleaned_text\timesofindia.indiatimes.com\f4c9cf1030b98a18.txt,
ebca1c9f-6eda-4334-b42a-ca8e2ae9e9a0,"Food safety teams seize adulterated khoya in Agra, edible oil in Mânagar | Agra News - The Times of India",https://timesofindia.indiatimes.com/city/agra/food-safety-teams-seize-adulterated-khoya-in-agra-edible-oil-in-mnagar/articleshow/128652372.cms,indiatimes.com,timesofindia.indiatimes.com,2026-02-22,"FSDA ""edible oil"" seized",mediacloud,success,243,1.0,relevant,,,C:\Users\yuvra\OneDrive\Desktop\RAship\FoodComputing\news_crawler\data\runs\edible_oils_from_sample_2026-06-21\mediacloud\cleaned_text\timesofindia.indiatimes.com\1d6fe9c4c4ca3abc.txt,
19077b7d-62c6-4986-a427-e92e7979d7d3,"McDonald's India outlet gets regulatory warning over rotten tomatoes, reused oil",https://www.hindustantimes.com/cities/jaipur-news/mcdonalds-india-outlet-gets-regulatory-warning-over-rotten-tomatoes-reused-oil-101770898007296.html,hindustantimes.com,hindustantimes.com,2026-02-12,"""cooking oil"" adulteration India",mediacloud,success,282,0.95,relevant,,,C:\Users\yuvra\OneDrive\Desktop\RAship\FoodComputing\news_crawler\data\runs\edible_oils_from_sample_2026-06-21\mediacloud\cleaned_text\hindustantimes.com\1bd61300239bd878.txt,
6bb10c09-3aa4-4c2e-9bc6-c53c00f4c73e,"Factory producing 80,000 litres adulterated milk daily busted in Diggi | Jaipur News - The Times of India",https://timesofindia.indiatimes.com/city/jaipur/factory-producing-80000-litres-adulterated-milk-daily-busted-in-diggi/articleshow/127892796.cms,indiatimes.com,timesofindia.indiatimes.com,2026-02-04,"""oil"" ""food safety"" ""seized"" India",mediacloud,success,203,0.9,relevant,,,C:\Users\yuvra\OneDrive\Desktop\RAship\FoodComputing\news_crawler\data\runs\edible_oils_from_sample_2026-06-21\mediacloud\cleaned_text\timesofindia.indiatimes.com\f1af6b4fd25153d7.txt,
71ca8e32-a48c-4171-9eb4-d977270d58e8,Bread with no tags seized from outlet in Noida | Noida News - The Times of India,https://timesofindia.indiatimes.com/city/noida/bread-with-no-tags-seized-from-outlet-in-noida/articleshow/126278282.cms,indiatimes.com,timesofindia.indiatimes.com,2026-01-01,"""oil"" ""food safety"" ""seized"" India",mediacloud,success,396,0.7,relevant,,,C:\Users\yuvra\OneDrive\Desktop\RAship\FoodComputing\news_crawler\data\runs\edible_oils_from_sample_2026-06-21\mediacloud\cleaned_text\timesofindia.indiatimes.com\59c8044c8a26a8ad.txt,
0ea315a9-1c23-4279-b474-ca90019f526d,Officials seize over 14 L worth of adulterated paneer in crackdown | Raipur News - The Times of India,https://timesofindia.indiatimes.com/city/raipur/officials-seize-over-14-l-worth-of-adulterated-paneer-in-crackdown/articleshow/126125110.cms,indiatimes.com,timesofindia.indiatimes.com,2025-12-22,"""palm oil"" adulteration India",mediacloud,success,256,0.95,relevant,,,C:\Users\yuvra\OneDrive\Desktop\RAship\FoodComputing\news_crawler\data\runs\edible_oils_from_sample_2026-06-21\mediacloud\cleaned_text\timesofindia.indiatimes.com\9cddbfb5c4be818a.txt,
9cb11fea-c108-4338-8fa8-cf0c0b19fc8f,Behind your festive mithai: FDA’s surprise raids keep adulteration at bay,https://www.mid-day.com/mumbai/mumbai-news/article/safer-sweets-this-diwali-thanks-to-surprise-raids-by-fda-across-maharashtra-23599285,mid-day.com,mid-day.com,2025-10-19,"""edible oil"" adulteration India",mediacloud,success,182,,irrelevant,,,C:\Users\yuvra\OneDrive\Desktop\RAship\FoodComputing\news_crawler\data\runs\edible_oils_from_sample_2026-06-21\mediacloud\cleaned_text\mid-day.com\c555871688eaed60.txt,
939a68cc-6b9f-4761-8815-4b014c88db78,FSDA festival crackdown: Over  ₹62 lakh worth of adulterated food seized in Lucknow,https://www.hindustantimes.com/cities/lucknow-news/fsda-festival-crackdown-over-rs-62-lakh-worth-of-adulterated-food-seized-in-lucknow-101760729311321.html,hindustantimes.com,hindustantimes.com,2025-10-18,"FSDA ""edible oil"" seized",mediacloud,success,341,0.95,relevant,,,C:\Users\yuvra\OneDrive\Desktop\RAship\FoodComputing\news_crawler\data\runs\edible_oils_from_sample_2026-06-21\mediacloud\cleaned_text\hindustantimes.com\e8e930bbc81e7e4d.txt,
be13dbd2-5852-4001-8bac-bb02b82ea371,Maharashtra: FDA seizes 8 lakh kg of substandard food in pre-Diwali 2025 crackdown,https://www.mid-day.com/mumbai/mumbai-news/article/maharashtra-fda-seizes-8-lakh-kg-of-substandard-food-in-pre-diwali-2025-crackdown-23599185,mid-day.com,mid-day.com,2025-10-17,"""edible oil"" adulteration India",mediacloud,success,130,,irrelevant,,,C:\Users\yuvra\OneDrive\Desktop\RAship\FoodComputing\news_crawler\data\runs\edible_oils_from_sample_2026-06-21\mediacloud\cleaned_text\mid-day.com\1191764b2378efe7.txt,
40751aa0-52d6-4456-9264-513b5ada112d,Adulterated paneer and cooking oil seized ahead of Diwali | Agra News - The Times of India,https://timesofindia.indiatimes.com/city/agra/adulterated-paneer-and-cooking-oil-seized-ahead-of-diwali/articleshow/124586909.cms,indiatimes.com,timesofindia.indiatimes.com,2025-10-15,"FSDA ""edible oil"" seized",mediacloud,success,363,1.0,relevant,,,C:\Users\yuvra\OneDrive\Desktop\RAship\FoodComputing\news_crawler\data\runs\edible_oils_from_sample_2026-06-21\mediacloud\cleaned_text\timesofindia.indiatimes.com\946c0776d841982f.txt,
549af885-29f5-4572-8360-3d9010c83dcf,550 kg of fake paneer seized in Noida: 5 non-dairy paneer alternatives to try - The Times of India,https://timesofindia.indiatimes.com/life-style/food-news/550-kg-of-fake-paneer-seized-in-noida-5-non-dairy-paneer-alternatives-to-try/articleshow/124535231.cms,indiatimes.com,timesofindia.indiatimes.com,2025-10-13,"""palm oil"" adulteration India",mediacloud,success,401,,irrelevant,,,C:\Users\yuvra\OneDrive\Desktop\RAship\FoodComputing\news_crawler\data\runs\edible_oils_from_sample_2026-06-21\mediacloud\cleaned_text\timesofindia.indiatimes.com\244c37723eb8bd01.txt,
c1470c0d-36d5-4fed-aa71-3b7967e4bb44,Noida: 500 kg fake paneer found before Diwali. Here's how to check the purity and what you can do to save yourself,https://economictimes.indiatimes.com/news/india/noida-500-kg-fake-paneer-found-before-diwali-heres-how-to-check-the-purity-and-what-you-can-do-to-save-yourself/articleshow/124524319.cms,indiatimes.com,economictimes.indiatimes.com,2025-10-13,"""oil"" ""food safety"" ""seized"" India",mediacloud,success,497,,irrelevant,,,C:\Users\yuvra\OneDrive\Desktop\RAship\FoodComputing\news_crawler\data\runs\edible_oils_from_sample_2026-06-21\mediacloud\cleaned_text\economictimes.indiatimes.com\19b6829c94f8cfe2.txt,
6a1a60ef-a50f-4c7c-af5b-0f2671b1e679,Adulterated edible oil worth Rs53L seized in Kanpur raid | Kanpur News - The Times of India,https://timesofindia.indiatimes.com/city/kanpur/adulterated-edible-oil-worth-rs53l-seized-in-kanpur-raid/articleshow/124465364.cms,indiatimes.com,timesofindia.indiatimes.com,2025-10-11,"FSDA ""edible oil"" seized",mediacloud,success,247,1.0,relevant,,,C:\Users\yuvra\OneDrive\Desktop\RAship\FoodComputing\news_crawler\data\runs\edible_oils_from_sample_2026-06-21\mediacloud\cleaned_text\timesofindia.indiatimes.com\1d0b5e69ef9e0637.txt,
5e9efc55-8b61-4839-b17b-d3efa161dbf8,Food samples seized in Ludhiana ahead of festive rush. | Ludhiana News - The Times of India,https://timesofindia.indiatimes.com/city/ludhiana/food-samples-seized-in-ludhiana-ahead-of-festive-rush-/articleshow/124478576.cms,indiatimes.com,timesofindia.indiatimes.com,2025-10-11,"""cooking oil"" adulteration India",mediacloud,success,281,0.9,relevant,,,C:\Users\yuvra\OneDrive\Desktop\RAship\FoodComputing\news_crawler\data\runs\edible_oils_from_sample_2026-06-21\mediacloud\cleaned_text\timesofindia.indiatimes.com\fa48cb402d78ab47.txt,
6c06ee11-ff81-484d-883a-4a8813429b4e,FSDA seizes substandard supply of edible oil worth 30L | Kanpur News - The Times of India,https://timesofindia.indiatimes.com/city/kanpur/fsda-seizes-substandard-supply-of-edible-oil-worth-30l/articleshow/124437838.cms,indiatimes.com,timesofindia.indiatimes.com,2025-10-10,"FSDA ""edible oil"" seized",mediacloud,success,175,0.95,relevant,,,C:\Users\yuvra\OneDrive\Desktop\RAship\FoodComputing\news_crawler\data\runs\edible_oils_from_sample_2026-06-21\mediacloud\cleaned_text\timesofindia.indiatimes.com\2e8b5e681e12d2c8.txt,
44c877b7-b43a-4b6f-baa4-98824e3b61f1,FDA seizes untested soyabean oil | Nagpur News - The Times of India,https://timesofindia.indiatimes.com/city/nagpur/fda-seizes-untested-soyabean-oil/articleshow/124398090.cms,indiatimes.com,timesofindia.indiatimes.com,2025-10-09,"""oil"" ""food safety"" ""seized"" India",mediacloud,success,183,0.9,relevant,,,C:\Users\yuvra\OneDrive\Desktop\RAship\FoodComputing\news_crawler\data\runs\edible_oils_from_sample_2026-06-21\mediacloud\cleaned_text\timesofindia.indiatimes.com\bb087f541d84798f.txt,
29a78f18-c72b-4c91-9f17-e22c2b2e1ea1,Mumbai: 550 kg fake cheese sold as paneer seized,https://indianexpress.com/article/cities/mumbai/mumbai-550-kg-fake-cheese-sold-as-paneer-seized-10213225/,indianexpress.com,indianexpress.com,2025-08-26,"""palm oil"" adulteration India",mediacloud,success,299,0.95,relevant,,,C:\Users\yuvra\OneDrive\Desktop\RAship\FoodComputing\news_crawler\data\runs\edible_oils_from_sample_2026-06-21\mediacloud\cleaned_text\indianexpress.com\ae4e83cc13be40bb.txt,
7101df65-9940-4a77-bdcd-62a92487c9af,"Merc belonging to bizman runs over sweeper near Chowpatty, driver arrested",https://www.hindustantimes.com/cities/mumbai-news/merc-belonging-to-bizman-runs-over-sweeper-near-chowpatty-driver-arrested-101754334127160.html,hindustantimes.com,hindustantimes.com,2025-08-05,"""edible oil"" seized India",mediacloud,success,497,,irrelevant,,,C:\Users\yuvra\OneDrive\Desktop\RAship\FoodComputing\news_crawler\data\runs\edible_oils_from_sample_2026-06-21\mediacloud\cleaned_text\hindustantimes.com\97949a01de5ecd45.txt,
65f3c178-df32-4620-8f31-162973f0bbb6,"SEA urges CCPA, FSSAI to take action against 'misleading' social media claims on refined oils",https://economictimes.indiatimes.com/industry/cons-products/food/sea-urges-ccpa-fssai-to-take-action-against-misleading-social-media-claims-on-refined-oils/articleshow/122950128.cms,indiatimes.com,economictimes.indiatimes.com,2025-07-28,"FSSAI ""edible oil"" India",mediacloud,success,297,0.65,relevant,,,C:\Users\yuvra\OneDrive\Desktop\RAship\FoodComputing\news_crawler\data\runs\edible_oils_from_sample_2026-06-21\mediacloud\cleaned_text\economictimes.indiatimes.com\e78882262b58196e.txt,
f6a5cb1e-ec9f-42ad-b021-c33208327f37,Food Safety Department mandates consumer feedback apps for sweet shops in Prayagraj to enhance transparency | Prayagraj News - Times of India,https://timesofindia.indiatimes.com/city/allahabad/food-safety-department-mandates-consumer-feedback-apps-for-sweet-shops-in-prayagraj-to-enhance-transparency/articleshow/122934730.cms,indiatimes.com,timesofindia.indiatimes.com,2025-07-27,"""food safety department"" ""edible oil"" India",mediacloud,success,458,,irrelevant,,,C:\Users\yuvra\OneDrive\Desktop\RAship\FoodComputing\news_crawler\data\runs\edible_oils_from_sample_2026-06-21\mediacloud\cleaned_text\timesofindia.indiatimes.com\4dd46273c79d1197.txt,
4b1f6759-d327-4aff-a6c5-25fb0f1b6066,"Four arrested after 1,400 kg adulterated paneer seized",https://www.hindustantimes.com/cities/noida-news/four-arrested-after-1-400-kg-adulterated-paneer-seized-101751222976328.html,hindustantimes.com,hindustantimes.com,2025-06-30,"""oil"" ""food safety"" ""seized"" India",mediacloud,success,443,,irrelevant,,,C:\Users\yuvra\OneDrive\Desktop\RAship\FoodComputing\news_crawler\data\runs\edible_oils_from_sample_2026-06-21\mediacloud\cleaned_text\hindustantimes.com\0cda652279dd52b3.txt,
f09635ad-2ffe-40c1-aa5e-8e52675d8e2c,Paneer Purity Test: 450 kg paneer seized in Chandigarh: 5 ways to check the purity of paneer | - Times of India,https://timesofindia.indiatimes.com/life-style/food-news/450-kg-paneer-seized-in-chandigarh-5-ways-to-check-the-purity-of-paneer/articleshow/121838080.cms,indiatimes.com,timesofindia.indiatimes.com,2025-06-14,"""palm oil"" adulteration India",mediacloud,success,620,,irrelevant,,,C:\Users\yuvra\OneDrive\Desktop\RAship\FoodComputing\news_crawler\data\runs\edible_oils_from_sample_2026-06-21\mediacloud\cleaned_text\timesofindia.indiatimes.com\cbf770ba5a86c28c.txt,
b5bfa331-851c-4130-95e4-7bdfb0d713ea,Oil purity test: Adulterated mustard oil seized in Ghaziabad: How to check oil purity at home | - The Times of India,https://timesofindia.indiatimes.com/life-style/food-news/adulterated-mustard-oil-seized-in-ghaziabad-how-to-check-oil-purity-at-home/articleshow/121774827.cms,indiatimes.com,timesofindia.indiatimes.com,2025-06-11,"""edible oil"" adulteration India",mediacloud,success,332,1.0,relevant,,,C:\Users\yuvra\OneDrive\Desktop\RAship\FoodComputing\news_crawler\data\runs\edible_oils_from_sample_2026-06-21\mediacloud\cleaned_text\timesofindia.indiatimes.com\8dabedeaf5f0c07c.txt,
12b268cf-450e-4128-bfc6-264158b8908c,Maharashtra dairy industry seeks ban on ‘fake’ paneer,https://economictimes.indiatimes.com/industry/cons-products/food/maharashtra-dairy-industry-seeks-ban-on-fake-paneer/articleshow/119595536.cms,indiatimes.com,economictimes.indiatimes.com,2025-03-27,"""vegetable oil"" adulteration India",mediacloud,success,240,0.95,relevant,,,C:\Users\yuvra\OneDrive\Desktop\RAship\FoodComputing\news_crawler\data\runs\edible_oils_from_sample_2026-06-21\mediacloud\cleaned_text\economictimes.indiatimes.com\2a3f102e747834f3.txt,
c8c21007-7075-426a-bc13-f7ee8230b01c,Over 500kg adulterated paneer seized by food safety and drug administration | Patna News - The Times of India,https://timesofindia.indiatimes.com/city/patna/over-500kg-adulterated-paneer-seized-by-food-safety-and-drug-administration/articleshow/118985802.cms,indiatimes.com,timesofindia.indiatimes.com,2025-03-13,"""edible oil"" adulteration India",mediacloud,success,398,1.0,relevant,,,C:\Users\yuvra\OneDrive\Desktop\RAship\FoodComputing\news_crawler\data\runs\edible_oils_from_sample_2026-06-21\mediacloud\cleaned_text\timesofindia.indiatimes.com\880a7ef4c0355db6.txt,
239df7a1-c78e-4a9a-a586-d873c1199b1d,FSSAI directs States to step up food safety checks on dairy analogues,https://economictimes.indiatimes.com/industry/cons-products/food/fssai-directs-states-to-step-up-food-safety-checks-on-dairy-analogues/articleshow/118903332.cms,indiatimes.com,economictimes.indiatimes.com,2025-03-12,"""vegetable oil"" adulteration India",mediacloud,success,204,0.95,relevant,,,C:\Users\yuvra\OneDrive\Desktop\RAship\FoodComputing\news_crawler\data\runs\edible_oils_from_sample_2026-06-21\mediacloud\cleaned_text\economictimes.indiatimes.com\9857e608b3f44c03.txt,
34126f51-0787-4571-980d-3eb596bf0ebc,Deadly substances found in fake ghee: Factory found mimicking leading brands in alarming scam - The Times of India,https://timesofindia.indiatimes.com/etimes/trending/deadly-substances-found-in-fake-ghee-factory-found-mimicking-leading-brands-in-alarming-scam/articleshow/117276930.cms,indiatimes.com,timesofindia.indiatimes.com,2025-01-16,"""palm oil"" adulteration India",mediacloud,success,464,0.95,relevant,,,C:\Users\yuvra\OneDrive\Desktop\RAship\FoodComputing\news_crawler\data\runs\edible_oils_from_sample_2026-06-21\mediacloud\cleaned_text\timesofindia.indiatimes.com\007a3fd3a18ee4ed.txt,
6c49ff36-28c2-4bc9-9157-69898cec2c79,"Gautam Budh Nagar: 370 kg sweets, 750 ltr oil seized in food safety checks",https://www.hindustantimes.com/cities/noida-news/gautam-budh-nagar-370-kg-sweets-750-ltr-oil-seized-in-food-safety-checks-101730140849789.html,hindustantimes.com,hindustantimes.com,2024-10-29,"""oil"" ""food safety"" ""seized"" India",mediacloud,success,464,,irrelevant,,,C:\Users\yuvra\OneDrive\Desktop\RAship\FoodComputing\news_crawler\data\runs\edible_oils_from_sample_2026-06-21\mediacloud\cleaned_text\hindustantimes.com\a6361786a61d2a79.txt,
70517e29-3466-47fd-98c7-0d851b8b67ec,Bhopal Police Seizes 10 Quintals of Fake Mawa Amid Diwali Celebration | Bhopal News - Times of India,https://timesofindia.indiatimes.com/city/bhopal/bhopal-police-seizes-10-quintals-of-fake-mawa-amid-diwali-celebration/articleshow/114555214.cms,indiatimes.com,timesofindia.indiatimes.com,2024-10-24,"""edible oil"" adulterated India",mediacloud,success,979,,irrelevant,,,C:\Users\yuvra\OneDrive\Desktop\RAship\FoodComputing\news_crawler\data\runs\edible_oils_from_sample_2026-06-21\mediacloud\cleaned_text\timesofindia.indiatimes.com\d7da7161e469b0d3.txt,
aea7ac1d-7457-4285-9550-c01cc45864a7,Zomato under fire for selling ‘analogue paneer’ to restaurants: What is this fake cheese?,https://www.hindustantimes.com/trending/zomato-under-fire-for-selling-analogue-paneer-to-restaurants-what-is-this-fake-cheese-101729494923343.html,hindustantimes.com,hindustantimes.com,2024-10-21,"""vegetable oil"" adulteration India",mediacloud,success,632,,irrelevant,,,C:\Users\yuvra\OneDrive\Desktop\RAship\FoodComputing\news_crawler\data\runs\edible_oils_from_sample_2026-06-21\mediacloud\cleaned_text\hindustantimes.com\22a3ae3687c15516.txt,
cbe4d4ee-5939-4478-8f20-3654beaf65d6,FSSAI issues notices to 55 edible oil manufacturers | Ahmedabad News - Times of India,https://timesofindia.indiatimes.com/city/ahmedabad/fssai-issues-notices-to-55-edible-oil-manufacturers/articleshow/111591411.cms,indiatimes.com,timesofindia.indiatimes.com,2024-07-09,"FSSAI ""edible oil"" India",mediacloud,success,169,0.7,relevant,,,C:\Users\yuvra\OneDrive\Desktop\RAship\FoodComputing\news_crawler\data\runs\edible_oils_from_sample_2026-06-21\mediacloud\cleaned_text\timesofindia.indiatimes.com\5f716a31c8b05fea.txt,
5272d253-7f82-4c18-9b14-32087b8e6787,Madras High Court Upholds KFCâs Use Of FSSAI approved filtration agent - The Times of India,https://timesofindia.indiatimes.com/life-style/food-news/license-of-fast-food-giant-suspended-by-fssai-for-use-of-magnesium-silicate-synthetic/articleshow/111557767.cms,indiatimes.com,timesofindia.indiatimes.com,2024-07-07,"""oil"" ""food safety"" ""seized"" India",mediacloud,success,606,0.75,relevant,,,C:\Users\yuvra\OneDrive\Desktop\RAship\FoodComputing\news_crawler\data\runs\edible_oils_from_sample_2026-06-21\mediacloud\cleaned_text\timesofindia.indiatimes.com\4a7c82f5caa2bf19.txt,
b4877a6a-6123-47ec-ba49-d2c686a0c614,Fake Ghee Identity: Thousands of tonnes of adulterated ghee seized: Hereâs how to identify fake ghee | - Times of India,https://timesofindia.indiatimes.com/life-style/food-news/thousands-of-tonnes-of-adulterated-ghee-seized-heres-how-to-identify-fake-ghee/articleshow/111258066.cms,indiatimes.com,timesofindia.indiatimes.com,2024-06-25,"""oil"" ""food safety"" ""seized"" India",mediacloud,success,782,,irrelevant,,,C:\Users\yuvra\OneDrive\Desktop\RAship\FoodComputing\news_crawler\data\runs\edible_oils_from_sample_2026-06-21\mediacloud\cleaned_text\timesofindia.indiatimes.com\196052a54851bbdf.txt,
c5c2c1ce-18bf-4743-833a-9c1fcbc37b08,Food Safety Officials Find Pest-Infested Vegetables and Unhygienic Kitchen Conditions in Hostels | Hyderabad News - Times of India,https://timesofindia.indiatimes.com/city/hyderabad/food-safety-officials-find-pest-infested-vegetables-and-unhygienic-kitchen-conditions-in-hostels/articleshow/111069599.cms,indiatimes.com,timesofindia.indiatimes.com,2024-06-18,"""cooking oil"" adulteration India",mediacloud,success,355,0.95,relevant,,,C:\Users\yuvra\OneDrive\Desktop\RAship\FoodComputing\news_crawler\data\runs\edible_oils_from_sample_2026-06-21\mediacloud\cleaned_text\timesofindia.indiatimes.com\9ff9818807f298ec.txt,
6d479756-02a4-47db-97a3-b511dbc08da4,386 packs of ice cream seized for missing content details | Madurai News - Times of India,https://timesofindia.indiatimes.com/city/madurai/386-packs-of-ice-cream-seized-for-missing-content-details/articleshow/110922934.cms,indiatimes.com,timesofindia.indiatimes.com,2024-06-12,"""edible oil"" adulteration India",mediacloud,success,282,,irrelevant,,,C:\Users\yuvra\OneDrive\Desktop\RAship\FoodComputing\news_crawler\data\runs\edible_oils_from_sample_2026-06-21\mediacloud\cleaned_text\timesofindia.indiatimes.com\3bfdd890653f0b38.txt,
6bec2834-1361-4c7b-a3a7-9b3b1925a171,Man nabbed for printing fake notes | Kolhapur News - Times of India,https://timesofindia.indiatimes.com/city/kolhapur/man-nabbed-for-printing-fake-notes/articleshow/110856606.cms,indiatimes.com,timesofindia.indiatimes.com,2024-06-10,"""edible oil"" seized India",mediacloud,success,180,0.9,relevant,,,C:\Users\yuvra\OneDrive\Desktop\RAship\FoodComputing\news_crawler\data\runs\edible_oils_from_sample_2026-06-21\mediacloud\cleaned_text\timesofindia.indiatimes.com\664230807a1a2641.txt,
a20e2894-4893-408b-9f67-062563c8ab6f,Fake Edible Oil Ingredients: 6 harmful ingredients found in fake edible oil | - Times of India,https://timesofindia.indiatimes.com/life-style/food-news/harmful-ingredients-in-fake-edible-oil/articleshow/110737364.cms,indiatimes.com,timesofindia.indiatimes.com,2024-06-05,"""edible oil"" adulteration India",mediacloud,success,502,,irrelevant,,,C:\Users\yuvra\OneDrive\Desktop\RAship\FoodComputing\news_crawler\data\runs\edible_oils_from_sample_2026-06-21\mediacloud\cleaned_text\timesofindia.indiatimes.com\48c6f380b14c7351.txt,
39006316-82ee-4621-98ef-62317c47445f,How to identify fake cooking oil? (FSSAI recommended tips) - Times of India,https://timesofindia.indiatimes.com/life-style/health-fitness/health-news/how-to-identify-fake-cooking-oil-fssai-recommended-tips/articleshow/110694766.cms,indiatimes.com,timesofindia.indiatimes.com,2024-06-04,"""edible oil"" adulteration India",mediacloud,success,705,1.0,relevant,,,C:\Users\yuvra\OneDrive\Desktop\RAship\FoodComputing\news_crawler\data\runs\edible_oils_from_sample_2026-06-21\mediacloud\cleaned_text\timesofindia.indiatimes.com\7f34168bc49da5bb.txt,
13a8df23-cd22-4f55-85d0-f05d21e61821,Poor regulation plagues food safety - The Tribune,https://www.tribuneindia.com/news/comment/poor-regulation-plagues-food-safety-616783,tribuneindia.com,tribuneindia.com,2024-05-02,"FSSAI ""edible oil"" India",mediacloud,success,1035,0.65,relevant,,,C:\Users\yuvra\OneDrive\Desktop\RAship\FoodComputing\news_crawler\data\runs\edible_oils_from_sample_2026-06-21\mediacloud\cleaned_text\tribuneindia.com\d32b90e762a2b12c.txt,
69ceb4fd-be3e-4049-ac88-d34ada437f1d,Fake Paneer: Market flooded with synthetic paneer: Tips to recognize fake paneer at home | - The Times of India,https://timesofindia.indiatimes.com/life-style/food-news/how-to-recognize-fake-paneer-at-home/articleshow/109395959.cms,indiatimes.com,timesofindia.indiatimes.com,2024-04-18,"""palm oil"" adulteration India",mediacloud,success,899,0.95,relevant,,,C:\Users\yuvra\OneDrive\Desktop\RAship\FoodComputing\news_crawler\data\runs\edible_oils_from_sample_2026-06-21\mediacloud\cleaned_text\timesofindia.indiatimes.com\3b98c7a1f64071f8.txt,
ff63088f-6930-42b1-a7f5-0dd7774204e3,Unsafe Paneer Samples Found in Noida Restaurants: Adulterated Paneer Smuggled from Aligarh | Noida News - Times of India,https://timesofindia.indiatimes.com/city/noida/unsafe-paneer-samples-found-in-noida-restaurants-adulterated-paneer-smuggled-from-aligarh/articleshow/108534978.cms,indiatimes.com,timesofindia.indiatimes.com,2024-03-16,"""oil"" ""food safety"" ""seized"" India",mediacloud,success,334,,irrelevant,,,C:\Users\yuvra\OneDrive\Desktop\RAship\FoodComputing\news_crawler\data\runs\edible_oils_from_sample_2026-06-21\mediacloud\cleaned_text\timesofindia.indiatimes.com\956f082cc7a8f49a.txt,
4ae4296b-a751-4a66-8105-ae8134ddf3c8,FSSAI to bolster food fortification to combat malnutrition - The Tribune,https://www.tribuneindia.com/news/delhi/fssai-to-bolster-food-fortification-to-combat-malnutrition-598454,tribuneindia.com,tribuneindia.com,2024-03-08,"FSSAI ""edible oil"" India",mediacloud,success,97,,irrelevant,,,C:\Users\yuvra\OneDrive\Desktop\RAship\FoodComputing\news_crawler\data\runs\edible_oils_from_sample_2026-06-21\mediacloud\cleaned_text\tribuneindia.com\ee0b256b6d4b06c4.txt,
f1ebd4eb-f30b-4597-b72b-572e1fef793b,FDA says selling cheese analogues as âpaneerâ illegal | Nagpur News - The Times of India,https://timesofindia.indiatimes.com/city/nagpur/fda-says-selling-cheese-analogues-as-paneer-illegal/articleshow/108152356.cms,indiatimes.com,timesofindia.indiatimes.com,2024-03-02,"""coconut oil"" adulteration India",mediacloud,success,471,1.0,relevant,,,C:\Users\yuvra\OneDrive\Desktop\RAship\FoodComputing\news_crawler\data\runs\edible_oils_from_sample_2026-06-21\mediacloud\cleaned_text\timesofindia.indiatimes.com\00b46709c01fe597.txt,
d412585c-a8de-4364-8e87-f3d053e2f2c9,Food samples from school fail quality test - The Tribune,https://www.tribuneindia.com/news/punjab/food-samples-from-school-fail-quality-test-574528,tribuneindia.com,tribuneindia.com,2023-12-23,"""oil"" ""food safety"" ""seized"" India",mediacloud,success,111,,irrelevant,,,C:\Users\yuvra\OneDrive\Desktop\RAship\FoodComputing\news_crawler\data\runs\edible_oils_from_sample_2026-06-21\mediacloud\cleaned_text\tribuneindia.com\4053f338a9f94bb7.txt,
a22114c2-ccd6-4000-862a-e9df033da095,Spurious food items seized at Ferozepur meritorious school - The Tribune,https://www.tribuneindia.com/news/punjab/spurious-food-items-seized-at-ferozepur-meritorious-school-568467,tribuneindia.com,tribuneindia.com,2023-12-04,"""oil"" ""food safety"" ""seized"" India",mediacloud,success,184,,irrelevant,,,C:\Users\yuvra\OneDrive\Desktop\RAship\FoodComputing\news_crawler\data\runs\edible_oils_from_sample_2026-06-21\mediacloud\cleaned_text\tribuneindia.com\c1fc5bd9ea88f544.txt,
7bed14b9-d596-4978-819c-93bb7fc92f9b,"Crackdown on ‘halal’ products in UP: 2,275 kg of food items seized",https://indianexpress.com/article/cities/lucknow/crackdown-on-halal-products-in-up-2275-kg-of-food-items-seized-9040099/,indianexpress.com,indianexpress.com,2023-11-24,"""edible oil"" adulterated India",mediacloud,success,547,0.9,relevant,,,C:\Users\yuvra\OneDrive\Desktop\RAship\FoodComputing\news_crawler\data\runs\edible_oils_from_sample_2026-06-21\mediacloud\cleaned_text\indianexpress.com\f7c4b5657bf582fd.txt,
ad1abda3-769a-4305-bc9e-2d0e55f044c4,25 quintals of PDS rice & ragi seized | Bengaluru News - The Times of India,https://timesofindia.indiatimes.com/city/bengaluru/25-quintals-of-pds-rice-and-ragi-seized/articleshow/105275545.cms,indiatimes.com,timesofindia.indiatimes.com,2023-11-17,"""mustard oil"" seized India",mediacloud,success,406,,irrelevant,,,C:\Users\yuvra\OneDrive\Desktop\RAship\FoodComputing\news_crawler\data\runs\edible_oils_from_sample_2026-06-21\mediacloud\cleaned_text\timesofindia.indiatimes.com\5e1a8f3374dbd1b6.txt,
d8a3c6a7-c8a8-4bf6-a58f-a3014560b98e,Oil Worth â¹40 Lakh Seized On Suspicion Of Adulteration | Kanpur News - Times of India,https://timesofindia.indiatimes.com/city/kanpur/oil-worth-40-lakh-seized-on-suspicion-of-adulteration/articleshow/105083122.cms,indiatimes.com,timesofindia.indiatimes.com,2023-11-09,"""edible oil"" adulteration India",mediacloud,success,534,0.95,relevant,,,C:\Users\yuvra\OneDrive\Desktop\RAship\FoodComputing\news_crawler\data\runs\edible_oils_from_sample_2026-06-21\mediacloud\cleaned_text\timesofindia.indiatimes.com\3bd1a78f965f598f.txt,
06e4c972-438d-44e3-bec8-7aa40ba295b7,"Punjab: 6,500 kg of spurious sweets, milk items seized in 10 days - The Tribune",https://www.tribuneindia.com/news/punjab/6-500-kg-of-spurious-sweets-milk-items-seized-in-10-days-560816,tribuneindia.com,tribuneindia.com,2023-11-09,"""oil"" ""food safety"" ""seized"" India",mediacloud,success,366,,irrelevant,,,C:\Users\yuvra\OneDrive\Desktop\RAship\FoodComputing\news_crawler\data\runs\edible_oils_from_sample_2026-06-21\mediacloud\cleaned_text\tribuneindia.com\20eb061a0578198c.txt,
27da8bdc-a1ba-4eda-a4bd-a4f6f496ed75,"Fda Confiscates Stale Khowa During Action, Fine Traders | Nagpur News - Times of India",https://timesofindia.indiatimes.com/city/nagpur/fda-confiscates-stale-khowa-during-action-fine-traders/articleshow/104978595.cms,indiatimes.com,timesofindia.indiatimes.com,2023-11-05,"""vegetable oil"" adulteration India",mediacloud,success,592,0.95,relevant,,,C:\Users\yuvra\OneDrive\Desktop\RAship\FoodComputing\news_crawler\data\runs\edible_oils_from_sample_2026-06-21\mediacloud\cleaned_text\timesofindia.indiatimes.com\caa8e93db43081d1.txt,
97ec8268-402b-484b-bb04-9c4fc013ad2d,Follow Food Safety Norms: West Tripura Dm To Vendors | Agartala News - Times of India,https://timesofindia.indiatimes.com/city/agartala/follow-food-safety-norms-west-tripura-dm-to-vendors/articleshow/104618972.cms,indiatimes.com,timesofindia.indiatimes.com,2023-10-22,"""edible oil"" adulteration India",mediacloud,success,469,,irrelevant,,,C:\Users\yuvra\OneDrive\Desktop\RAship\FoodComputing\news_crawler\data\runs\edible_oils_from_sample_2026-06-21\mediacloud\cleaned_text\timesofindia.indiatimes.com\3b4e064ea78a9e1c.txt,
fb8fd08e-4c26-4fba-a1de-7a592ea14fe3,Blended edible oil beneficial: FSSAI | Today News,https://www.livemint.com/news/india/blended-edible-oil-beneficial-fssai-11697567700962.html,livemint.com,livemint.com,2023-10-18,"FSSAI ""edible oil"" India",mediacloud,success,526,0.75,relevant,,,C:\Users\yuvra\OneDrive\Desktop\RAship\FoodComputing\news_crawler\data\runs\edible_oils_from_sample_2026-06-21\mediacloud\cleaned_text\livemint.com\17a522fd14678851.txt,
96463d94-6dde-423f-89a5-fcb2e24f4e15,Mumbai Fda Team Raids Cityâs Betel Nut Traders | Nagpur News - Times of India,https://timesofindia.indiatimes.com/city/nagpur/mumbai-fda-team-raids-citys-betel-nut-traders/articleshow/103796119.cms,indiatimes.com,timesofindia.indiatimes.com,2023-09-20,"""edible oil"" adulteration India",mediacloud,success,580,0.95,relevant,,,C:\Users\yuvra\OneDrive\Desktop\RAship\FoodComputing\news_crawler\data\runs\edible_oils_from_sample_2026-06-21\mediacloud\cleaned_text\timesofindia.indiatimes.com\f4faa96af100b728.txt,
36f39111-ddb0-47a9-b5a6-097a076e1364,"Maggots found in FDA’s inspection in Mumbai’s Bademiya; Krishna Fastfood, Paradise Home Kitchen fined",https://indianexpress.com/article/cities/mumbai/maggots-fdas-inspection-mumbais-bademiya-krishna-fastfood-paradise-home-kitchen-fined-8940407/,indianexpress.com,indianexpress.com,2023-09-14,"""mustard oil"" adulteration India",mediacloud,success,694,0.95,relevant,,,C:\Users\yuvra\OneDrive\Desktop\RAship\FoodComputing\news_crawler\data\runs\edible_oils_from_sample_2026-06-21\mediacloud\cleaned_text\indianexpress.com\3b89efede7ae8c47.txt,
13ac734a-6f74-4a4c-a027-2f7440824fa8,"Ahead of festive season, adulterated paneer, milk, and oil raise alarms for food safety in Lucknow",https://www.hindustantimes.com/cities/others/ahead-of-festive-season-adulterated-paneer-milk-and-oil-raise-alarms-for-food-safety-in-lucknow-101693406351671.html,hindustantimes.com,hindustantimes.com,2023-08-30,"""edible oil"" adulteration India",mediacloud,success,635,1.0,relevant,,,C:\Users\yuvra\OneDrive\Desktop\RAship\FoodComputing\news_crawler\data\runs\edible_oils_from_sample_2026-06-21\mediacloud\cleaned_text\hindustantimes.com\fb51d4adc2ed270e.txt,
6ad82631-66fc-484b-8878-0367c69825e9,Thane: Rs 4.82 lakh-worth food items manufactured using fake FSSAI licence seized; four booked,https://www.mid-day.com/mumbai/mumbai-news/article/thane-rs-4-82-lakh-worth-food-items-manufactured-using-fake-fssai-licence-seized-four-booked-23303251,mid-day.com,mid-day.com,2023-08-12,"""mustard oil"" seized India",mediacloud,success,109,,irrelevant,,,C:\Users\yuvra\OneDrive\Desktop\RAship\FoodComputing\news_crawler\data\runs\edible_oils_from_sample_2026-06-21\mediacloud\cleaned_text\mid-day.com\76c5d12d9e4c0f0a.txt,
4f25d70d-412a-4389-991e-40491d71271e,Ambala: 25% food samples fail quality test - The Tribune,https://www.tribuneindia.com/news/haryana/25-food-samples-fail-quality-test-494650,tribuneindia.com,tribuneindia.com,2023-04-06,"""food safety officer"" ""edible oil"" India",mediacloud,success,305,0.9,relevant,,,C:\Users\yuvra\OneDrive\Desktop\RAship\FoodComputing\news_crawler\data\runs\edible_oils_from_sample_2026-06-21\mediacloud\cleaned_text\tribuneindia.com\99994702f9e86410.txt,
d761b863-6eb3-44f6-891b-e4a87b141d85,Festive season: Spurious khoya seized from Ambala dairy - The Tribune,https://www.tribuneindia.com/news/chandigarh/festive-season-spurious-khoya-seized-from-ambala-dairy-440791,tribuneindia.com,tribuneindia.com,2022-10-13,"""oil"" ""food safety"" ""seized"" India",mediacloud,success,285,,irrelevant,,,C:\Users\yuvra\OneDrive\Desktop\RAship\FoodComputing\news_crawler\data\runs\edible_oils_from_sample_2026-06-21\mediacloud\cleaned_text\tribuneindia.com\ba74303009271418.txt,
4007407c-32bc-43b7-a76b-2f402489ed53,Kolkata Municipal Corporation plans food safety drive ahead of Durga Puja | Kolkata News - Times of India,https://timesofindia.indiatimes.com/city/kolkata/kolkata-municipal-corporation-plans-food-safety-drive-ahead-of-durga-puja/articleshow/94210228.cms,indiatimes.com,timesofindia.indiatimes.com,2022-09-15,"""cooking oil"" adulteration India",mediacloud,success,254,0.95,relevant,,,C:\Users\yuvra\OneDrive\Desktop\RAship\FoodComputing\news_crawler\data\runs\edible_oils_from_sample_2026-06-21\mediacloud\cleaned_text\timesofindia.indiatimes.com\9232f9ca0de082aa.txt,
c03554db-94c9-42ec-bca5-cae4ea332c9c,Stale Meat Seized From Eateries | Coimbatore News - Times of India,https://timesofindia.indiatimes.com/city/coimbatore/stale-meat-seized-from-eateries/articleshow/93844572.cms,indiatimes.com,timesofindia.indiatimes.com,2022-08-29,"""oil"" ""food safety"" ""seized"" India",mediacloud,success,139,0.65,relevant,,,C:\Users\yuvra\OneDrive\Desktop\RAship\FoodComputing\news_crawler\data\runs\edible_oils_from_sample_2026-06-21\mediacloud\cleaned_text\timesofindia.indiatimes.com\f6d6477130576956.txt,
9e07f2f1-4703-4a36-af39-5c0d5fd27351,"Over 4,000 litre of adulterated oil seized from Chennai store",https://indianexpress.com/article/cities/chennai/over-4-litre-of-adulterated-oil-seized-from-chennai-store-8107733/,indianexpress.com,indianexpress.com,2022-08-23,"""adulterated oil"" seized India",mediacloud,success,397,,irrelevant,,,C:\Users\yuvra\OneDrive\Desktop\RAship\FoodComputing\news_crawler\data\runs\edible_oils_from_sample_2026-06-21\mediacloud\cleaned_text\indianexpress.com\757ad69161add26e.txt,
c1763661-c264-4472-a619-c31758b0a686,"Food items fail quality check in Chandigarh: Purchase food from licensed & hygienic stores, says food safety dept",https://indianexpress.com/article/cities/chandigarh/food-items-fail-quality-check-in-chandigarh-purchase-food-from-licensed-hygienic-stores-says-food-safety-dept-8079080/,indianexpress.com,indianexpress.com,2022-08-09,"""food safety department"" ""edible oil"" India",mediacloud,success,216,0.75,relevant,,,C:\Users\yuvra\OneDrive\Desktop\RAship\FoodComputing\news_crawler\data\runs\edible_oils_from_sample_2026-06-21\mediacloud\cleaned_text\indianexpress.com\1c8bdf031bdbe224.txt,
0459341e-d440-4616-a97c-17b8b8e7a593,FSSAI's 2-week long campaign to check adulteration to last till 14 August | Today News,https://www.livemint.com/news/india/fssais-2-week-long-campaign-to-check-adulteration-to-last-till-14-august-11659500215404.html,livemint.com,livemint.com,2022-08-03,"""edible oil"" adulteration India",mediacloud,success,567,0.9,relevant,,,C:\Users\yuvra\OneDrive\Desktop\RAship\FoodComputing\news_crawler\data\runs\edible_oils_from_sample_2026-06-21\mediacloud\cleaned_text\livemint.com\4d1f71fe6c6e56bd.txt,
2207ac08-93ea-46ad-ac64-a51b2472c469,"CBI Raid: हिमाचल के रक्कड़ में सीबीआई की दबिश, खाद्य तेल कारोबारी समेत पांच पर एफआईआर",https://www.amarujala.com/shimla/cbi-raid-in-himachal-s-rakkar-una-fir-on-five-including-edible-oil-trader?utm_source=rssfeed&utm_medium=Referral&utm_campaign=rssfeed,amarujala.com,amarujala.com,2022-05-18,"""edible oil"" raid India",mediacloud,success,414,,irrelevant,,,C:\Users\yuvra\OneDrive\Desktop\RAship\FoodComputing\news_crawler\data\runs\edible_oils_from_sample_2026-06-21\mediacloud\cleaned_text\amarujala.com\45298137d4f50e70.txt,
57bcb7e3-d05a-4860-a4ff-877b36e31382,FDA urges âbigâ hotels to hand over excess edible oil for bio-diesel | Nagpur News - Times of India,https://timesofindia.indiatimes.com/city/nagpur/fda-urges-big-hotels-to-hand-over-excess-edible-oil-for-bio-diesel/articleshow/88797263.cms,indiatimes.com,timesofindia.indiatimes.com,2022-01-10,"""edible oil"" seized India",mediacloud,success,392,0.75,relevant,,,C:\Users\yuvra\OneDrive\Desktop\RAship\FoodComputing\news_crawler\data\runs\edible_oils_from_sample_2026-06-21\mediacloud\cleaned_text\timesofindia.indiatimes.com\240214570ba23003.txt,
5e2aa478-ed53-4649-a76c-5ae847bd9759,24% edible oil samples adulterated: FSSAI | Today News,https://www.livemint.com/news/india/24-edible-oil-samples-adulterated-fssai-11640775486648.html,livemint.com,livemint.com,2021-12-29,"""cooking oil"" adulteration India",mediacloud,success,487,1.0,relevant,,,C:\Users\yuvra\OneDrive\Desktop\RAship\FoodComputing\news_crawler\data\runs\edible_oils_from_sample_2026-06-21\mediacloud\cleaned_text\livemint.com\c7147edb338d57bd.txt,
65f90863-f6a1-4747-8abd-aef4e7d59ca4,"FSSAI says 2.42% of 4,461 different edible oils samples found to be of sub-standard quality",https://www.financialexpress.com/industry/fssai-says-2-42-of-4461-different-edible-oils-samples-found-to-be-of-sub-standard-quality/2393346/,financialexpress.com,financialexpress.com,2021-12-29,"""mustard oil"" adulteration India",mediacloud,success,466,0.95,relevant,,,C:\Users\yuvra\OneDrive\Desktop\RAship\FoodComputing\news_crawler\data\runs\edible_oils_from_sample_2026-06-21\mediacloud\cleaned_text\financialexpress.com\0114535c56600ced.txt,
f1872a0a-2f98-4c56-a392-ee2aa49e3baf,FSSAI experts warn of adulterated biryani in Vijayawada | Vijayawada News - Times of India,https://timesofindia.indiatimes.com/city/vijayawada/fssai-experts-warn-of-adulterated-biryani/articleshow/87229905.cms,indiatimes.com,timesofindia.indiatimes.com,2021-10-24,"""adulterated oil"" seized India",mediacloud,success,232,,irrelevant,,,C:\Users\yuvra\OneDrive\Desktop\RAship\FoodComputing\news_crawler\data\runs\edible_oils_from_sample_2026-06-21\mediacloud\cleaned_text\timesofindia.indiatimes.com\d42426b26bf29ce2.txt,
48a4021c-2fdd-4e64-b340-80827d1d3f5e,"Virender Sardana: ‘Ban on blending of mustard oil will benefit farmers, lead to more production of healthier alternative’",https://indianexpress.com/article/cities/chandigarh/ban-on-blending-of-mustard-oil-will-benefit-farmers-lead-to-more-production-of-healthier-alternative-7378786/,indianexpress.com,indianexpress.com,2021-06-28,"""edible oil"" adulteration India",mediacloud,success,1850,0.95,relevant,,,C:\Users\yuvra\OneDrive\Desktop\RAship\FoodComputing\news_crawler\data\runs\edible_oils_from_sample_2026-06-21\mediacloud\cleaned_text\indianexpress.com\74f2f16be4237873.txt,
0c633682-6519-4d9c-ba5c-fce3d2e8d4e5,FSSAI extends deadline for trans fat reduction in edible oils,https://economictimes.indiatimes.com/industry/cons-products/food/fssai-extends-deadline-for-trans-fat-reduction-in-edible-oils/articleshow/80251785.cms,indiatimes.com,economictimes.indiatimes.com,2021-01-13,"FSSAI ""edible oil"" India",mediacloud,success,213,0.65,relevant,,,C:\Users\yuvra\OneDrive\Desktop\RAship\FoodComputing\news_crawler\data\runs\edible_oils_from_sample_2026-06-21\mediacloud\cleaned_text\economictimes.indiatimes.com\40b632de5bb6eb4e.txt,
5762e485-4b13-4524-a9c7-fe84ac9a7d8f,"Edible oil companies request FSSAI to ""not enforce"" regulation to reduce trans fat reduction in 2021",https://economictimes.indiatimes.com/industry/cons-products/food/edible-oil-companies-request-fssai-to-not-enforce-regulation-to-reduce-trans-fat-reduction-in-2021/articleshow/80231663.cms,indiatimes.com,economictimes.indiatimes.com,2021-01-12,"FSSAI ""edible oil"" India",mediacloud,success,182,0.65,relevant,,,C:\Users\yuvra\OneDrive\Desktop\RAship\FoodComputing\news_crawler\data\runs\edible_oils_from_sample_2026-06-21\mediacloud\cleaned_text\economictimes.indiatimes.com\26313bec74d27cd6.txt,
3072342f-e7a8-4108-b3c6-97274148eb84,H-FAST flags unhygienic conditions at spice manufacturing units in Hyderabad,https://www.siasat.com/h-fast-flags-unhygienic-conditions-at-spice-manufacturing-units-in-hyderabad-3479147/,siasat.com,siasat.com,,"""edible oil"" adulteration India",mediacloud,success,258,0.85,relevant,,,C:\Users\yuvra\OneDrive\Desktop\RAship\FoodComputing\news_crawler\data\runs\edible_oils_from_sample_2026-06-21\mediacloud\cleaned_text\siasat.com\a6d39bc18744409d.txt,
003744ba-0441-402f-8dec-578427785921,,https://www.en.etemaaddaily.com/world/hyderabad/fssai-launches-food-safety-on-wheels-in-telangana:108342,etemaaddaily.com,en.etemaaddaily.com,,"""edible oil"" adulteration India",mediacloud,partial,712,,irrelevant,1,https://www.en.etemaaddaily.com/world/hyderabad/ghmc-food-safety-team-inspects-pizza-outlets:182073,C:\Users\yuvra\OneDrive\Desktop\RAship\FoodComputing\news_crawler\data\runs\edible_oils_from_sample_2026-06-21\mediacloud\cleaned_text\en.etemaaddaily.com\dd878a1a13d8880e.txt,
e70f9751-0b1f-45ec-bfd4-5d97fdca22da,FSSAI launches 2-week long drive to check adulteration in edible oils,http://www.indiasnews.net/news/272641314/fssai-launches-2-week-long-drive-to-check-adulteration-in-edible-oils,indiasnews.net,indiasnews.net,,"""edible oil"" adulteration India",mediacloud,success,374,0.8,relevant,1,http://www.newdelhinews.net/news/272641314/fssai-launches-2-week-long-drive-to-check-adulteration-in-edible-oils,C:\Users\yuvra\OneDrive\Desktop\RAship\FoodComputing\news_crawler\data\runs\edible_oils_from_sample_2026-06-21\mediacloud\cleaned_text\indiasnews.net\428a0cd83a82cd31.txt,
4102f2f6-a598-4ca0-ae45-50b04d259f54,FSSAI launches 2-week long drive to check adulteration in edible oils,http://www.newdelhinews.net/news/272641314/fssai-launches-2-week-long-drive-to-check-adulteration-in-edible-oils,newdelhinews.net,newdelhinews.net,,"""edible oil"" adulteration India",mediacloud,success,374,0.8,relevant,,,C:\Users\yuvra\OneDrive\Desktop\RAship\FoodComputing\news_crawler\data\runs\edible_oils_from_sample_2026-06-21\mediacloud\cleaned_text\newdelhinews.net\b4414b055311a17a.txt,
47836cd8-d9ea-4878-9ac4-f80e98e9715d,FSSAI flags misleading organic and zero maida claims by food brands,http://www.en.etemaaddaily.com/health/fssai-flags-misleading-organic-and-zero-maida-claims-by-food-brands:1780,etemaaddaily.com,en.etemaaddaily.com,,"FSSAI ""edible oil"" India",mediacloud,success,529,0.55,relevant,,,C:\Users\yuvra\OneDrive\Desktop\RAship\FoodComputing\news_crawler\data\runs\edible_oils_from_sample_2026-06-21\mediacloud\cleaned_text\en.etemaaddaily.com\4b17ef99de2d1e81.txt,
5c8053bc-2016-405d-a103-419d809c60da,Four food products fail quality test in Dimapur Zone,https://morungexpress.com/four-food-products-fail-quality-test-in-dimapur-zone,morungexpress.com,morungexpress.com,,"FSSAI ""edible oil"" India",mediacloud,success,375,0.8,relevant,,,C:\Users\yuvra\OneDrive\Desktop\RAship\FoodComputing\news_crawler\data\runs\edible_oils_from_sample_2026-06-21\mediacloud\cleaned_text\morungexpress.com\842a6da5264bc5b2.txt,
a724435e-4c9b-4e22-adc5-f78dd5ef00a8,"FSSAI launches 'Food Safety on Wheels' initiative in Nubra Valley, conducts food testing at 17,582ft",https://www.mumbainews.net/news/274658791/fssai-launches-food-safety-on-wheels-initiative-in-nubra-valley-conducts-food-testing-at-17582ft,mumbainews.net,mumbainews.net,,"FSSAI ""edible oil"" India",mediacloud,success,383,0.6,relevant,1,https://www.bombaynews.net/news/274658791/fssai-launches-food-safety-on-wheels-initiative-in-nubra-valley-conducts-food-testing-at-17582ft,C:\Users\yuvra\OneDrive\Desktop\RAship\FoodComputing\news_crawler\data\runs\edible_oils_from_sample_2026-06-21\mediacloud\cleaned_text\mumbainews.net\1f0048670614426b.txt,
f2ca7c3a-f065-4472-aaa5-32d7351f7d0e,"FSSAI launches 'Food Safety on Wheels' initiative in Nubra Valley, conducts food testing at 17,582ft",https://www.newdelhinews.net/news/274658791/fssai-launches-food-safety-on-wheels-initiative-in-nubra-valley-conducts-food-testing-at-17582ft,newdelhinews.net,newdelhinews.net,,"FSSAI ""edible oil"" India",mediacloud,success,383,0.6,relevant,1,https://www.bombaynews.net/news/274658791/fssai-launches-food-safety-on-wheels-initiative-in-nubra-valley-conducts-food-testing-at-17582ft,C:\Users\yuvra\OneDrive\Desktop\RAship\FoodComputing\news_crawler\data\runs\edible_oils_from_sample_2026-06-21\mediacloud\cleaned_text\newdelhinews.net\3a591ec10776dfd6.txt,
7fd2ddc4-1c58-421b-ba29-b5e4f930e0e5,"FSSAI launches 'Food Safety on Wheels' initiative in Nubra Valley, conducts food testing at 17,582ft",https://www.indiasnews.net/news/274658791/fssai-launches-food-safety-on-wheels-initiative-in-nubra-valley-conducts-food-testing-at-17582ft,indiasnews.net,indiasnews.net,,"FSSAI ""edible oil"" India",mediacloud,success,383,0.6,relevant,1,https://www.bombaynews.net/news/274658791/fssai-launches-food-safety-on-wheels-initiative-in-nubra-valley-conducts-food-testing-at-17582ft,C:\Users\yuvra\OneDrive\Desktop\RAship\FoodComputing\news_crawler\data\runs\edible_oils_from_sample_2026-06-21\mediacloud\cleaned_text\indiasnews.net\59534a1b22483ae0.txt,
b895d529-6598-47d1-811b-903f75336722,"FSSAI launches 'Food Safety on Wheels' initiative in Nubra Valley, conducts food testing at 17,582ft",https://www.bombaynews.net/news/274658791/fssai-launches-food-safety-on-wheels-initiative-in-nubra-valley-conducts-food-testing-at-17582ft,bombaynews.net,bombaynews.net,,"FSSAI ""edible oil"" India",mediacloud,success,383,0.6,relevant,,,C:\Users\yuvra\OneDrive\Desktop\RAship\FoodComputing\news_crawler\data\runs\edible_oils_from_sample_2026-06-21\mediacloud\cleaned_text\bombaynews.net\7b773e1211f0b1b9.txt,
910c1cc3-6aa8-4de5-b8d6-922ffbfee1a7,"FSSAI Recruitment 2021: Apply for food analyst, food safety officer and other posts, check fssai.gov.in | India, Jobs Career News | Zee News",https://zeenews.india.com/jobs-career/fssai-recruitment-2021-job-alert-apply-for-over-250-posts-sarkari-naukri-check-eligibility-age-limit-and-other-details-2409352.html,india.com,zeenews.india.com,,"FSSAI ""edible oil"" India",mediacloud,success,1037,0.55,relevant,,,C:\Users\yuvra\OneDrive\Desktop\RAship\FoodComputing\news_crawler\data\runs\edible_oils_from_sample_2026-06-21\mediacloud\cleaned_text\zeenews.india.com\e8462fec9c9a9532.txt,
a4faa7ae-243c-4423-892a-58575431c9ad,"Blending of Mustard oil prohibited, oil can’t be sold loose – Check FSSAI's new rules on edible oil effective from June | Economy News | Zee News",https://zeenews.india.com/economy/blending-of-mustard-oil-prohibited-oil-can-t-be-sold-loose-check-fssais-new-rules-on-edible-oil-effective-from-june-2367815.html,india.com,zeenews.india.com,,"FSSAI ""edible oil"" India",mediacloud,success,318,,irrelevant,,,C:\Users\yuvra\OneDrive\Desktop\RAship\FoodComputing\news_crawler\data\runs\edible_oils_from_sample_2026-06-21\mediacloud\cleaned_text\zeenews.india.com\74f3edc38dc639a7.txt,
21086f43-777b-42ab-8064-33092e3f4637,110 kg fried chicken seized at Charminar godown over food safety lapses,https://www.siasat.com/110-kg-fried-chicken-seized-at-charminar-godown-over-food-safety-lapses-3492067/,siasat.com,siasat.com,,"""cooking oil"" adulteration India",mediacloud,success,324,0.85,relevant,,,C:\Users\yuvra\OneDrive\Desktop\RAship\FoodComputing\news_crawler\data\runs\edible_oils_from_sample_2026-06-21\mediacloud\cleaned_text\siasat.com\b72f9b994ff3d3d3.txt,
c5c62a8d-83c9-4505-a685-1ce7565c193b,Food safety awareness drives held across four Niuland villages,https://morungexpress.com/food-safety-awareness-drives-held-across-four-niuland-villages,morungexpress.com,morungexpress.com,,"""cooking oil"" adulteration India",mediacloud,success,365,0.8,relevant,,,C:\Users\yuvra\OneDrive\Desktop\RAship\FoodComputing\news_crawler\data\runs\edible_oils_from_sample_2026-06-21\mediacloud\cleaned_text\morungexpress.com\54e3c15d71f8ef64.txt,
c636d26f-efe4-4e60-a9f5-a437e344ab89,"In four months, 28 arrested for food adulteration in Cyberabad",https://www.siasat.com/in-four-months-28-arrested-for-food-adulteration-in-cyberabad-3458156/,siasat.com,siasat.com,,"""cooking oil"" adulteration India",mediacloud,success,145,0.85,relevant,,,C:\Users\yuvra\OneDrive\Desktop\RAship\FoodComputing\news_crawler\data\runs\edible_oils_from_sample_2026-06-21\mediacloud\cleaned_text\siasat.com\04cc9eb2cffea283.txt,
bfbb7012-5c7d-4d4b-b208-6a61bec2c5dd,Food safety - The Navhind Times,https://navhindtimes.in/editorial/food-safety/,navhindtimes.in,navhindtimes.in,,"""coconut oil"" adulteration India",mediacloud,success,587,0.85,relevant,,,C:\Users\yuvra\OneDrive\Desktop\RAship\FoodComputing\news_crawler\data\runs\edible_oils_from_sample_2026-06-21\mediacloud\cleaned_text\navhindtimes.in\3253d6ed833cccf1.txt,
c604281c-cd93-44bc-9971-2a18d760703a,FSSAI Warns About Fake Sweet Potatoes: Here’s How To Check Purity At Home And Cook 6 Delicious Dishes | Health News | Zee News,https://zeenews.india.com/health/fssai-warns-about-fake-sweet-potatoes-here-s-how-to-check-purity-at-home-and-cook-6-delicious-dishes-3008763,india.com,zeenews.india.com,,"""vegetable oil"" adulteration India",mediacloud,success,556,,irrelevant,,,C:\Users\yuvra\OneDrive\Desktop\RAship\FoodComputing\news_crawler\data\runs\edible_oils_from_sample_2026-06-21\mediacloud\cleaned_text\zeenews.india.com\10b38883bf6dc949.txt,
a7efb2f7-925a-435f-8526-638259a8263d,"FSSAI seizes over 6,500 litres of suspected adulterated ghee in Delhi, Haryana operations",http://www.mumbainews.net/news/279131828/fssai-seizes-over-6500-litres-of-suspected-adulterated-ghee-in-delhi-haryana-operations,mumbainews.net,mumbainews.net,,"""oil"" ""food safety"" ""seized"" India",mediacloud,success,434,,irrelevant,1,http://www.indiasnews.net/news/279131828/fssai-seizes-over-6500-litres-of-suspected-adulterated-ghee-in-delhi-haryana-operations,C:\Users\yuvra\OneDrive\Desktop\RAship\FoodComputing\news_crawler\data\runs\edible_oils_from_sample_2026-06-21\mediacloud\cleaned_text\mumbainews.net\d9ab70cccaedb4d2.txt,
f012eedb-c2e6-4cff-b7a1-bd6c959471e7,"FSSAI seizes over 6,500 litres of suspected adulterated ghee in Delhi, Haryana operations",http://www.bombaynews.net/news/279131828/fssai-seizes-over-6500-litres-of-suspected-adulterated-ghee-in-delhi-haryana-operations,bombaynews.net,bombaynews.net,,"""oil"" ""food safety"" ""seized"" India",mediacloud,success,434,,irrelevant,1,http://www.indiasnews.net/news/279131828/fssai-seizes-over-6500-litres-of-suspected-adulterated-ghee-in-delhi-haryana-operations,C:\Users\yuvra\OneDrive\Desktop\RAship\FoodComputing\news_crawler\data\runs\edible_oils_from_sample_2026-06-21\mediacloud\cleaned_text\bombaynews.net\0a1607acab123c6a.txt,
7b6b39dd-7837-4045-aa23-34a4a723125d,"FSSAI seizes over 6,500 litres of suspected adulterated ghee in Delhi, Haryana operations",http://www.newdelhinews.net/news/279131828/fssai-seizes-over-6500-litres-of-suspected-adulterated-ghee-in-delhi-haryana-operations,newdelhinews.net,newdelhinews.net,,"""oil"" ""food safety"" ""seized"" India",mediacloud,success,434,,irrelevant,1,http://www.indiasnews.net/news/279131828/fssai-seizes-over-6500-litres-of-suspected-adulterated-ghee-in-delhi-haryana-operations,C:\Users\yuvra\OneDrive\Desktop\RAship\FoodComputing\news_crawler\data\runs\edible_oils_from_sample_2026-06-21\mediacloud\cleaned_text\newdelhinews.net\acb2367aeff03a32.txt,
26a91011-41b9-4a0f-a257-824b8c024a0e,"FSSAI seizes over 6,500 litres of suspected adulterated ghee in Delhi, Haryana operations",http://www.indiasnews.net/news/279131828/fssai-seizes-over-6500-litres-of-suspected-adulterated-ghee-in-delhi-haryana-operations,indiasnews.net,indiasnews.net,,"""oil"" ""food safety"" ""seized"" India",mediacloud,success,434,,irrelevant,,,C:\Users\yuvra\OneDrive\Desktop\RAship\FoodComputing\news_crawler\data\runs\edible_oils_from_sample_2026-06-21\mediacloud\cleaned_text\indiasnews.net\21afc1042e443d45.txt,
58c34aff-76ba-443a-8690-1ee18d0a0a65,,https://theshillongtimes.com/2026/02/21/govt-crackdown-on-polo-shops-over-unsafe-cooking-practices/,theshillongtimes.com,theshillongtimes.com,,"""oil"" ""food safety"" ""seized"" India",mediacloud,success,228,0.55,relevant,,,C:\Users\yuvra\OneDrive\Desktop\RAship\FoodComputing\news_crawler\data\runs\edible_oils_from_sample_2026-06-21\mediacloud\cleaned_text\theshillongtimes.com\d19de563f27705cb.txt,
19ce1de5-f99d-47ef-add0-40a2bfcd8b7f,,https://www.en.etemaaddaily.com/world/hyderabad/ghmc-food-safety-team-inspects-pizza-outlets:182073,etemaaddaily.com,en.etemaaddaily.com,,"""oil"" ""food safety"" ""seized"" India",mediacloud,partial,712,,irrelevant,,,C:\Users\yuvra\OneDrive\Desktop\RAship\FoodComputing\news_crawler\data\runs\edible_oils_from_sample_2026-06-21\mediacloud\cleaned_text\en.etemaaddaily.com\44729bb7f1ecb3a7.txt,
5cf5bef0-6678-4715-8f46-392f63152791,"FSSAI cracks down on health claims, issues notices to 8 brands",https://indiantelevision.com/mam/fssai-cracks-down-on-health-claims-issues-notices-to-8-brands/,indiantelevision.com,indiantelevision.com,,"FSSAI ""edible oil"" India",mediacloud,success,372,,irrelevant,,,C:\Users\yuvra\OneDrive\Desktop\RAship\FoodComputing\news_crawler\data\runs\edible_oils_from_sample_2026-06-21\mediacloud\cleaned_text\indiantelevision.com\0e823e73aef55635.txt,
