keep,keyword_or_keyphrase,review_label,source,category,composite_score,methods_found,method_count,total_frequency,document_frequency,review_reason,example_article_title,example_context,example_url,source_round_number,next_round_target
,tainted edible oil,keep_core,rescue_manual,adulteration/fraud,,manual_article_read,1,1,1,direct edible-oil safety/adulteration phrase from a new relevant article title,Investigation into Dropsy Deaths in Nabha: New Committee Formed to Probe Tainted Edible Oil | Chandigarh News - Times of India,Investigation into Dropsy Deaths in Nabha: New Committee Formed to Probe Tainted Edible Oil | Chandigarh News - Times of India Patiala: The Patiala deputy commissioner has constituted a five-member committee under Nabha S...,https://timesofindia.indiatimes.com/city/chandigarh/investigation-into-dropsy-deaths-in-nabha-new-committee-formed-to-probe-tainted-edible-oil/articleshow/115711329.cms,2,3
,unfit edible oil,keep_core,rescue_manual,adulteration/fraud,,manual_article_read,1,1,1,direct edible-oil safety phrase from a new relevant article body,Investigation into Dropsy Deaths in Nabha: New Committee Formed to Probe Tainted Edible Oil | Chandigarh News - Times of India,"...ha senior medical officer and deputy registrar of co-operative societies. Three members of a family had died after consumption of unfit edible oil in Sept, after which the health department had issued an advisory and conducted a probe. Navdeep Singh said the committee will no...",https://timesofindia.indiatimes.com/city/chandigarh/investigation-into-dropsy-deaths-in-nabha-new-committee-formed-to-probe-tainted-edible-oil/articleshow/115711329.cms,2,3
,mislabelled oils,keep_core,rescue_manual,adulteration/fraud,,manual_article_read,1,2,1,direct edible-oil mislabelling phrase from a new relevant article title,"Ahead of Holi, food safety raids net unhygienic sweets, mislabelled oils in GB Nagar","Ahead of Holi, food safety raids net unhygienic sweets, mislabelled oils in GB Nagar Ahead of Holi, food safety raids net unhygienic sweets, mislabelled oils in GB Nagar The drive was carried out to ens...",https://www.hindustantimes.com/cities/noida-news/ahead-of-holi-food-safety-raids-net-unhygienic-sweets-mislabelled-oils-in-gb-nagar-101771877000656.html,2,3
,samples,manual_review,extraction_unique_r2_relevant,other_candidate,0.54778,phrase_frequency; tfidf; yake,3,34,12,statistically strong phrase but not in edible-oil categories,"Adulteration found in paneer, mustard oil & honey in Doon | Dehradun News - Times of India","DEHRADUN: The district food and drug department on Monday received quality test reports of 19 food items, the samples of which were collected from the state capital in the last two months. According to the reports, adulteration...",https://timesofindia.indiatimes.com/city/dehradun/adulteration-found-in-paneer-mustard-oil-honey-in-doon/articleshow/81638388.cms,2,3
,edible,manual_review,extraction_unique_r2_relevant,other_candidate,0.504611,phrase_frequency; tfidf; yake,3,29,13,statistically strong phrase but not in edible-oil categories,"Adulteration found in paneer, mustard oil & honey in Doon | Dehradun News - Times of India","...from the manufacturers of the products which were found substandard. The official added that five samples of edible oil, 23 samples of milk and related products, six products of sweet, three cereal-based products, chips, spic...",https://timesofindia.indiatimes.com/city/dehradun/adulteration-found-in-paneer-mustard-oil-honey-in-doon/articleshow/81638388.cms,2,3
,refined soybean oil,manual_review,extraction_unique_r2_relevant,oil/product,0.315553,phrase_frequency; tfidf; yake,3,7,4,food/product term is relevant but not strong enough alone,Adulterated paneer and cooking oil seized ahead of Diwali | Agra News - The Times of India,"...nder unhygienic conditions. In addition, 800 kg of edible oil â including 600 kg of mustard oil and 200 kg of refined soybean oil â worth about Rs 1.3 lakh was seized from local shops. Samples were also collected from well-known establishm...",https://timesofindia.indiatimes.com/city/agra/adulterated-paneer-and-cooking-oil-seized-ahead-of-diwali/articleshow/124586909.cms,2,3
,food adulteration,manual_review,extraction_unique_r2_relevant,adulteration/fraud,0.307126,phrase_frequency; tfidf; yake,3,6,4,domain term is plausible but weaker or too broad,Adulterated paneer and cooking oil seized ahead of Diwali | Agra News - The Times of India,"Agra:Ahead of Diwali, officials have stepped up efforts to curb food adulteration. The Food Safety and Drug Administration (FSDA) carried out swift operations across districts to ensure that...",https://timesofindia.indiatimes.com/city/agra/adulterated-paneer-and-cooking-oil-seized-ahead-of-diwali/articleshow/124586909.cms,2,3
,edible oil traders,manual_review,extraction_unique_r2_relevant,oil/product,0.289296,phrase_frequency; tfidf; yake,3,4,2,food/product term is relevant but not strong enough alone,50 cases registered during raids on oil shops in A.P.     ,"...the Vigilance and Enforcement (V&E), Legal Metrology and Food Safety departments raided wholesale and retail edible oil traders across the State on Wednesday. Raids were conducted in more than 250 places as the teams verified the stock,...",https://www.thehindu.com/news/national/andhra-pradesh/50-cases-registered-during-raids-on-oil-shops-in-ap/article65360803.ece,2,3
,fda officials,manual_review,extraction_unique_r2_relevant,enforcement/evidence,0.284592,phrase_frequency; tfidf; yake,3,5,2,domain term is plausible but weaker or too broad,"Nashik Fda Cracks Down On Adulterated Food Items, Oil | Nashik News - The Times of India",...nt parts of the district over the last 15-20 days. The total amount of seized items is worth over Rs 20 lakh. FDA officials said that teams were formed to conduct raids in various outlets to prevent the sale of adulterated food items...,https://timesofindia.indiatimes.com/city/nashik/nashik-fda-cracks-down-on-adulterated-food-items-oil/articleshow/105082876.cms,2,3
,adulterated food items,manual_review,extraction_unique_r2_relevant,adulteration/fraud,0.206878,phrase_frequency; yake,2,3,2,domain term is plausible but weaker or too broad,"Food adulteration racket busted in Hyderabad; oil, namkeen worth lakhs seized","...bad Enforcement Wing carried out extensive search operations from January 1 to April 21 in Hyderabad, seizing adulterated food items, machinery, and vehicles worth Rs 64.07 lakh, and arresting 28 individuals associated with the units, sources...",https://www.indiatoday.in/cities/hyderabad/story/cyberabad-food-adulteration-raids-hyderabad-rs-64-lakh-seizure-28-arrested-2900680-2026-04-23?utm_source=rss,2,3
,edible oil samples,manual_review,extraction_unique_r2_relevant,oil/product,0.205736,phrase_frequency; yake,2,2,2,food/product term is relevant but not strong enough alone,"Maharashtra News: Minister Narhari Zirwal Announces Suspension Of 2 FDA Officials, Closure Of Nandurbar Factory Over Oil Adulteration","...Research Institute (CFTRI) in Mysuru in Karnataka, Zirwal said in the assembly. During 2024-25, a total of 12 edible oil samples were collected in Nandurbar district, out of which five were declared substandard, with legal proceedings ini...",https://www.freepressjournal.in/mumbai/maharashtra-news-minister-narhari-zirwal-announces-suspension-of-2-fda-officials-closure-of-nandurbar-factory-over-oil-adulteration,2,3
,substandard edible oil,manual_review,extraction_unique_r2_relevant,incident/action phrase,0.171523,yake,1,2,2,incident/action phrase needs human pruning,"Maharashtra News: Minister Narhari Zirwal Announces Suspension Of 2 FDA Officials, Closure Of Nandurbar Factory Over Oil Adulteration","...cers failed to act, which has now resulted in disciplinary action. Officials found responsible in the case of substandard edible oil in Nandurbar district will be suspended, and the concerned company will be shut down,"" Zirwal informed the Ho...",https://www.freepressjournal.in/mumbai/maharashtra-news-minister-narhari-zirwal-announces-suspension-of-2-fda-officials-closure-of-nandurbar-factory-over-oil-adulteration,2,3
,edible oil worth,manual_review,extraction_unique_r2_relevant,oil/product,0.163429,yake,1,2,1,food/product term is relevant but not strong enough alone,Kanpur Adulterated Food: Pre-Holi raids in Kanpur: FSDA seizes 9 quintals of adulterated mawa & edible oil worth Rs 29L | Kanpur News - The Times of India,"...of Holi, the Food Security and Drug Administration (FSDA) department on Wednesday seized adulterated mawa and edible oil worth Rs 29.08 lakh and destroyed a large quantity of unsafe products. Acting on a tip-off, a special FSDA team rai...",https://timesofindia.indiatimes.com/city/kanpur/9-quintals-of-adulterated-mawa-edible-oil-seized-ahead-of-holi/articleshow/128794157.cms,2,3
,collected edible oil samples,manual_review,extraction_unique_r2_relevant,oil/product,0.162757,yake,1,1,1,food/product term is relevant but not strong enough alone,Oil’s not well? Food safety teams smell fraud,"...ctor of the Food Safety department, which comes under Institute of Preventive Medicine, said that their teams collected edible oil samples over three days and those have been sent to the State Food Laboratory in Nacharam. The tests are conducted to...",https://www.thehindu.com/news/cities/Hyderabad/oils-not-well-food-safety-teams-smell-fraud/article65290089.ece,2,3
,teams collected edible oil,manual_review,extraction_unique_r2_relevant,oil/product,0.16259,yake,1,1,1,food/product term is relevant but not strong enough alone,Oil’s not well? Food safety teams smell fraud,"..., director of the Food Safety department, which comes under Institute of Preventive Medicine, said that their teams collected edible oil samples over three days and those have been sent to the State Food Laboratory in Nacharam. The tests are cond...",https://www.thehindu.com/news/cities/Hyderabad/oils-not-well-food-safety-teams-smell-fraud/article65290089.ece,2,3
,seized adulterated food items,manual_review,extraction_unique_r2_relevant,incident/action phrase,0.161987,yake,1,1,1,incident/action phrase needs human pruning,"Nashik Fda Cracks Down On Adulterated Food Items, Oil | Nashik News - The Times of India",Nashik: The Food and Drug Administration (FDA) of the Nashik division has seized adulterated food items and spurious cooking oil from different parts of the district over the last 15-20 days. The total amount of s...,https://timesofindia.indiatimes.com/city/nashik/nashik-fda-cracks-down-on-adulterated-food-items-oil/articleshow/105082876.cms,2,3
,telangana food safety authority,manual_review,extraction_unique_r2_relevant,incident/action phrase,0.161879,yake,1,1,1,incident/action phrase needs human pruning,Oil’s not well? Food safety teams smell fraud,"...dible oil in India. Suspecting that the price rise may lead to sale of adulterated or substandard edible oil, Telangana Food Safety Authority teams conducted checks at oil manufacturing units, packaging units and retail stores in the State, and collec...",https://www.thehindu.com/news/cities/Hyderabad/oils-not-well-food-safety-teams-smell-fraud/article65290089.ece,2,3
,telangana food safety,manual_review,extraction_unique_r2_relevant,incident/action phrase,0.16158,yake,1,1,1,incident/action phrase needs human pruning,Oil’s not well? Food safety teams smell fraud,"...dible oil in India. Suspecting that the price rise may lead to sale of adulterated or substandard edible oil, Telangana Food Safety Authority teams conducted checks at oil manufacturing units, packaging units and retail stores in the State,...",https://www.thehindu.com/news/cities/Hyderabad/oils-not-well-food-safety-teams-smell-fraud/article65290089.ece,2,3
,samples collected,manual_review,extraction_unique_r2_relevant,enforcement/evidence,0.136128,phrase_frequency; tfidf,2,0,0,domain term is plausible but weaker or too broad,,,,2,3
,raids conducted,manual_review,extraction_unique_r2_relevant,enforcement/evidence,0.132505,phrase_frequency; tfidf,2,1,1,domain term is plausible but weaker or too broad,"Ahead of Holi, food safety raids net unhygienic sweets, mislabelled oils in GB Nagar","...Gautam Budh Nagar food safety authorities have come across alleged unhygiene and labelling violations during raids conducted in Noida and Greater Noida on Sunday, as they collected samples and seized large quantities of sweets and edi...",https://www.hindustantimes.com/cities/noida-news/ahead-of-holi-food-safety-raids-net-unhygienic-sweets-mislabelled-oils-in-gb-nagar-101771877000656.html,2,3
,found substandard,manual_review,extraction_unique_r2_relevant,adulteration/fraud,0.127962,phrase_frequency; tfidf,2,1,1,domain term is plausible but weaker or too broad,"Adulteration found in paneer, mustard oil & honey in Doon | Dehradun News - Times of India","...department will now be sending notices to seek explanations from the manufacturers of the products which were found substandard. The official added that five samples of edible oil, 23 samples of milk and related products, six products of...",https://timesofindia.indiatimes.com/city/dehradun/adulteration-found-in-paneer-mustard-oil-honey-in-doon/articleshow/81638388.cms,2,3
,greater noida,manual_review,extraction_unique_r2_relevant,location,0.123951,phrase_frequency; tfidf,2,4,2,location term; useful only if we decide to add geography-specific queries,"100kg rasgullas destroyed, over 11,000 oil packs seized in pre-Holi drive | Noida News - The Times of India","...same day, officials inspected Janaki Ballabh Foods Private Limited in UPSIDC Industrial Area, Site 5, Kasna, Greater Noida, and found edible oil containers bearing the fortification logo without actual fortification, which is mandat...",https://timesofindia.indiatimes.com/city/noida/100kg-rasgullas-destroyed-over-11000-oil-packs-seized-in-pre-holi-drive/articleshow/128728715.cms,2,3
,administration fda,manual_review,extraction_unique_r2_relevant,enforcement/evidence,0.105386,phrase_frequency; tfidf,2,0,0,domain term is plausible but weaker or too broad,,,,2,3
,drug administration fda,manual_review,extraction_unique_r2_relevant,enforcement/evidence,0.105386,phrase_frequency; tfidf,2,0,0,domain term is plausible but weaker or too broad,,,,2,3
,food drug administration fda,manual_review,extraction_unique_r2_relevant,enforcement/evidence,0.105386,phrase_frequency; tfidf,2,0,0,domain term is plausible but weaker or too broad,,,,2,3
,refined soybean oil pouches,manual_review,extraction_unique_r2_relevant,oil/product,0.104291,phrase_frequency; tfidf,2,0,0,food/product term is relevant but not strong enough alone,,,,2,3
,soybean oil pouches,manual_review,extraction_unique_r2_relevant,oil/product,0.104291,phrase_frequency; tfidf,2,0,0,food/product term is relevant but not strong enough alone,,,,2,3
,soybean oil pouches refined,manual_review,extraction_unique_r2_relevant,oil/product,0.104291,phrase_frequency; tfidf,2,0,0,food/product term is relevant but not strong enough alone,,,,2,3
,palm olein oil,manual_review,rescue_manual,oil/product,,manual_article_read,1,2,1,spaced spelling variant of palmolein found in a new relevant article title,"Mustard, Palm Olein Oil Worth â¹7.7l Seized | Kanpur News - Times of India","Mustard, Palm Olein Oil Worth â¹7.7l Seized | Kanpur News - Times of India Kanpur: Teams of FSA on Thursday seized over 604 liters of mustard and palm o...",https://timesofindia.indiatimes.com/city/kanpur/mustard-palm-olein-oil-worth-7-7l-seized/articleshow/95000423.cms,2,3
,dropsy deaths,manual_review,rescue_manual,health/adulterant signal,,manual_article_read,1,2,1,health-outcome phrase tied to argemone/mustard-oil adulteration in a new relevant article,Investigation into Dropsy Deaths in Nabha: New Committee Formed to Probe Tainted Edible Oil | Chandigarh News - Times of India,Investigation into Dropsy Deaths in Nabha: New Committee Formed to Probe Tainted Edible Oil | Chandigarh News - Times of India Patiala: The Patiala deputy commiss...,https://timesofindia.indiatimes.com/city/chandigarh/investigation-into-dropsy-deaths-in-nabha-new-committee-formed-to-probe-tainted-edible-oil/articleshow/115711329.cms,2,3
,adulteration of sunflower oil,manual_review,rescue_manual,adulteration/fraud,,manual_article_read,1,1,1,specific oil-plus-adulteration phrase from a new relevant article,"Maha govt, FDA crack down on oil manufacturers to check on adulteration","...A conducted operations at units in Bhiwandi and Mira Road, the official said. The raids were conducted based on information about adulteration of sunflower oil, which was allegedly being mixed with palm oil and sold in Mumbai and parts of Maharashtra such as Panvel, Alibaug, Raigad, among...",https://economictimes.indiatimes.com/industry/cons-products/food/maha-govt-fda-crack-down-on-oil-manufacturers-to-check-on-adulteration/articleshow/89178574.cms,2,3
,fortification logo,manual_review,rescue_manual,adulteration/fraud,,manual_article_read,1,3,2,label-fraud phrase from articles where oil carried a fortification logo without fortification,"100kg rasgullas destroyed, over 11,000 oil packs seized in pre-Holi drive | Noida News - The Times of India","...allabh Foods Private Limited in UPSIDC Industrial Area, Site 5, Kasna, Greater Noida, and found edible oil containers bearing the fortification logo without actual fortification, which is mandated by FSSAI for vitamins A and D.  ""During an inspectionâ¦ the products bore the for...",https://timesofindia.indiatimes.com/city/noida/100kg-rasgullas-destroyed-over-11000-oil-packs-seized-in-pre-holi-drive/articleshow/128728715.cms,2,3
,without actual fortification,manual_review,rescue_manual,adulteration/fraud,,manual_article_read,1,1,1,fortification-fraud phrase from a new relevant edible-oil article,"100kg rasgullas destroyed, over 11,000 oil packs seized in pre-Holi drive | Noida News - The Times of India","...e Limited in UPSIDC Industrial Area, Site 5, Kasna, Greater Noida, and found edible oil containers bearing the fortification logo without actual fortification, which is mandated by FSSAI for vitamins A and D.  ""During an inspectionâ¦ the products bore the fortification logo but fortifica...",https://timesofindia.indiatimes.com/city/noida/100kg-rasgullas-destroyed-over-11000-oil-packs-seized-in-pre-holi-drive/articleshow/128728715.cms,2,3
,labelling violations,manual_review,rescue_manual,adulteration/fraud,,manual_article_read,1,1,1,mislabelling/food-fraud phrase from a new relevant edible-oil article,"Ahead of Holi, food safety raids net unhygienic sweets, mislabelled oils in GB Nagar","...estive season NOIDA: Ahead of the Holi festival, Gautam Budh Nagar food safety authorities have come across alleged unhygiene and labelling violations during raids conducted in Noida and Greater Noida on Sunday, as they collected samples and seized large quantities of sweets and...",https://www.hindustantimes.com/cities/noida-news/ahead-of-holi-food-safety-raids-net-unhygienic-sweets-mislabelled-oils-in-gb-nagar-101771877000656.html,2,3
,food,drop,extraction_unique_r2_relevant,other_candidate,0.412685,yake,1,84,16,outside edible-oil/adulteration domain,"Adulteration found in paneer, mustard oil & honey in Doon | Dehradun News - Times of India","DEHRADUN: The district food and drug department on Monday received quality test reports of 19 food items, the samples of which were colle...",https://timesofindia.indiatimes.com/city/dehradun/adulteration-found-in-paneer-mustard-oil-honey-in-doon/articleshow/81638388.cms,2,3
,drug administration,drop,extraction_unique_r2_relevant,other_candidate,0.324769,phrase_frequency; tfidf; yake,3,9,5,outside edible-oil/adulteration domain,Adulterated paneer and cooking oil seized ahead of Diwali | Agra News - The Times of India,"Agra:Ahead of Diwali, officials have stepped up efforts to curb food adulteration. The Food Safety and Drug Administration (FSDA) carried out swift operations across districts to ensure that residents receive safe and pure festive d...",https://timesofindia.indiatimes.com/city/agra/adulterated-paneer-and-cooking-oil-seized-ahead-of-diwali/articleshow/124586909.cms,2,3
,food items,drop,extraction_unique_r2_relevant,other_candidate,0.323958,phrase_frequency; tfidf; yake,3,8,5,outside edible-oil/adulteration domain,"Adulteration found in paneer, mustard oil & honey in Doon | Dehradun News - Times of India","DEHRADUN: The district food and drug department on Monday received quality test reports of 19 food items, the samples of which were collected from the state capital in the last two months. According to the reports,...",https://timesofindia.indiatimes.com/city/dehradun/adulteration-found-in-paneer-mustard-oil-honey-in-doon/articleshow/81638388.cms,2,3
,oil traders,drop,extraction_unique_r2_relevant,other_candidate,0.312899,phrase_frequency; tfidf; yake,3,6,2,low score or outside edible-oil/adulteration scope,50 cases registered during raids on oil shops in A.P.     ,"...gilance and Enforcement (V&E), Legal Metrology and Food Safety departments raided wholesale and retail edible oil traders across the State on Wednesday. Raids were conducted in more than 250 places as the teams verified the stock,...",https://www.thehindu.com/news/national/andhra-pradesh/50-cases-registered-during-raids-on-oil-shops-in-ap/article65360803.ece,2,3
,safety,drop,extraction_unique_r2_relevant,other_candidate,0.303871,yake,1,34,12,outside edible-oil/adulteration domain,"Adulteration found in paneer, mustard oil & honey in Doon | Dehradun News - Times of India","...ation was found in mustard oil, a brand of honey, pan masala, and paneer. GC Kandwal, designated officer food safety, Dehradun, said that the sample of honey, which was found to be substandard, was collected during a special s...",https://timesofindia.indiatimes.com/city/dehradun/adulteration-found-in-paneer-mustard-oil-honey-in-doon/articleshow/81638388.cms,2,3
,palmolein oil,drop,extraction_unique_r2_relevant,other_candidate,0.298739,phrase_frequency; tfidf; yake,3,6,3,low score or outside edible-oil/adulteration scope,"Nashik Fda Cracks Down On Adulterated Food Items, Oil | Nashik News - The Times of India","...eized 53 cans of loose soyabean oil, another 41 boxes of re-used refined soyabean oil and 28 boxes of re-used palmolein oil, collectively worth Rs1.93 lakh. On November 1, the FDA officials raided a cold storage in Satpur and found o...",https://timesofindia.indiatimes.com/city/nashik/nashik-fda-cracks-down-on-adulterated-food-items-oil/articleshow/105082876.cms,2,3
,oil samples,drop,extraction_unique_r2_relevant,other_candidate,0.297638,phrase_frequency; tfidf; yake,3,4,4,low score or outside edible-oil/adulteration scope,Adulterated paneer and cooking oil seized ahead of Diwali | Agra News - The Times of India,"...is currently absconding. The warehouse has been closed, and a notice is being posted. Once the owner arrives, oil samples will be sent for testing. If found guilty, strict action will be taken."" FSDA Agra conducted inspections acro...",https://timesofindia.indiatimes.com/city/agra/adulterated-paneer-and-cooking-oil-seized-ahead-of-diwali/articleshow/124586909.cms,2,3
,samples of the oil,drop,extraction_unique_r2_relevant,other_candidate,0.293167,yake,1,1,1,low score or outside edible-oil/adulteration scope,"Over 12,000 litre of âspuriousâ oil seized | Jaipur News - Times of India","...trict to Muhana Anaj Mandi in Jaipur. Upon surveillance, the goods were found being unloaded at Muhana Mandi. Samples of the oil were taken under the Food Safety Act 2006, and 6,683 litre seized due to suspicion of substandard quality. Of...",https://timesofindia.indiatimes.com/city/jaipur/over-12000-litre-of-spurious-oil-seized/articleshow/110316417.cms,2,3
,found,drop,extraction_unique_r2_relevant,other_candidate,0.290517,yake,1,31,11,outside edible-oil/adulteration domain,"Adulteration found in paneer, mustard oil & honey in Doon | Dehradun News - Times of India","...hich were collected from the state capital in the last two months. According to the reports, adulteration was found in mustard oil, a brand of honey, pan masala, and paneer. GC Kandwal, designated officer food safety, Dehradu...",https://timesofindia.indiatimes.com/city/dehradun/adulteration-found-in-paneer-mustard-oil-honey-in-doon/articleshow/81638388.cms,2,3
,edible oils,drop,extraction_unique_r2_relevant,other_candidate,0.2889,phrase_frequency; tfidf; yake,3,5,3,low score or outside edible-oil/adulteration scope,"Food adulteration racket busted in Hyderabad; oil, namkeen worth lakhs seized","...during the operation, which targeted a wide range of items, including bakery products, sweets, salty snacks, edible oils, wheat flour, ginger-garlic paste, meat products, ice creams, and sauces. In a major crackdown on food adulte...",https://www.indiatoday.in/cities/hyderabad/story/cyberabad-food-adulteration-raids-hyderabad-rs-64-lakh-seizure-28-arrested-2900680-2026-04-23?utm_source=rss,2,3
,refined palmolein oil,drop,extraction_unique_r2_relevant,other_candidate,0.288515,phrase_frequency; tfidf; yake,3,5,2,low score or outside edible-oil/adulteration scope,"100kg rasgullas destroyed, over 11,000 oil packs seized in pre-Holi drive | Noida News - The Times of India","...said. A total of 291 tins of refined soybean oil, 3,968 pouches of refined soybean oil and 6,995 pouches of refined palmolein oil were seized. Three samples were collected for lab tests. Officials also seized 91 tins (15 kg each) of expir...",https://timesofindia.indiatimes.com/city/noida/100kg-rasgullas-destroyed-over-11000-oil-packs-seized-in-pre-holi-drive/articleshow/128728715.cms,2,3
,state food,drop,extraction_unique_r2_relevant,other_candidate,0.275748,phrase_frequency; tfidf; yake,3,4,2,outside edible-oil/adulteration domain,"Nashik Fda Cracks Down On Adulterated Food Items, Oil | Nashik News - The Times of India",...ctivity notice on eatery at BKCBurn - Bar and Kitchen in Mumbai has been served a stop activity notice by the state Food and Drug Administration (FDA) due to hygiene violations. The restaurant is the 18th in the city to be tempora...,https://timesofindia.indiatimes.com/city/nashik/nashik-fda-cracks-down-on-adulterated-food-items-oil/articleshow/105082876.cms,2,3
,russian president vladimir putin,drop,extraction_unique_r2_relevant,other_candidate,0.275695,phrase_frequency; tfidf; yake,3,4,1,outside edible-oil/adulteration domain,"Fake oil found in Bihar, here's how to spot it.",A cordial exchange between Russian President Vladimir Putin and American architect Rodney Cook Jr. at the St. Petersburg International Economic Forum highlighted cultura...,https://www.indiatoday.in/newsmo/video/fake-oil-found-in-bihar-heres-how-to-spot-it-2698982-2025-03-25?utm_source=rss,2,3
,president vladimir putin,drop,extraction_unique_r2_relevant,other_candidate,0.274961,phrase_frequency; tfidf; yake,3,4,1,outside edible-oil/adulteration domain,"Fake oil found in Bihar, here's how to spot it.",A cordial exchange between Russian President Vladimir Putin and American architect Rodney Cook Jr. at the St. Petersburg International Economic Forum highlighted cultura...,https://www.indiatoday.in/newsmo/video/fake-oil-found-in-bihar-heres-how-to-spot-it-2698982-2025-03-25?utm_source=rss,2,3
,russian president vladimir,drop,extraction_unique_r2_relevant,other_candidate,0.27483,phrase_frequency; tfidf; yake,3,4,1,outside edible-oil/adulteration domain,"Fake oil found in Bihar, here's how to spot it.",A cordial exchange between Russian President Vladimir Putin and American architect Rodney Cook Jr. at the St. Petersburg International Economic Forum highlighted c...,https://www.indiatoday.in/newsmo/video/fake-oil-found-in-bihar-heres-how-to-spot-it-2698982-2025-03-25?utm_source=rss,2,3
,officials,drop,extraction_unique_r2_relevant,other_candidate,0.26958,yake,1,23,10,outside edible-oil/adulteration domain,Adulterated paneer and cooking oil seized ahead of Diwali | Agra News - The Times of India,"Agra:Ahead of Diwali, officials have stepped up efforts to curb food adulteration. The Food Safety and Drug Administration (FSDA) carried out...",https://timesofindia.indiatimes.com/city/agra/adulterated-paneer-and-cooking-oil-seized-ahead-of-diwali/articleshow/124586909.cms,2,3
,collected,drop,extraction_unique_r2_relevant,other_candidate,0.269159,yake,1,28,9,outside edible-oil/adulteration domain,"Adulteration found in paneer, mustard oil & honey in Doon | Dehradun News - Times of India","...food and drug department on Monday received quality test reports of 19 food items, the samples of which were collected from the state capital in the last two months. According to the reports, adulteration was found in mustard oi...",https://timesofindia.indiatimes.com/city/dehradun/adulteration-found-in-paneer-mustard-oil-honey-in-doon/articleshow/81638388.cms,2,3
,food samples,drop,extraction_unique_r2_relevant,other_candidate,0.215142,phrase_frequency; yake,2,3,3,low score or outside edible-oil/adulteration scope,"Adulteration found in paneer, mustard oil & honey in Doon | Dehradun News - Times of India","...ound to be substandard, was collected during a special state-wide drive in October last year. The rest of the food samples were collected in February and March 2021. âAmong the 19 samples whose reports arrived on Monday, seven were...",https://timesofindia.indiatimes.com/city/dehradun/adulteration-found-in-paneer-mustard-oil-honey-in-doon/articleshow/81638388.cms,2,3
,petersburg international economic forum,drop,extraction_unique_r2_relevant,other_candidate,0.198867,phrase_frequency; yake,2,3,1,outside edible-oil/adulteration domain,"Fake oil found in Bihar, here's how to spot it.",A cordial exchange between Russian President Vladimir Putin and American architect Rodney Cook Jr. at the St. Petersburg International Economic Forum highlighted cultural ties amid broader US-Russia tensions. Speaking during a session moderated by Geeta Mohan...,https://www.indiatoday.in/newsmo/video/fake-oil-found-in-bihar-heres-how-to-spot-it-2698982-2025-03-25?utm_source=rss,2,3
,petersburg international economic,drop,extraction_unique_r2_relevant,other_candidate,0.197908,phrase_frequency; yake,2,3,1,outside edible-oil/adulteration domain,"Fake oil found in Bihar, here's how to spot it.",A cordial exchange between Russian President Vladimir Putin and American architect Rodney Cook Jr. at the St. Petersburg International Economic Forum highlighted cultural ties amid broader US-Russia tensions. Speaking during a session moderated by Geeta...,https://www.indiatoday.in/newsmo/video/fake-oil-found-in-bihar-heres-how-to-spot-it-2698982-2025-03-25?utm_source=rss,2,3
,food safety and standards,drop,extraction_unique_r2_relevant,enforcement/evidence,0.183522,yake,1,4,3,weak domain term below threshold,Adulterated paneer and cooking oil seized ahead of Diwali | Agra News - The Times of India,"...ing. The FSDA has sent all 11 samples for laboratory analysis, and further legal action will follow under the Food Safety and Standards Act, 2006.",https://timesofindia.indiatimes.com/city/agra/adulterated-paneer-and-cooking-oil-seized-ahead-of-diwali/articleshow/124586909.cms,2,3
,food safety and drug,drop,extraction_unique_r2_relevant,enforcement/evidence,0.182234,yake,1,3,3,weak domain term below threshold,Adulterated paneer and cooking oil seized ahead of Diwali | Agra News - The Times of India,"Agra:Ahead of Diwali, officials have stepped up efforts to curb food adulteration. The Food Safety and Drug Administration (FSDA) carried out swift operations across districts to ensure that residents receive safe and...",https://timesofindia.indiatimes.com/city/agra/adulterated-paneer-and-cooking-oil-seized-ahead-of-diwali/articleshow/124586909.cms,2,3
,food and drug administration,drop,extraction_unique_r2_relevant,other_candidate,0.178553,yake,1,6,2,outside edible-oil/adulteration domain,"Nashik Fda Cracks Down On Adulterated Food Items, Oil | Nashik News - The Times of India",Nashik: The Food and Drug Administration (FDA) of the Nashik division has seized adulterated food items and spurious cooking oil from different parts...,https://timesofindia.indiatimes.com/city/nashik/nashik-fda-cracks-down-on-adulterated-food-items-oil/articleshow/105082876.cms,2,3
,mustard,drop,extraction_unique_r2_relevant,other_candidate,0.171924,phrase_frequency; tfidf,2,6,5,low score or outside edible-oil/adulteration scope,"Adulteration found in paneer, mustard oil & honey in Doon | Dehradun News - Times of India","...collected from the state capital in the last two months. According to the reports, adulteration was found in mustard oil, a brand of honey, pan masala, and paneer. GC Kandwal, designated officer food safety, Dehradun, said tha...",https://timesofindia.indiatimes.com/city/dehradun/adulteration-found-in-paneer-mustard-oil-honey-in-doon/articleshow/81638388.cms,2,3
,food safety regulations,drop,extraction_unique_r2_relevant,enforcement/evidence,0.171788,yake,1,2,2,weak domain term below threshold,"Maharashtra News: Minister Narhari Zirwal Announces Suspension Of 2 FDA Officials, Closure Of Nandurbar Factory Over Oil Adulteration","...atories are awaited in the the remaining three, Zirwal said while assuring strict action against violators of food safety regulations. In a separate discussion, Minister-in-Charge Shambhuraj Desai informed the assembly that a panel of architec...",https://www.freepressjournal.in/mumbai/maharashtra-news-minister-narhari-zirwal-announces-suspension-of-2-fda-officials-closure-of-nandurbar-factory-over-oil-adulteration,2,3
,coconut,drop,extraction_unique_r2_relevant,other_candidate,0.163976,phrase_frequency; tfidf,2,7,1,low score or outside edible-oil/adulteration scope,Operation Oil: manufacturer to be allowed to launch only one brand of oil ,"Tightening the noose around the adulterated coconut oil manufacturers, the State government has decided to allow a manufacturer to launch only one brand of cocon...",https://www.thehindu.com/news/national/kerala/operation-oil-manufacturer-to-be-allowed-to-launch-only-one-brand-of-oil/article66144992.ece,2,3
,state food laboratory,drop,extraction_unique_r2_relevant,other_candidate,0.163549,yake,1,2,1,outside edible-oil/adulteration domain,Oil’s not well? Food safety teams smell fraud,"...Medicine, said that their teams collected edible oil samples over three days and those have been sent to the State Food Laboratory in Nacharam. The tests are conducted to determine the acid value of oil and nature of oil among other factors...",https://www.thehindu.com/news/cities/Hyderabad/oils-not-well-food-safety-teams-smell-fraud/article65290089.ece,2,3
,refined soybean,drop,extraction_unique_r2_relevant,other_candidate,0.163052,phrase_frequency; tfidf,2,7,4,outside edible-oil/adulteration domain,Adulterated paneer and cooking oil seized ahead of Diwali | Agra News - The Times of India,"...nder unhygienic conditions. In addition, 800 kg of edible oil â including 600 kg of mustard oil and 200 kg of refined soybean oil â worth about Rs 1.3 lakh was seized from local shops. Samples were also collected from well-known establ...",https://timesofindia.indiatimes.com/city/agra/adulterated-paneer-and-cooking-oil-seized-ahead-of-diwali/articleshow/124586909.cms,2,3
,food safety team found,drop,extraction_unique_r2_relevant,enforcement/evidence,0.163033,yake,1,1,1,non-oil food context without edible-oil signal,"100kg rasgullas destroyed, over 11,000 oil packs seized in pre-Holi drive | Noida News - The Times of India","...stant commissioner (food) Sarvesh Kumar said the action was taken at Samyak Mithaiwala in Rasulpur Nawada. ""A food safety team found rasgullas polluted and infested with mosquitoes. 1 sample from the sweets was collected and sent for laborato...",https://timesofindia.indiatimes.com/city/noida/100kg-rasgullas-destroyed-over-11000-oil-packs-seized-in-pre-holi-drive/articleshow/128728715.cms,2,3
,food safety teams found,drop,extraction_unique_r2_relevant,enforcement/evidence,0.163033,yake,1,1,1,non-oil food context without edible-oil signal,"100kg rasgullas destroyed, over 11,000 oil packs seized in pre-Holi drive | Noida News - The Times of India",Noida: Around 100kg of rasgullas were destroyed at a sweet shop in Sector 62 after food safety teams found them stored in unhygienic and contaminated conditions during a pre-Holi drive in GB Nagar. Assistant commiss...,https://timesofindia.indiatimes.com/city/noida/100kg-rasgullas-destroyed-over-11000-oil-packs-seized-in-pre-holi-drive/articleshow/128728715.cms,2,3
,food safety officers found,drop,extraction_unique_r2_relevant,enforcement/evidence,0.162918,yake,1,1,1,weak domain term below threshold,"Over 12,000 litre of âspuriousâ oil seized | Jaipur News - Times of India","...was present during the action. In another case, inspection was done at Vinayak Bakers at Hawa Sadak, Jaipur. Food safety officers found expired materials at the bakery, which were seized. Action is now being taken to suspend its food licence. W...",https://timesofindia.indiatimes.com/city/jaipur/over-12000-litre-of-spurious-oil-seized/articleshow/110316417.cms,2,3
,food safety authority teams,drop,extraction_unique_r2_relevant,enforcement/evidence,0.16271,yake,1,1,1,non-oil food context without edible-oil signal,Oil’s not well? Food safety teams smell fraud,"...in India. Suspecting that the price rise may lead to sale of adulterated or substandard edible oil, Telangana Food Safety Authority teams conducted checks at oil manufacturing units, packaging units and retail stores in the State, and collected 98...",https://www.thehindu.com/news/cities/Hyderabad/oils-not-well-food-safety-teams-smell-fraud/article65290089.ece,2,3
,food safety officer sanjay,drop,extraction_unique_r2_relevant,enforcement/evidence,0.162691,yake,1,1,1,weak domain term below threshold,Kanpur Adulterated Food: Pre-Holi raids in Kanpur: FSDA seizes 9 quintals of adulterated mawa & edible oil worth Rs 29L | Kanpur News - The Times of India,"...seized mawa, valued at Rs 3.42 lakh, was transported to a rubbish disposal plant and destroyed. According to food safety officer Sanjay Pratap Singh, the action was taken in compliance with the directions of Cans the district magistrate. The spe...",https://timesofindia.indiatimes.com/city/kanpur/9-quintals-of-adulterated-mawa-edible-oil-seized-ahead-of-holi/articleshow/128794157.cms,2,3
,budh nagar food safety,drop,extraction_unique_r2_relevant,enforcement/evidence,0.162636,yake,1,1,1,weak domain term below threshold,"Ahead of Holi, food safety raids net unhygienic sweets, mislabelled oils in GB Nagar","...supplied with safe and quality food items during the festive season NOIDA: Ahead of the Holi festival, Gautam Budh Nagar food safety authorities have come across alleged unhygiene and labelling violations during raids conducted in Noida and G...",https://www.hindustantimes.com/cities/noida-news/ahead-of-holi-food-safety-raids-net-unhygienic-sweets-mislabelled-oils-in-gb-nagar-101771877000656.html,2,3
,nagar food safety authorities,drop,extraction_unique_r2_relevant,enforcement/evidence,0.162564,yake,1,1,1,weak domain term below threshold,"Ahead of Holi, food safety raids net unhygienic sweets, mislabelled oils in GB Nagar","...ied with safe and quality food items during the festive season NOIDA: Ahead of the Holi festival, Gautam Budh Nagar food safety authorities have come across alleged unhygiene and labelling violations during raids conducted in Noida and Greater Noida...",https://www.hindustantimes.com/cities/noida-news/ahead-of-holi-food-safety-raids-net-unhygienic-sweets-mislabelled-oils-in-gb-nagar-101771877000656.html,2,3
,food safety officer atul,drop,extraction_unique_r2_relevant,enforcement/evidence,0.162496,yake,1,1,1,weak domain term below threshold,Adulterated paneer and cooking oil seized ahead of Diwali | Agra News - The Times of India,"...aid, ""During the inspection, around five shops were issued improvement notices for hygiene violations."" Chief food safety officer Atul Pathak said, ""Information was received that a large quantity of oil was being illegally transported. Acting o...",https://timesofindia.indiatimes.com/city/agra/adulterated-paneer-and-cooking-oil-seized-ahead-of-diwali/articleshow/124586909.cms,2,3
,food safety departments raided,drop,extraction_unique_r2_relevant,enforcement/evidence,0.162488,yake,1,1,1,weak domain term below threshold,50 cases registered during raids on oil shops in A.P.     ,"The officials of the Vigilance and Enforcement (V&E), Legal Metrology and Food Safety departments raided wholesale and retail edible oil traders across the State on Wednesday. Raids were conducted in more than 250...",https://www.thehindu.com/news/national/andhra-pradesh/50-cases-registered-during-raids-on-oil-shops-in-ap/article65360803.ece,2,3
,food safety team,drop,extraction_unique_r2_relevant,enforcement/evidence,0.162457,yake,1,1,1,non-oil food context without edible-oil signal,"100kg rasgullas destroyed, over 11,000 oil packs seized in pre-Holi drive | Noida News - The Times of India","...stant commissioner (food) Sarvesh Kumar said the action was taken at Samyak Mithaiwala in Rasulpur Nawada. ""A food safety team found rasgullas polluted and infested with mosquitoes. 1 sample from the sweets was collected and sent for la...",https://timesofindia.indiatimes.com/city/noida/100kg-rasgullas-destroyed-over-11000-oil-packs-seized-in-pre-holi-drive/articleshow/128728715.cms,2,3
,food safety teams,drop,extraction_unique_r2_relevant,enforcement/evidence,0.162457,yake,1,1,1,non-oil food context without edible-oil signal,"100kg rasgullas destroyed, over 11,000 oil packs seized in pre-Holi drive | Noida News - The Times of India",Noida: Around 100kg of rasgullas were destroyed at a sweet shop in Sector 62 after food safety teams found them stored in unhygienic and contaminated conditions during a pre-Holi drive in GB Nagar. Assistant c...,https://timesofindia.indiatimes.com/city/noida/100kg-rasgullas-destroyed-over-11000-oil-packs-seized-in-pre-holi-drive/articleshow/128728715.cms,2,3
,food safety officer suresh,drop,extraction_unique_r2_relevant,enforcement/evidence,0.162352,yake,1,1,1,weak domain term below threshold,"Over 12,000 litre of âspuriousâ oil seized | Jaipur News - Times of India","...factory in Niwai Industrial Area and seized approximately 6,000 litre of Ranthambore brand Kacchi Ghani oil. Food safety officer Suresh Kumar was present during the action. In another case, inspection was done at Vinayak Bakers at Hawa Sadak, Ja...",https://timesofindia.indiatimes.com/city/jaipur/over-12000-litre-of-spurious-oil-seized/articleshow/110316417.cms,2,3
,nagar food safety,drop,extraction_unique_r2_relevant,enforcement/evidence,0.162344,yake,1,1,1,weak domain term below threshold,"Ahead of Holi, food safety raids net unhygienic sweets, mislabelled oils in GB Nagar","...ied with safe and quality food items during the festive season NOIDA: Ahead of the Holi festival, Gautam Budh Nagar food safety authorities have come across alleged unhygiene and labelling violations during raids conducted in Noida and G...",https://www.hindustantimes.com/cities/noida-news/ahead-of-holi-food-safety-raids-net-unhygienic-sweets-mislabelled-oils-in-gb-nagar-101771877000656.html,2,3
,food safety departments,drop,extraction_unique_r2_relevant,enforcement/evidence,0.162318,yake,1,1,1,weak domain term below threshold,50 cases registered during raids on oil shops in A.P.     ,"The officials of the Vigilance and Enforcement (V&E), Legal Metrology and Food Safety departments raided wholesale and retail edible oil traders across the State on Wednesday. Raids were conducted in more th...",https://www.thehindu.com/news/national/andhra-pradesh/50-cases-registered-during-raids-on-oil-shops-in-ap/article65360803.ece,2,3
,officer food safety,drop,extraction_unique_r2_relevant,enforcement/evidence,0.162159,yake,1,1,1,weak domain term below threshold,"Adulteration found in paneer, mustard oil & honey in Doon | Dehradun News - Times of India","...orts, adulteration was found in mustard oil, a brand of honey, pan masala, and paneer. GC Kandwal, designated officer food safety, Dehradun, said that the sample of honey, which was found to be substandard, was collected during a special s...",https://timesofindia.indiatimes.com/city/dehradun/adulteration-found-in-paneer-mustard-oil-honey-in-doon/articleshow/81638388.cms,2,3
,food safety act,drop,extraction_unique_r2_relevant,enforcement/evidence,0.16214,yake,1,1,1,weak domain term below threshold,"Over 12,000 litre of âspuriousâ oil seized | Jaipur News - Times of India","...on surveillance, the goods were found being unloaded at Muhana Mandi. Samples of the oil were taken under the Food Safety Act 2006, and 6,683 litre seized due to suspicion of substandard quality. Officials said samples of this edible o...",https://timesofindia.indiatimes.com/city/jaipur/over-12000-litre-of-spurious-oil-seized/articleshow/110316417.cms,2,3
,food safety raids,drop,extraction_unique_r2_relevant,enforcement/evidence,0.161929,yake,1,1,1,weak domain term below threshold,"Ahead of Holi, food safety raids net unhygienic sweets, mislabelled oils in GB Nagar","Ahead of Holi, food safety raids net unhygienic sweets, mislabelled oils in GB Nagar The drive was carried out to ensure residents are supplie...",https://www.hindustantimes.com/cities/noida-news/ahead-of-holi-food-safety-raids-net-unhygienic-sweets-mislabelled-oils-in-gb-nagar-101771877000656.html,2,3
,chief food safety officer,drop,extraction_unique_r2_relevant,enforcement/evidence,0.161794,yake,1,1,1,weak domain term below threshold,Adulterated paneer and cooking oil seized ahead of Diwali | Agra News - The Times of India,"...gra, said, ""During the inspection, around five shops were issued improvement notices for hygiene violations."" Chief food safety officer Atul Pathak said, ""Information was received that a large quantity of oil was being illegally transported. Act...",https://timesofindia.indiatimes.com/city/agra/adulterated-paneer-and-cooking-oil-seized-ahead-of-diwali/articleshow/124586909.cms,2,3
,food safety authority,drop,extraction_unique_r2_relevant,enforcement/evidence,0.161768,yake,1,1,1,weak domain term below threshold,Oil’s not well? Food safety teams smell fraud,"...in India. Suspecting that the price rise may lead to sale of adulterated or substandard edible oil, Telangana Food Safety Authority teams conducted checks at oil manufacturing units, packaging units and retail stores in the State, and collec...",https://www.thehindu.com/news/cities/Hyderabad/oils-not-well-food-safety-teams-smell-fraud/article65290089.ece,2,3
,food safety authorities,drop,extraction_unique_r2_relevant,enforcement/evidence,0.161673,yake,1,1,1,weak domain term below threshold,"Ahead of Holi, food safety raids net unhygienic sweets, mislabelled oils in GB Nagar","...th safe and quality food items during the festive season NOIDA: Ahead of the Holi festival, Gautam Budh Nagar food safety authorities have come across alleged unhygiene and labelling violations during raids conducted in Noida and Greater Noida...",https://www.hindustantimes.com/cities/noida-news/ahead-of-holi-food-safety-raids-net-unhygienic-sweets-mislabelled-oils-in-gb-nagar-101771877000656.html,2,3
,food safety department launched,drop,extraction_unique_r2_relevant,enforcement/evidence,0.161634,yake,1,1,1,weak domain term below threshold,Operation Oil: manufacturer to be allowed to launch only one brand of oil ,"...stock. Further, the presence of sulphur in the oil would be checked by the authorities, said Ms. George. The Food Safety department launched a special drive called ‘Operation Oil’ as part of curbing the sale of adulterated coconut oil in the State. O...",https://www.thehindu.com/news/national/kerala/operation-oil-manufacturer-to-be-allowed-to-launch-only-one-brand-of-oil/article66144992.ece,2,3
,designated officer food safety,drop,extraction_unique_r2_relevant,enforcement/evidence,0.161623,yake,1,1,1,weak domain term below threshold,"Adulteration found in paneer, mustard oil & honey in Doon | Dehradun News - Times of India","...to the reports, adulteration was found in mustard oil, a brand of honey, pan masala, and paneer. GC Kandwal, designated officer food safety, Dehradun, said that the sample of honey, which was found to be substandard, was collected during a special s...",https://timesofindia.indiatimes.com/city/dehradun/adulteration-found-in-paneer-mustard-oil-honey-in-doon/articleshow/81638388.cms,2,3
,oils,drop,extraction_unique_r2_relevant,other_candidate,0.159078,phrase_frequency; tfidf,2,7,4,low score or outside edible-oil/adulteration scope,"Food adulteration racket busted in Hyderabad; oil, namkeen worth lakhs seized","...the operation, which targeted a wide range of items, including bakery products, sweets, salty snacks, edible oils, wheat flour, ginger-garlic paste, meat products, ice creams, and sauces. In a major crackdown on food adulte...",https://www.indiatoday.in/cities/hyderabad/story/cyberabad-food-adulteration-raids-hyderabad-rs-64-lakh-seizure-28-arrested-2900680-2026-04-23?utm_source=rss,2,3
,assistant commissioner,drop,extraction_unique_r2_relevant,other_candidate,0.155607,phrase_frequency; tfidf,2,5,5,outside edible-oil/adulteration domain,Adulterated paneer and cooking oil seized ahead of Diwali | Agra News - The Times of India,"...so destroyed 'khiya' (reduced dry milk). The drive is ongoing due to upcoming festivals."" Mahendra Singh, the assistant commissioner of FSDA Agra, said, ""During the inspection, around five shops were issued improvement notices for hygiene vio...",https://timesofindia.indiatimes.com/city/agra/adulterated-paneer-and-cooking-oil-seized-ahead-of-diwali/articleshow/124586909.cms,2,3
,economic times,drop,extraction_unique_r2_relevant,other_candidate,0.147285,phrase_frequency; tfidf,2,4,1,outside edible-oil/adulteration domain,"Maha govt, FDA crack down on oil manufacturers to check on adulteration","...nd Consumer Protection Department. (Catch all the Business News, Breaking News and Latest News Updates on The Economic Times.) Subscribe to The Economic Times Prime and read the ET ePaper online. (Catch all the Business News, Breaking...",https://economictimes.indiatimes.com/industry/cons-products/food/maha-govt-fda-crack-down-on-oil-manufacturers-to-check-on-adulteration/articleshow/89178574.cms,2,3
,safety standards,drop,extraction_unique_r2_relevant,other_candidate,0.145844,phrase_frequency; tfidf,2,3,3,outside edible-oil/adulteration domain,"100kg rasgullas destroyed, over 11,000 oil packs seized in pre-Holi drive | Noida News - The Times of India","...ross the district in the run-up to Holi. Strict action will be taken against those found compromising on food safety standards,"" Kumar said.",https://timesofindia.indiatimes.com/city/noida/100kg-rasgullas-destroyed-over-11000-oil-packs-seized-in-pre-holi-drive/articleshow/128728715.cms,2,3
,sample,drop,extraction_unique_r2_relevant,other_candidate,0.145532,phrase_frequency; tfidf,2,5,3,low score or outside edible-oil/adulteration scope,"Adulteration found in paneer, mustard oil & honey in Doon | Dehradun News - Times of India","...a brand of honey, pan masala, and paneer. GC Kandwal, designated officer food safety, Dehradun, said that the sample of honey, which was found to be substandard, was collected during a special state-wide drive in October last...",https://timesofindia.indiatimes.com/city/dehradun/adulteration-found-in-paneer-mustard-oil-honey-in-doon/articleshow/81638388.cms,2,3
,worth rs,drop,extraction_unique_r2_relevant,other_candidate,0.137303,tfidf,1,5,4,outside edible-oil/adulteration domain,Kanpur Adulterated Food: Pre-Holi raids in Kanpur: FSDA seizes 9 quintals of adulterated mawa & edible oil worth Rs 29L | Kanpur News - The Times of India,"...e Food Security and Drug Administration (FSDA) department on Wednesday seized adulterated mawa and edible oil worth Rs 29.08 lakh and destroyed a large quantity of unsafe products. Acting on a tip-off, a special FSDA team raided...",https://timesofindia.indiatimes.com/city/kanpur/9-quintals-of-adulterated-mawa-edible-oil-seized-ahead-of-holi/articleshow/128794157.cms,2,3
,refined palmolein,drop,extraction_unique_r2_relevant,other_candidate,0.13636,phrase_frequency; tfidf,2,5,2,outside edible-oil/adulteration domain,"100kg rasgullas destroyed, over 11,000 oil packs seized in pre-Holi drive | Noida News - The Times of India","...said. A total of 291 tins of refined soybean oil, 3,968 pouches of refined soybean oil and 6,995 pouches of refined palmolein oil were seized. Three samples were collected for lab tests. Officials also seized 91 tins (15 kg each) of e...",https://timesofindia.indiatimes.com/city/noida/100kg-rasgullas-destroyed-over-11000-oil-packs-seized-in-pre-holi-drive/articleshow/128728715.cms,2,3
,safety officer,drop,extraction_unique_r2_relevant,other_candidate,0.133603,phrase_frequency; tfidf,2,4,3,outside edible-oil/adulteration domain,Adulterated paneer and cooking oil seized ahead of Diwali | Agra News - The Times of India,"...""During the inspection, around five shops were issued improvement notices for hygiene violations."" Chief food safety officer Atul Pathak said, ""Information was received that a large quantity of oil was being illegally transported. Act...",https://timesofindia.indiatimes.com/city/agra/adulterated-paneer-and-cooking-oil-seized-ahead-of-diwali/articleshow/124586909.cms,2,3
,legal action,drop,extraction_unique_r2_relevant,other_candidate,0.132756,phrase_frequency; tfidf,2,4,3,outside edible-oil/adulteration domain,Adulterated paneer and cooking oil seized ahead of Diwali | Agra News - The Times of India,"...s of sugar toys were taken for testing. The FSDA has sent all 11 samples for laboratory analysis, and further legal action will follow under the Food Safety and Standards Act, 2006.",https://timesofindia.indiatimes.com/city/agra/adulterated-paneer-and-cooking-oil-seized-ahead-of-diwali/articleshow/124586909.cms,2,3
,civil supplies,drop,extraction_unique_r2_relevant,other_candidate,0.130919,phrase_frequency; tfidf,2,3,3,outside edible-oil/adulteration domain,"Maha govt, FDA crack down on oil manufacturers to check on adulteration","...ai and parts of Maharashtra such as Panvel, Alibaug, Raigad, among others, said Kamlesh D Kedare of the Food, Civil Supplies and Consumer Protection Department. (Catch all the Business News, Breaking News and Latest News Updates on Th...",https://economictimes.indiatimes.com/industry/cons-products/food/maha-govt-fda-crack-down-on-oil-manufacturers-to-check-on-adulteration/articleshow/89178574.cms,2,3
,oil worth,drop,extraction_unique_r2_relevant,other_candidate,0.130173,phrase_frequency; tfidf,2,3,2,low score or outside edible-oil/adulteration scope,Kanpur Adulterated Food: Pre-Holi raids in Kanpur: FSDA seizes 9 quintals of adulterated mawa & edible oil worth Rs 29L | Kanpur News - The Times of India,"..., the Food Security and Drug Administration (FSDA) department on Wednesday seized adulterated mawa and edible oil worth Rs 29.08 lakh and destroyed a large quantity of unsafe products. Acting on a tip-off, a special FSDA team rai...",https://timesofindia.indiatimes.com/city/kanpur/9-quintals-of-adulterated-mawa-edible-oil-seized-ahead-of-holi/articleshow/128794157.cms,2,3
,food drug,drop,extraction_unique_r2_relevant,other_candidate,0.126561,phrase_frequency; tfidf,2,0,0,outside edible-oil/adulteration domain,,,,2,3
,seizing,drop,extraction_unique_r2_relevant,other_candidate,0.12306,phrase_frequency; tfidf,2,4,2,low score or outside edible-oil/adulteration scope,"Food adulteration racket busted in Hyderabad; oil, namkeen worth lakhs seized","...et busted in Hyderabad; oil, namkeen worth lakhs seized Sources revealed that the police had major success in seizing 5,026 litres of oil and 5,192 kilograms of wheat during the operation, which targeted a wide range of items,...",https://www.indiatoday.in/cities/hyderabad/story/cyberabad-food-adulteration-raids-hyderabad-rs-64-lakh-seizure-28-arrested-2900680-2026-04-23?utm_source=rss,2,3
,president vladimir,drop,extraction_unique_r2_relevant,other_candidate,0.122673,phrase_frequency; tfidf,2,4,1,outside edible-oil/adulteration domain,"Fake oil found in Bihar, here's how to spot it.",A cordial exchange between Russian President Vladimir Putin and American architect Rodney Cook Jr. at the St. Petersburg International Economic Forum highlighted c...,https://www.indiatoday.in/newsmo/video/fake-oil-found-in-bihar-heres-how-to-spot-it-2698982-2025-03-25?utm_source=rss,2,3
,russian president,drop,extraction_unique_r2_relevant,other_candidate,0.122673,phrase_frequency; tfidf,2,4,1,outside edible-oil/adulteration domain,"Fake oil found in Bihar, here's how to spot it.",A cordial exchange between Russian President Vladimir Putin and American architect Rodney Cook Jr. at the St. Petersburg International Economic Forum high...,https://www.indiatoday.in/newsmo/video/fake-oil-found-in-bihar-heres-how-to-spot-it-2698982-2025-03-25?utm_source=rss,2,3
,vladimir putin,drop,extraction_unique_r2_relevant,other_candidate,0.122673,phrase_frequency; tfidf,2,4,1,outside edible-oil/adulteration domain,"Fake oil found in Bihar, here's how to spot it.",A cordial exchange between Russian President Vladimir Putin and American architect Rodney Cook Jr. at the St. Petersburg International Economic Forum highlighted cultura...,https://www.indiatoday.in/newsmo/video/fake-oil-found-in-bihar-heres-how-to-spot-it-2698982-2025-03-25?utm_source=rss,2,3
,action taken,drop,extraction_unique_r2_relevant,other_candidate,0.122014,phrase_frequency; tfidf,2,0,0,outside edible-oil/adulteration domain,,,,2,3
,food drug administration,drop,extraction_unique_r2_relevant,other_candidate,0.105386,phrase_frequency; tfidf,2,0,0,outside edible-oil/adulteration domain,,,,2,3
,oil pouches,drop,extraction_unique_r2_relevant,other_candidate,0.104291,phrase_frequency; tfidf,2,0,0,low score or outside edible-oil/adulteration scope,,,,2,3
,oil pouches refined,drop,extraction_unique_r2_relevant,other_candidate,0.104291,phrase_frequency; tfidf,2,0,0,low score or outside edible-oil/adulteration scope,,,,2,3
,pouches refined,drop,extraction_unique_r2_relevant,other_candidate,0.104291,phrase_frequency; tfidf,2,0,0,outside edible-oil/adulteration domain,,,,2,3
,rs lakh,drop,extraction_unique_r2_relevant,other_candidate,0.103869,tfidf,1,0,0,outside edible-oil/adulteration domain,,,,2,3
,items festive,drop,extraction_unique_r2_relevant,other_candidate,0.100732,phrase_frequency; tfidf,2,0,0,outside edible-oil/adulteration domain,,,,2,3
,oil worth rs,drop,extraction_unique_r2_relevant,other_candidate,0.09684,tfidf,1,3,2,low score or outside edible-oil/adulteration scope,Kanpur Adulterated Food: Pre-Holi raids in Kanpur: FSDA seizes 9 quintals of adulterated mawa & edible oil worth Rs 29L | Kanpur News - The Times of India,"..., the Food Security and Drug Administration (FSDA) department on Wednesday seized adulterated mawa and edible oil worth Rs 29.08 lakh and destroyed a large quantity of unsafe products. Acting on a tip-off, a special FSDA team raided...",https://timesofindia.indiatimes.com/city/kanpur/9-quintals-of-adulterated-mawa-edible-oil-seized-ahead-of-holi/articleshow/128794157.cms,2,3
,st petersburg,drop,extraction_unique_r2_relevant,other_candidate,0.08484,tfidf,1,1,1,outside edible-oil/adulteration domain,"Fake oil found in Bihar, here's how to spot it.","...eats of sanctions would boomerang. Watch as Russian President Vladimir Putin responds to this and more at the St Petersburg International Economic Forum (SPIEF), which was moderated by India Today's Foreign Affairs Editor Geeta Mohan...",https://www.indiatoday.in/newsmo/video/fake-oil-found-in-bihar-heres-how-to-spot-it-2698982-2025-03-25?utm_source=rss,2,3
,brand registration,drop,extraction_unique_r2_relevant,other_candidate,0.079799,tfidf,1,3,1,outside edible-oil/adulteration domain,Operation Oil: manufacturer to be allowed to launch only one brand of oil ,"...onut oil, said Health Minister Veena George here on Wednesday. Requesting all coconut oil producers to obtain brand registration compulsorily, the Minister said the government would not allow the sale of coconut oil without brand registra...",https://www.thehindu.com/news/national/kerala/operation-oil-manufacturer-to-be-allowed-to-launch-only-one-brand-of-oil/article66144992.ece,2,3
,legal metrology,drop,extraction_unique_r2_relevant,other_candidate,0.07963,tfidf,1,2,1,outside edible-oil/adulteration domain,50 cases registered during raids on oil shops in A.P.     ,"The officials of the Vigilance and Enforcement (V&E), Legal Metrology and Food Safety departments raided wholesale and retail edible oil traders across the State on Wednesday. Rai...",https://www.thehindu.com/news/national/andhra-pradesh/50-cases-registered-during-raids-on-oil-shops-in-ap/article65360803.ece,2,3
,worth rs lakh,drop,extraction_unique_r2_relevant,other_candidate,0.079505,tfidf,1,0,0,outside edible-oil/adulteration domain,,,,2,3
,loose sale,drop,extraction_unique_r2_relevant,other_candidate,0.079504,tfidf,1,2,1,outside edible-oil/adulteration domain,"Mustard, Palm Olein Oil Worth â¹7.7l Seized | Kanpur News - Times of India","...nal city magistrate first from Shanti Niketan Kidwai Nagar. Around 204 litre of mustard oil was collected for loose sale, 1000 liters of rice bran oil for loose sale, and 2500kg of Palmolein were seized by the department. Samples...",https://timesofindia.indiatimes.com/city/kanpur/mustard-palm-olein-oil-worth-7-7l-seized/articleshow/95000423.cms,2,3
,bagchi teams,drop,extraction_unique_r2_relevant,other_candidate,0.068297,tfidf,1,0,0,non-oil food context without edible-oil signal,,,,2,3
,vigilance enforcement,drop,extraction_unique_r2_relevant,other_candidate,0.068297,tfidf,1,0,0,outside edible-oil/adulteration domain,,,,2,3
,samples sweets,drop,extraction_unique_r2_relevant,other_candidate,0.068171,tfidf,1,0,0,non-oil food context without edible-oil signal,,,,2,3
,breaking latest,drop,extraction_unique_r2_relevant,other_candidate,0.066476,tfidf,1,0,0,outside edible-oil/adulteration domain,,,,2,3
,articles recently,drop,extraction_unique_r2_relevant,other_candidate,0.062833,phrase_frequency,1,3,3,outside edible-oil/adulteration domain,Investigation into Dropsy Deaths in Nabha: New Committee Formed to Probe Tainted Edible Oil | Chandigarh News - Times of India,"...y member, a 50-year-old woman, was admitted to PGI hospital in late Sept. tnn We also published the following articles recently Constitution Day: Who were members of drafting committee of India's ConstitutionIndia celebrates Constitution...",https://timesofindia.indiatimes.com/city/chandigarh/investigation-into-dropsy-deaths-in-nabha-new-committee-formed-to-probe-tainted-edible-oil/articleshow/115711329.cms,2,3
,expiry date,drop,extraction_unique_r2_relevant,other_candidate,0.062833,phrase_frequency,1,3,3,outside edible-oil/adulteration domain,"Nashik Fda Cracks Down On Adulterated Food Items, Oil | Nashik News - The Times of India","...said on Monday that they raided a food shop in the city and found boxes of shrikhand with no manufacturing or expiry date. Taking serious note of the same, the FDA officials seized shrikhand boxes weighing over 61 kg and worth over...",https://timesofindia.indiatimes.com/city/nashik/nashik-fda-cracks-down-on-adulterated-food-items-oil/articleshow/105082876.cms,2,3
,following articles,drop,extraction_unique_r2_relevant,other_candidate,0.062833,phrase_frequency,1,3,3,outside edible-oil/adulteration domain,Investigation into Dropsy Deaths in Nabha: New Committee Formed to Probe Tainted Edible Oil | Chandigarh News - Times of India,"...ther family member, a 50-year-old woman, was admitted to PGI hospital in late Sept. tnn We also published the following articles recently Constitution Day: Who were members of drafting committee of India's ConstitutionIndia celebrates Con...",https://timesofindia.indiatimes.com/city/chandigarh/investigation-into-dropsy-deaths-in-nabha-new-committee-formed-to-probe-tainted-edible-oil/articleshow/115711329.cms,2,3
,following articles recently,drop,extraction_unique_r2_relevant,other_candidate,0.062833,phrase_frequency,1,3,3,outside edible-oil/adulteration domain,Investigation into Dropsy Deaths in Nabha: New Committee Formed to Probe Tainted Edible Oil | Chandigarh News - Times of India,"...ther family member, a 50-year-old woman, was admitted to PGI hospital in late Sept. tnn We also published the following articles recently Constitution Day: Who were members of drafting committee of India's ConstitutionIndia celebrates Constitution...",https://timesofindia.indiatimes.com/city/chandigarh/investigation-into-dropsy-deaths-in-nabha-new-committee-formed-to-probe-tainted-edible-oil/articleshow/115711329.cms,2,3
,industrial area,drop,extraction_unique_r2_relevant,other_candidate,0.062833,phrase_frequency,1,3,3,outside edible-oil/adulteration domain,"Over 12,000 litre of âspuriousâ oil seized | Jaipur News - Times of India","...(CMHO) Ashok Yadav was informed about the action. Subsequently, the CMHO of Tonk reached the factory in Niwai Industrial Area and seized approximately 6,000 litre of Ranthambore brand Kacchi Ghani oil. Food safety officer Suresh Kumar...",https://timesofindia.indiatimes.com/city/jaipur/over-12000-litre-of-spurious-oil-seized/articleshow/110316417.cms,2,3
,large quantity,drop,extraction_unique_r2_relevant,other_candidate,0.062833,phrase_frequency,1,3,3,outside edible-oil/adulteration domain,Adulterated paneer and cooking oil seized ahead of Diwali | Agra News - The Times of India,"...notices for hygiene violations."" Chief food safety officer Atul Pathak said, ""Information was received that a large quantity of oil was being illegally transported. Acting on the information, a team arrived at the scene. The warehous...",https://timesofindia.indiatimes.com/city/agra/adulterated-paneer-and-cooking-oil-seized-ahead-of-diwali/articleshow/124586909.cms,2,3
,standards act,drop,extraction_unique_r2_relevant,other_candidate,0.062833,phrase_frequency,1,3,3,outside edible-oil/adulteration domain,Adulterated paneer and cooking oil seized ahead of Diwali | Agra News - The Times of India,"...s sent all 11 samples for laboratory analysis, and further legal action will follow under the Food Safety and Standards Act, 2006.",https://timesofindia.indiatimes.com/city/agra/adulterated-paneer-and-cooking-oil-seized-ahead-of-diwali/articleshow/124586909.cms,2,3
,strict action,drop,extraction_unique_r2_relevant,other_candidate,0.062833,phrase_frequency,1,3,3,outside edible-oil/adulteration domain,Adulterated paneer and cooking oil seized ahead of Diwali | Agra News - The Times of India,"...and a notice is being posted. Once the owner arrives, oil samples will be sent for testing. If found guilty, strict action will be taken."" FSDA Agra conducted inspections across several locations in the district, collecting 11 food...",https://timesofindia.indiatimes.com/city/agra/adulterated-paneer-and-cooking-oil-seized-ahead-of-diwali/articleshow/124586909.cms,2,3
,adulterated food,drop,extraction_unique_r2_relevant,adulteration/fraud,0.0545,phrase_frequency,1,3,2,weak domain term below threshold,"Food adulteration racket busted in Hyderabad; oil, namkeen worth lakhs seized","...bad Enforcement Wing carried out extensive search operations from January 1 to April 21 in Hyderabad, seizing adulterated food items, machinery, and vehicles worth Rs 64.07 lakh, and arresting 28 individuals associated with the units, s...",https://www.indiatoday.in/cities/hyderabad/story/cyberabad-food-adulteration-raids-hyderabad-rs-64-lakh-seizure-28-arrested-2900680-2026-04-23?utm_source=rss,2,3
,festive season,drop,extraction_unique_r2_relevant,other_candidate,0.0545,phrase_frequency,1,3,2,outside edible-oil/adulteration domain,Kanpur Adulterated Food: Pre-Holi raids in Kanpur: FSDA seizes 9 quintals of adulterated mawa & edible oil worth Rs 29L | Kanpur News - The Times of India,...id the department intensified inspections across the district to curb adulteration in edible items during the festive season and is running a special campaign to deter adulterators.,https://timesofindia.indiatimes.com/city/kanpur/9-quintals-of-adulterated-mawa-edible-oil-seized-ahead-of-holi/articleshow/128794157.cms,2,3
,fsda team,drop,extraction_unique_r2_relevant,other_candidate,0.0545,phrase_frequency,1,3,2,non-oil food context without edible-oil signal,Adulterated paneer and cooking oil seized ahead of Diwali | Agra News - The Times of India,"...ensure that residents receive safe and pure festive delicacies. In the Mansoorpur area of Muzaffarnagar, the FSDA team intercepted a vehicle on the highway carrying around 15 quintals of adulterated paneer worth nearly Rs 3.3 la...",https://timesofindia.indiatimes.com/city/agra/adulterated-paneer-and-cooking-oil-seized-ahead-of-diwali/articleshow/124586909.cms,2,3
,health department,drop,extraction_unique_r2_relevant,other_candidate,0.0545,phrase_frequency,1,3,2,outside edible-oil/adulteration domain,Investigation into Dropsy Deaths in Nabha: New Committee Formed to Probe Tainted Edible Oil | Chandigarh News - Times of India,"...societies. Three members of a family had died after consumption of unfit edible oil in Sept, after which the health department had issued an advisory and conducted a probe. Navdeep Singh said the committee will now act after going throu...",https://timesofindia.indiatimes.com/city/chandigarh/investigation-into-dropsy-deaths-in-nabha-new-committee-formed-to-probe-tainted-edible-oil/articleshow/115711329.cms,2,3
,hygiene violations,drop,extraction_unique_r2_relevant,other_candidate,0.0545,phrase_frequency,1,3,2,outside edible-oil/adulteration domain,Adulterated paneer and cooking oil seized ahead of Diwali | Agra News - The Times of India,"...ommissioner of FSDA Agra, said, ""During the inspection, around five shops were issued improvement notices for hygiene violations."" Chief food safety officer Atul Pathak said, ""Information was received that a large quantity of oil was bein...",https://timesofindia.indiatimes.com/city/agra/adulterated-paneer-and-cooking-oil-seized-ahead-of-diwali/articleshow/124586909.cms,2,3
,officials seized,drop,extraction_unique_r2_relevant,enforcement/evidence,0.053,phrase_frequency,1,2,2,weak domain term below threshold,Adulterated paneer and cooking oil seized ahead of Diwali | Agra News - The Times of India,"...cting 11 food samples and destroying over 2.2 tonnes of substandard food items. During the enforcement drive, officials seized and destroyed 1,725 kg of khoya, 500 kg of paneer and 30 kg of artificially coloured petha worth around Rs 4....",https://timesofindia.indiatimes.com/city/agra/adulterated-paneer-and-cooking-oil-seized-ahead-of-diwali/articleshow/124586909.cms,2,3
,oil allegedly,drop,extraction_unique_r2_relevant,other_candidate,0.053,phrase_frequency,1,2,2,low score or outside edible-oil/adulteration scope,Kanpur Adulterated Food: Pre-Holi raids in Kanpur: FSDA seizes 9 quintals of adulterated mawa & edible oil worth Rs 29L | Kanpur News - The Times of India,"...FSDA team raided a trader's shop at Sachendi and found a large stock of Amrit, Maya and Safari brand soybean oil allegedly imported from Nepal. On-the-spot testing by the Food Safety on Wheels laboratory indicated adulteration. The...",https://timesofindia.indiatimes.com/city/kanpur/9-quintals-of-adulterated-mawa-edible-oil-seized-ahead-of-holi/articleshow/128794157.cms,2,3
,activity notice,drop,extraction_unique_r2_relevant,other_candidate,0.047667,phrase_frequency,1,4,1,outside edible-oil/adulteration domain,"Nashik Fda Cracks Down On Adulterated Food Items, Oil | Nashik News - The Times of India","...FDA has opened a comment period and, if approved, manufacturers will have one year to comply. FDA serves stop activity notice on eatery at BKCBurn - Bar and Kitchen in Mumbai has been served a stop activity notice by the state Food and...",https://timesofindia.indiatimes.com/city/nashik/nashik-fda-cracks-down-on-adulterated-food-items-oil/articleshow/105082876.cms,2,3
,stop activity,drop,extraction_unique_r2_relevant,other_candidate,0.047667,phrase_frequency,1,4,1,outside edible-oil/adulteration domain,"Nashik Fda Cracks Down On Adulterated Food Items, Oil | Nashik News - The Times of India","...The FDA has opened a comment period and, if approved, manufacturers will have one year to comply. FDA serves stop activity notice on eatery at BKCBurn - Bar and Kitchen in Mumbai has been served a stop activity notice by the state F...",https://timesofindia.indiatimes.com/city/nashik/nashik-fda-cracks-down-on-adulterated-food-items-oil/articleshow/105082876.cms,2,3
,stop activity notice,drop,extraction_unique_r2_relevant,other_candidate,0.047667,phrase_frequency,1,4,1,outside edible-oil/adulteration domain,"Nashik Fda Cracks Down On Adulterated Food Items, Oil | Nashik News - The Times of India","...The FDA has opened a comment period and, if approved, manufacturers will have one year to comply. FDA serves stop activity notice on eatery at BKCBurn - Bar and Kitchen in Mumbai has been served a stop activity notice by the state Food and...",https://timesofindia.indiatimes.com/city/nashik/nashik-fda-cracks-down-on-adulterated-food-items-oil/articleshow/105082876.cms,2,3
,economic forum,drop,extraction_unique_r2_relevant,other_candidate,0.046167,phrase_frequency,1,3,1,outside edible-oil/adulteration domain,"Fake oil found in Bihar, here's how to spot it.",...n Russian President Vladimir Putin and American architect Rodney Cook Jr. at the St. Petersburg International Economic Forum highlighted cultural ties amid broader US-Russia tensions. Speaking during a session moderated by Geeta Mohan...,https://www.indiatoday.in/newsmo/video/fake-oil-found-in-bihar-heres-how-to-spot-it-2698982-2025-03-25?utm_source=rss,2,3
,fake oil,drop,extraction_unique_r2_relevant,adulteration/fraud,0.046167,phrase_frequency,1,3,1,weak domain term below threshold,"Fake oil found in Bihar, here's how to spot it.","...s and palaces had long influenced his architectural work, including the planned White House ballroom project. Fake oil found in Bihar, here's how to spot it. Fake oil containers were seized in Rohtas district, Bihar. Watch to kn...",https://www.indiatoday.in/newsmo/video/fake-oil-found-in-bihar-heres-how-to-spot-it-2698982-2025-03-25?utm_source=rss,2,3
,ginger-garlic paste,drop,extraction_unique_r2_relevant,other_candidate,0.046167,phrase_frequency,1,3,1,outside edible-oil/adulteration domain,"Food adulteration racket busted in Hyderabad; oil, namkeen worth lakhs seized","...ch targeted a wide range of items, including bakery products, sweets, salty snacks, edible oils, wheat flour, ginger-garlic paste, meat products, ice creams, and sauces. In a major crackdown on food adulteration and illegal manufacturing,...",https://www.indiatoday.in/cities/hyderabad/story/cyberabad-food-adulteration-raids-hyderabad-rs-64-lakh-seizure-28-arrested-2900680-2026-04-23?utm_source=rss,2,3
,international economic,drop,extraction_unique_r2_relevant,other_candidate,0.046167,phrase_frequency,1,3,1,outside edible-oil/adulteration domain,"Fake oil found in Bihar, here's how to spot it.",...xchange between Russian President Vladimir Putin and American architect Rodney Cook Jr. at the St. Petersburg International Economic Forum highlighted cultural ties amid broader US-Russia tensions. Speaking during a session moderated by Geeta...,https://www.indiatoday.in/newsmo/video/fake-oil-found-in-bihar-heres-how-to-spot-it-2698982-2025-03-25?utm_source=rss,2,3
,international economic forum,drop,extraction_unique_r2_relevant,other_candidate,0.046167,phrase_frequency,1,3,1,outside edible-oil/adulteration domain,"Fake oil found in Bihar, here's how to spot it.",...xchange between Russian President Vladimir Putin and American architect Rodney Cook Jr. at the St. Petersburg International Economic Forum highlighted cultural ties amid broader US-Russia tensions. Speaking during a session moderated by Geeta Mohan...,https://www.indiatoday.in/newsmo/video/fake-oil-found-in-bihar-heres-how-to-spot-it-2698982-2025-03-25?utm_source=rss,2,3
,milk powder,drop,extraction_unique_r2_relevant,other_candidate,0.046167,phrase_frequency,1,3,1,non-oil food context without edible-oil signal,"Nashik Fda Cracks Down On Adulterated Food Items, Oil | Nashik News - The Times of India","...ulterated. On October 10, the FDA raided a house in Sinnar and found a man adulterating milk with the help of milk powder and colourless liquid. The FDA found 18 kg of dairy milk powder, 34 kg of milk powder and 170 litres of colou...",https://timesofindia.indiatimes.com/city/nashik/nashik-fda-cracks-down-on-adulterated-food-items-oil/articleshow/105082876.cms,2,3
,petersburg international,drop,extraction_unique_r2_relevant,other_candidate,0.046167,phrase_frequency,1,3,1,outside edible-oil/adulteration domain,"Fake oil found in Bihar, here's how to spot it.",A cordial exchange between Russian President Vladimir Putin and American architect Rodney Cook Jr. at the St. Petersburg International Economic Forum highlighted cultural ties amid broader US-Russia tensions. Speaking during a session moderated...,https://www.indiatoday.in/newsmo/video/fake-oil-found-in-bihar-heres-how-to-spot-it-2698982-2025-03-25?utm_source=rss,2,3
,tea powder,drop,extraction_unique_r2_relevant,other_candidate,0.046167,phrase_frequency,1,3,1,non-oil food context without edible-oil signal,"Food adulteration racket busted in Hyderabad; oil, namkeen worth lakhs seized","...ty of products. ""Authorities found 10 tea godowns containing adulterated stock. Around 3000 kg of adulterated tea powder, 1500 kg of expired tea powder, and synthetic colour and jaggery items were seized. Hyderabad, known for its...",https://www.indiatoday.in/cities/hyderabad/story/cyberabad-food-adulteration-raids-hyderabad-rs-64-lakh-seizure-28-arrested-2900680-2026-04-23?utm_source=rss,2,3
,collected samples,drop,extraction_unique_r2_relevant,other_candidate,0.044667,phrase_frequency,1,2,1,low score or outside edible-oil/adulteration scope,"Ahead of Holi, food safety raids net unhygienic sweets, mislabelled oils in GB Nagar","...leged unhygiene and labelling violations during raids conducted in Noida and Greater Noida on Sunday, as they collected samples and seized large quantities of sweets and edible oils, officials said on Monday as they intensified inspectio...",https://www.hindustantimes.com/cities/noida-news/ahead-of-holi-food-safety-raids-net-unhygienic-sweets-mislabelled-oils-in-gb-nagar-101771877000656.html,2,3
,ensure residents,drop,extraction_unique_r2_relevant,other_candidate,0.044667,phrase_frequency,1,2,1,outside edible-oil/adulteration domain,"Ahead of Holi, food safety raids net unhygienic sweets, mislabelled oils in GB Nagar","...d of Holi, food safety raids net unhygienic sweets, mislabelled oils in GB Nagar The drive was carried out to ensure residents are supplied with safe and quality food items during the festive season NOIDA: Ahead of the Holi festival, Ga...",https://www.hindustantimes.com/cities/noida-news/ahead-of-holi-food-safety-raids-net-unhygienic-sweets-mislabelled-oils-in-gb-nagar-101771877000656.html,2,3
,action under the food,drop,extraction_unique_r2_relevant,other_candidate,0.043167,yake,1,1,1,outside edible-oil/adulteration domain,Traders given 15 days to halt sale of loose edible oil,"...mful substances takes place. He explained the severe legal consequences of violations, including strict penal action under the Food Safety and Standards Act and relevant provisions of the Bharatiya Nyaya Sanhita. Stakeholders were advised to...",https://www.thehansindia.com/news/cities/hyderabad/traders-given-15-days-to-halt-sale-of-loose-edible-oil-1069613,2,3
,oil collected,drop,extraction_unique_r2_relevant,other_candidate,0.043167,phrase_frequency,1,1,1,low score or outside edible-oil/adulteration scope,"Maharashtra News: Minister Narhari Zirwal Announces Suspension Of 2 FDA Officials, Closure Of Nandurbar Factory Over Oil Adulteration","...ary questions were raised by legislator Sameer Kunawar, who pointed out that samples of soybean and groundnut oil collected recently from the same factory were found to be adulterated. ""Swift action was expected, but the concerned of...",https://www.freepressjournal.in/mumbai/maharashtra-news-minister-narhari-zirwal-announces-suspension-of-2-fda-officials-closure-of-nandurbar-factory-over-oil-adulteration,2,3
,oil in the state,drop,extraction_unique_r2_relevant,other_candidate,0.043167,yake,1,1,1,low score or outside edible-oil/adulteration scope,Operation Oil: manufacturer to be allowed to launch only one brand of oil ,...department launched a special drive called ‘Operation Oil’ as part of curbing the sale of adulterated coconut oil in the State. Over 100 centers were inspected in the last two days and notices were issued against the violators of safety...,https://www.thehindu.com/news/national/kerala/operation-oil-manufacturer-to-be-allowed-to-launch-only-one-brand-of-oil/article66144992.ece,2,3
,oil of another brand,drop,extraction_unique_r2_relevant,other_candidate,0.043167,yake,1,1,1,low score or outside edible-oil/adulteration scope,"Ahead of Holi, food safety raids net unhygienic sweets, mislabelled oils in GB Nagar","...liberately added to improve their nutritional value. Officials further said that 91 tins of refined palmolein oil of another brand carrying expiry date were found. One sample was collected, and the remaining stock was seized. “In total, fiv...",https://www.hindustantimes.com/cities/noida-news/ahead-of-holi-food-safety-raids-net-unhygienic-sweets-mislabelled-oils-in-gb-nagar-101771877000656.html,2,3
,oils in gb nagar,drop,extraction_unique_r2_relevant,other_candidate,0.043167,yake,1,1,1,low score or outside edible-oil/adulteration scope,"Ahead of Holi, food safety raids net unhygienic sweets, mislabelled oils in GB Nagar","Ahead of Holi, food safety raids net unhygienic sweets, mislabelled oils in GB Nagar The drive was carried out to ensure residents are supplied with safe and quality food items during the festiv...",https://www.hindustantimes.com/cities/noida-news/ahead-of-holi-food-safety-raids-net-unhygienic-sweets-mislabelled-oils-in-gb-nagar-101771877000656.html,2,3
,samples had been collected,drop,extraction_unique_r2_relevant,other_candidate,0.043167,yake,1,1,1,low score or outside edible-oil/adulteration scope,Operation Oil: manufacturer to be allowed to launch only one brand of oil ,...ction was taken against 177 shops that did not comply with the norms under Operation Shawarma. As many as 651 samples had been collected and sent for lab tests. Notices were issued against 294 institutions and fines were collected. The State also...,https://www.thehindu.com/news/national/kerala/operation-oil-manufacturer-to-be-allowed-to-launch-only-one-brand-of-oil/article66144992.ece,2,3
,samples have been collected,drop,extraction_unique_r2_relevant,other_candidate,0.043167,yake,1,1,1,low score or outside edible-oil/adulteration scope,Adulterated paneer and cooking oil seized ahead of Diwali | Agra News - The Times of India,"...ng. Food inspector Archana Deheeran told TOI, ""Paneer was being brought from Aligarh to supply Uttar Pradesh; samples have been collected, and the entire paneer that was in bad condition was also destroyed. Apart from this, we also destroyed 'khiy...",https://timesofindia.indiatimes.com/city/agra/adulterated-paneer-and-cooking-oil-seized-ahead-of-diwali/articleshow/124586909.cms,2,3
,samples of this edible,drop,extraction_unique_r2_relevant,other_candidate,0.043167,yake,1,1,1,low score or outside edible-oil/adulteration scope,"Over 12,000 litre of âspuriousâ oil seized | Jaipur News - Times of India","...nder the Food Safety Act 2006, and 6,683 litre seized due to suspicion of substandard quality. Officials said samples of this edible oil had been taken a few days earlier and were found to be of substandard quality. Tonk chief medical health...",https://timesofindia.indiatimes.com/city/jaipur/over-12000-litre-of-spurious-oil-seized/articleshow/110316417.cms,2,3
,samples were also collected,drop,extraction_unique_r2_relevant,other_candidate,0.043167,yake,1,1,1,low score or outside edible-oil/adulteration scope,Adulterated paneer and cooking oil seized ahead of Diwali | Agra News - The Times of India,"...00 kg of mustard oil and 200 kg of refined soybean oil â worth about Rs 1.3 lakh was seized from local shops. Samples were also collected from well-known establishments, and two samples of sugar toys were taken for testing. The FSDA has sent all 1...",https://timesofindia.indiatimes.com/city/agra/adulterated-paneer-and-cooking-oil-seized-ahead-of-diwali/articleshow/124586909.cms,2,3
,served stop,drop,extraction_unique_r2_relevant,other_candidate,0.043167,phrase_frequency,1,1,1,outside edible-oil/adulteration domain,"Nashik Fda Cracks Down On Adulterated Food Items, Oil | Nashik News - The Times of India",...d water analysis reports. An FDA team will visit the establishment again to ensure compliance. BKC restaurant served stop activity notice by Maharashtra FDAThe Burn-Bar and Kitchen in Mumbai has been served a stop activity notice b...,https://timesofindia.indiatimes.com/city/nashik/nashik-fda-cracks-down-on-adulterated-food-items-oil/articleshow/105082876.cms,2,3
,served stop activity,drop,extraction_unique_r2_relevant,other_candidate,0.043167,phrase_frequency,1,1,1,outside edible-oil/adulteration domain,"Nashik Fda Cracks Down On Adulterated Food Items, Oil | Nashik News - The Times of India",...d water analysis reports. An FDA team will visit the establishment again to ensure compliance. BKC restaurant served stop activity notice by Maharashtra FDAThe Burn-Bar and Kitchen in Mumbai has been served a stop activity notice by the sta...,https://timesofindia.indiatimes.com/city/nashik/nashik-fda-cracks-down-on-adulterated-food-items-oil/articleshow/105082876.cms,2,3
,served stop activity notice,drop,extraction_unique_r2_relevant,other_candidate,0.043167,phrase_frequency,1,1,1,outside edible-oil/adulteration domain,"Nashik Fda Cracks Down On Adulterated Food Items, Oil | Nashik News - The Times of India",...d water analysis reports. An FDA team will visit the establishment again to ensure compliance. BKC restaurant served stop activity notice by Maharashtra FDAThe Burn-Bar and Kitchen in Mumbai has been served a stop activity notice by the state Food...,https://timesofindia.indiatimes.com/city/nashik/nashik-fda-cracks-down-on-adulterated-food-items-oil/articleshow/105082876.cms,2,3
,administration fsda,drop,extraction_unique_r2_relevant,other_candidate,0.033333,phrase_frequency,1,0,0,outside edible-oil/adulteration domain,,,,2,3
,ahead holi,drop,extraction_unique_r2_relevant,other_candidate,0.033333,phrase_frequency,1,0,0,outside edible-oil/adulteration domain,,,,2,3
,drug administration fsda,drop,extraction_unique_r2_relevant,other_candidate,0.033333,phrase_frequency,1,0,0,outside edible-oil/adulteration domain,,,,2,3
,food safety drug,drop,extraction_unique_r2_relevant,enforcement/evidence,0.033333,phrase_frequency,1,0,0,weak domain term below threshold,,,,2,3
,food safety standards act,drop,extraction_unique_r2_relevant,enforcement/evidence,0.033333,phrase_frequency,1,0,0,weak domain term below threshold,,,,2,3
,items festive season,drop,extraction_unique_r2_relevant,other_candidate,0.033333,phrase_frequency,1,0,0,outside edible-oil/adulteration domain,,,,2,3
,oil worth lakh,drop,extraction_unique_r2_relevant,other_candidate,0.033333,phrase_frequency,1,0,0,low score or outside edible-oil/adulteration scope,,,,2,3
,safety drug,drop,extraction_unique_r2_relevant,other_candidate,0.033333,phrase_frequency,1,0,0,outside edible-oil/adulteration domain,,,,2,3
,safety standards act,drop,extraction_unique_r2_relevant,other_candidate,0.033333,phrase_frequency,1,0,0,outside edible-oil/adulteration domain,,,,2,3
,sale adulterated,drop,extraction_unique_r2_relevant,adulteration/fraud,0.033333,phrase_frequency,1,0,0,weak domain term below threshold,,,,2,3
,tins refined,drop,extraction_unique_r2_relevant,other_candidate,0.033333,phrase_frequency,1,0,0,outside edible-oil/adulteration domain,,,,2,3
,worth lakh,drop,extraction_unique_r2_relevant,other_candidate,0.033333,phrase_frequency,1,0,0,outside edible-oil/adulteration domain,,,,2,3
