keyword_or_keyphrase,methods_found,method_count,method_agreement_score,total_frequency,document_frequency,tfidf_score_normalized,yake_score_normalized,frequency_score_normalized,document_frequency_score,composite_score,category,review_label,review_reason,example_article_number,example_article_title,example_url,example_context,source_round_number,next_round_target,keyword_source_scope,keyword_source_article_count,example_article_id,example_domain,example_source,example_publication_date,example_human_label,example_word_count,normalized_keyword,suppression_reason
refined soybean oil,phrase_frequency; tfidf; yake,3,1.0,5,2,0.243659,0.985659,0.119048,0.25,0.487053,oil/product,keep_core,clear edible-oil product term found in sample text,7,"100kg rasgullas destroyed, over 11,000 oil packs seized in pre-Holi drive | Noida News - The Times of India",https://timesofindia.indiatimes.com/city/noida/100kg-rasgullas-destroyed-over-11000-oil-packs-seized-in-pre-holi-drive/articleshow/128728715.cms,"...provide details of the batch number of the oil being manufactured here,"" Kumar said. A total of 291 tins of refined soybean oil, 3,968 pouches of refined soybean oil and 6,995 pouches of refined palmolein oil were seized. Three samples w...",2,3,new_unique_round_02_rescue_relevant_articles_only,8,ed3cfd3b-e129-4945-88ec-d3900ed3ab50,timesofindia.indiatimes.com,indiatimes.com,2026-02-24,relevant,291,refined soybean oil,near_duplicate: covered by existing terms: refined oil + soybean oil
palmolein oil,phrase_frequency; tfidf; yake,3,1.0,6,3,0.237645,0.98446,0.142857,0.375,0.506969,other_candidate,manual_review,statistically strong phrase but not in edible-oil categories,5,"Nashik Fda Cracks Down On Adulterated Food Items, Oil | Nashik News - The Times of India",https://timesofindia.indiatimes.com/city/nashik/nashik-fda-cracks-down-on-adulterated-food-items-oil/articleshow/105082876.cms,"...eized 53 cans of loose soyabean oil, another 41 boxes of re-used refined soyabean oil and 28 boxes of re-used palmolein oil, collectively worth Rs1.93 lakh. On November 1, the FDA officials raided a cold storage in Satpur and found o...",2,3,new_unique_round_02_rescue_relevant_articles_only,8,27334840-021a-4ad7-acf5-32b3da9242c6,timesofindia.indiatimes.com,indiatimes.com,2023-11-09,relevant,635,palmolein oil,near_duplicate: covered by existing term: palmolein
refined palmolein oil,phrase_frequency; tfidf; yake,3,1.0,5,2,0.243659,0.991141,0.119048,0.25,0.488423,other_candidate,manual_review,statistically strong phrase but not in edible-oil categories,7,"100kg rasgullas destroyed, over 11,000 oil packs seized in pre-Holi drive | Noida News - The Times of India",https://timesofindia.indiatimes.com/city/noida/100kg-rasgullas-destroyed-over-11000-oil-packs-seized-in-pre-holi-drive/articleshow/128728715.cms,"...said. A total of 291 tins of refined soybean oil, 3,968 pouches of refined soybean oil and 6,995 pouches of refined palmolein oil were seized. Three samples were collected for lab tests. Officials also seized 91 tins (15 kg each) of expir...",2,3,new_unique_round_02_rescue_relevant_articles_only,8,ed3cfd3b-e129-4945-88ec-d3900ed3ab50,timesofindia.indiatimes.com,indiatimes.com,2026-02-24,relevant,291,refined palmolein oil,near_duplicate: covered by existing terms: refined oil + palmolein
greater noida,phrase_frequency; tfidf; yake,3,1.0,4,2,0.184997,0.972183,0.095238,0.25,0.459581,location,manual_review,location term; useful only if we decide to add geography-specific queries,7,"100kg rasgullas destroyed, over 11,000 oil packs seized in pre-Holi drive | Noida News - The Times of India",https://timesofindia.indiatimes.com/city/noida/100kg-rasgullas-destroyed-over-11000-oil-packs-seized-in-pre-holi-drive/articleshow/128728715.cms,"...same day, officials inspected Janaki Ballabh Foods Private Limited in UPSIDC Industrial Area, Site 5, Kasna, Greater Noida, and found edible oil containers bearing the fortification logo without actual fortification, which is mandat...",2,3,new_unique_round_02_rescue_relevant_articles_only,8,ed3cfd3b-e129-4945-88ec-d3900ed3ab50,timesofindia.indiatimes.com,indiatimes.com,2026-02-24,relevant,291,greater noida,location_only_not_needed_for_round3_queries
fda officials,phrase_frequency; tfidf; yake,3,1.0,4,1,0.15148,0.989399,0.095238,0.125,0.433403,enforcement/evidence,manual_review,domain term is plausible but weaker or too broad,5,"Nashik Fda Cracks Down On Adulterated Food Items, Oil | Nashik News - The Times of India",https://timesofindia.indiatimes.com/city/nashik/nashik-fda-cracks-down-on-adulterated-food-items-oil/articleshow/105082876.cms,...nt parts of the district over the last 15-20 days. The total amount of seized items is worth over Rs 20 lakh. FDA officials said that teams were formed to conduct raids in various outlets to prevent the sale of adulterated food items...,2,3,new_unique_round_02_rescue_relevant_articles_only,8,27334840-021a-4ad7-acf5-32b3da9242c6,timesofindia.indiatimes.com,indiatimes.com,2023-11-09,relevant,635,fda official,not_selected_after_manual_cleanup
adulterated food items,phrase_frequency; yake,2,0.666667,3,2,0.0,0.989101,0.071429,0.25,0.362156,adulteration/fraud,manual_review,domain term is plausible but weaker or too broad,1,"Food adulteration racket busted in Hyderabad; oil, namkeen worth lakhs seized",https://www.indiatoday.in/cities/hyderabad/story/cyberabad-food-adulteration-raids-hyderabad-rs-64-lakh-seizure-28-arrested-2900680-2026-04-23?utm_source=rss,"...bad Enforcement Wing carried out extensive search operations from January 1 to April 21 in Hyderabad, seizing adulterated food items, machinery, and vehicles worth Rs 64.07 lakh, and arresting 28 individuals associated with the units, sources...",2,3,new_unique_round_02_rescue_relevant_articles_only,8,ac61ee82-adfd-4cb5-a9d7-8d97e9874c41,indiatoday.in,indiatoday.in,2026-04-23,relevant,350,adulterated food item,not_selected_after_manual_cleanup
adulterated food,phrase_frequency; yake,2,0.666667,3,2,0.0,0.973054,0.071429,0.25,0.358144,adulteration/fraud,manual_review,domain term is plausible but weaker or too broad,1,"Food adulteration racket busted in Hyderabad; oil, namkeen worth lakhs seized",https://www.indiatoday.in/cities/hyderabad/story/cyberabad-food-adulteration-raids-hyderabad-rs-64-lakh-seizure-28-arrested-2900680-2026-04-23?utm_source=rss,"...bad Enforcement Wing carried out extensive search operations from January 1 to April 21 in Hyderabad, seizing adulterated food items, machinery, and vehicles worth Rs 64.07 lakh, and arresting 28 individuals associated with the units, s...",2,3,new_unique_round_02_rescue_relevant_articles_only,8,ac61ee82-adfd-4cb5-a9d7-8d97e9874c41,indiatoday.in,indiatoday.in,2026-04-23,relevant,350,adulterated food,broad_or_noisy: broad food-adulteration term; not oil-specific enough for Round 3
noida,yake,1,0.333333,9,2,0.0,0.972308,0.214286,0.25,0.346053,location,manual_review,location term; useful only if we decide to add geography-specific queries,7,"100kg rasgullas destroyed, over 11,000 oil packs seized in pre-Holi drive | Noida News - The Times of India",https://timesofindia.indiatimes.com/city/noida/100kg-rasgullas-destroyed-over-11000-oil-packs-seized-in-pre-holi-drive/articleshow/128728715.cms,Noida: Around 100kg of rasgullas were destroyed at a sweet shop in Sector 62 after food safety teams found them sto...,2,3,new_unique_round_02_rescue_relevant_articles_only,8,ed3cfd3b-e129-4945-88ec-d3900ed3ab50,timesofindia.indiatimes.com,indiatimes.com,2026-02-24,relevant,291,noida,location_only_not_needed_for_round3_queries
food adulteration,phrase_frequency; yake,2,0.666667,2,1,0.0,0.955489,0.047619,0.125,0.331432,adulteration/fraud,manual_review,domain term is plausible but weaker or too broad,1,"Food adulteration racket busted in Hyderabad; oil, namkeen worth lakhs seized",https://www.indiatoday.in/cities/hyderabad/story/cyberabad-food-adulteration-raids-hyderabad-rs-64-lakh-seizure-28-arrested-2900680-2026-04-23?utm_source=rss,"Food adulteration racket busted in Hyderabad; oil, namkeen worth lakhs seized Sources revealed that the police had major succes...",2,3,new_unique_round_02_rescue_relevant_articles_only,8,ac61ee82-adfd-4cb5-a9d7-8d97e9874c41,indiatoday.in,indiatoday.in,2026-04-23,relevant,350,food adulteration,broad_or_noisy: broad food-adulteration term already represented by adulteration + oil terms
food safety and drug,yake,1,0.333333,2,2,0.0,0.972641,0.047619,0.25,0.321136,enforcement/evidence,manual_review,domain term is plausible but weaker or too broad,6,"Over 12,000 litre of âspuriousâ oil seized | Jaipur News - Times of India",https://timesofindia.indiatimes.com/city/jaipur/over-12000-litre-of-spurious-oil-seized/articleshow/110316417.cms,"Jaipur: Food Safety and Drug Control Commissionerate teams on Tuesday seized 6,683 litre of edible oil in Muhana Mandi and 6,000 litre at...",2,3,new_unique_round_02_rescue_relevant_articles_only,8,944ebc0e-5af0-4d5f-96cd-1a0080566898,timesofindia.indiatimes.com,indiatimes.com,2024-05-22,relevant,317,food safety and drug,near_duplicate: covered by existing terms: food safety + FDA/FSDA
fda found,yake,1,0.333333,2,1,0.0,0.977405,0.047619,0.125,0.303577,enforcement/evidence,manual_review,domain term is plausible but weaker or too broad,5,"Nashik Fda Cracks Down On Adulterated Food Items, Oil | Nashik News - The Times of India",https://timesofindia.indiatimes.com/city/nashik/nashik-fda-cracks-down-on-adulterated-food-items-oil/articleshow/105082876.cms,"...d a house in Sinnar and found a man adulterating milk with the help of milk powder and colourless liquid. The FDA found 18 kg of dairy milk powder, 34 kg of milk powder and 170 litres of colourless liquid. With the help of these...",2,3,new_unique_round_02_rescue_relevant_articles_only,8,27334840-021a-4ad7-acf5-32b3da9242c6,timesofindia.indiatimes.com,indiatimes.com,2023-11-09,relevant,635,fda found,near_duplicate: fragment covered by FDA
budh nagar food safety,yake,1,0.333333,1,1,0.0,0.98672,0.02381,0.125,0.302335,enforcement/evidence,manual_review,domain term is plausible but weaker or too broad,8,"Ahead of Holi, food safety raids net unhygienic sweets, mislabelled oils in GB Nagar",https://www.hindustantimes.com/cities/noida-news/ahead-of-holi-food-safety-raids-net-unhygienic-sweets-mislabelled-oils-in-gb-nagar-101771877000656.html,"...supplied with safe and quality food items during the festive season NOIDA: Ahead of the Holi festival, Gautam Budh Nagar food safety authorities have come across alleged unhygiene and labelling violations during raids conducted in Noida and G...",2,3,new_unique_round_02_rescue_relevant_articles_only,8,460be3b0-c095-4fcd-8507-b56356cff442,hindustantimes.com,hindustantimes.com,2026-02-24,relevant,481,budh nagar food safety,near_duplicate: local fragment covered by food safety
nagar food safety authorities,yake,1,0.333333,1,1,0.0,0.984012,0.02381,0.125,0.301658,enforcement/evidence,manual_review,domain term is plausible but weaker or too broad,8,"Ahead of Holi, food safety raids net unhygienic sweets, mislabelled oils in GB Nagar",https://www.hindustantimes.com/cities/noida-news/ahead-of-holi-food-safety-raids-net-unhygienic-sweets-mislabelled-oils-in-gb-nagar-101771877000656.html,"...ied with safe and quality food items during the festive season NOIDA: Ahead of the Holi festival, Gautam Budh Nagar food safety authorities have come across alleged unhygiene and labelling violations during raids conducted in Noida and Greater Noida...",2,3,new_unique_round_02_rescue_relevant_articles_only,8,460be3b0-c095-4fcd-8507-b56356cff442,hindustantimes.com,hindustantimes.com,2026-02-24,relevant,481,nagar food safety authority,not_selected_after_manual_cleanup
seized adulterated food items,yake,1,0.333333,1,1,0.0,0.983696,0.02381,0.125,0.301579,incident/action phrase,manual_review,incident/action phrase needs human pruning,5,"Nashik Fda Cracks Down On Adulterated Food Items, Oil | Nashik News - The Times of India",https://timesofindia.indiatimes.com/city/nashik/nashik-fda-cracks-down-on-adulterated-food-items-oil/articleshow/105082876.cms,Nashik: The Food and Drug Administration (FDA) of the Nashik division has seized adulterated food items and spurious cooking oil from different parts of the district over the last 15-20 days. The total amount of s...,2,3,new_unique_round_02_rescue_relevant_articles_only,8,27334840-021a-4ad7-acf5-32b3da9242c6,timesofindia.indiatimes.com,indiatimes.com,2023-11-09,relevant,635,seized adulterated food item,not_selected_after_manual_cleanup
seizing adulterated food items,yake,1,0.333333,1,1,0.0,0.982286,0.02381,0.125,0.301226,adulteration/fraud,manual_review,domain term is plausible but weaker or too broad,1,"Food adulteration racket busted in Hyderabad; oil, namkeen worth lakhs seized",https://www.indiatoday.in/cities/hyderabad/story/cyberabad-food-adulteration-raids-hyderabad-rs-64-lakh-seizure-28-arrested-2900680-2026-04-23?utm_source=rss,"...e Cyberabad Enforcement Wing carried out extensive search operations from January 1 to April 21 in Hyderabad, seizing adulterated food items, machinery, and vehicles worth Rs 64.07 lakh, and arresting 28 individuals associated with the units, sources...",2,3,new_unique_round_02_rescue_relevant_articles_only,8,ac61ee82-adfd-4cb5-a9d7-8d97e9874c41,indiatoday.in,indiatoday.in,2026-04-23,relevant,350,seizing adulterated food item,not_selected_after_manual_cleanup
fda officials seized,yake,1,0.333333,1,1,0.0,0.979461,0.02381,0.125,0.30052,enforcement/evidence,manual_review,domain term is plausible but weaker or too broad,5,"Nashik Fda Cracks Down On Adulterated Food Items, Oil | Nashik News - The Times of India",https://timesofindia.indiatimes.com/city/nashik/nashik-fda-cracks-down-on-adulterated-food-items-oil/articleshow/105082876.cms,"...city and found boxes of shrikhand with no manufacturing or expiry date. Taking serious note of the same, the FDA officials seized shrikhand boxes weighing over 61 kg and worth over Rs 18,000. FDA food inspectors also raided an oil stockies...",2,3,new_unique_round_02_rescue_relevant_articles_only,8,27334840-021a-4ad7-acf5-32b3da9242c6,timesofindia.indiatimes.com,indiatimes.com,2023-11-09,relevant,635,fda official seized,not_selected_after_manual_cleanup
nagar food safety,yake,1,0.333333,1,1,0.0,0.978787,0.02381,0.125,0.300352,enforcement/evidence,manual_review,domain term is plausible but weaker or too broad,8,"Ahead of Holi, food safety raids net unhygienic sweets, mislabelled oils in GB Nagar",https://www.hindustantimes.com/cities/noida-news/ahead-of-holi-food-safety-raids-net-unhygienic-sweets-mislabelled-oils-in-gb-nagar-101771877000656.html,"...ied with safe and quality food items during the festive season NOIDA: Ahead of the Holi festival, Gautam Budh Nagar food safety authorities have come across alleged unhygiene and labelling violations during raids conducted in Noida and G...",2,3,new_unique_round_02_rescue_relevant_articles_only,8,460be3b0-c095-4fcd-8507-b56356cff442,hindustantimes.com,hindustantimes.com,2026-02-24,relevant,481,nagar food safety,near_duplicate: local fragment covered by food safety
fda food,yake,1,0.333333,1,1,0.0,0.975689,0.02381,0.125,0.299577,enforcement/evidence,manual_review,domain term is plausible but weaker or too broad,5,"Nashik Fda Cracks Down On Adulterated Food Items, Oil | Nashik News - The Times of India",https://timesofindia.indiatimes.com/city/nashik/nashik-fda-cracks-down-on-adulterated-food-items-oil/articleshow/105082876.cms,"...ious note of the same, the FDA officials seized shrikhand boxes weighing over 61 kg and worth over Rs 18,000. FDA food inspectors also raided an oil stockiest in Sinnar and seized 53 cans of loose soyabean oil, another 41 boxes...",2,3,new_unique_round_02_rescue_relevant_articles_only,8,27334840-021a-4ad7-acf5-32b3da9242c6,timesofindia.indiatimes.com,indiatimes.com,2023-11-09,relevant,635,fda food,near_duplicate: fragment covered by FDA
fda officials seized shrikhand,yake,1,0.333333,1,1,0.0,0.974416,0.02381,0.125,0.299259,enforcement/evidence,manual_review,domain term is plausible but weaker or too broad,5,"Nashik Fda Cracks Down On Adulterated Food Items, Oil | Nashik News - The Times of India",https://timesofindia.indiatimes.com/city/nashik/nashik-fda-cracks-down-on-adulterated-food-items-oil/articleshow/105082876.cms,"...city and found boxes of shrikhand with no manufacturing or expiry date. Taking serious note of the same, the FDA officials seized shrikhand boxes weighing over 61 kg and worth over Rs 18,000. FDA food inspectors also raided an oil stockiest in Sinna...",2,3,new_unique_round_02_rescue_relevant_articles_only,8,27334840-021a-4ad7-acf5-32b3da9242c6,timesofindia.indiatimes.com,indiatimes.com,2023-11-09,relevant,635,fda official seized shrikhand,not_selected_after_manual_cleanup
food safety officer suresh,yake,1,0.333333,1,1,0.0,0.97275,0.02381,0.125,0.298842,enforcement/evidence,manual_review,domain term is plausible but weaker or too broad,6,"Over 12,000 litre of âspuriousâ oil seized | Jaipur News - Times of India",https://timesofindia.indiatimes.com/city/jaipur/over-12000-litre-of-spurious-oil-seized/articleshow/110316417.cms,"...factory in Niwai Industrial Area and seized approximately 6,000 litre of Ranthambore brand Kacchi Ghani oil. Food safety officer Suresh Kumar was present during the action. In another case, inspection was done at Vinayak Bakers at Hawa Sadak, Ja...",2,3,new_unique_round_02_rescue_relevant_articles_only,8,944ebc0e-5af0-4d5f-96cd-1a0080566898,timesofindia.indiatimes.com,indiatimes.com,2024-05-22,relevant,317,food safety officer suresh,near_duplicate: named-person fragment covered by food safety officer
fda food inspectors,yake,1,0.333333,1,1,0.0,0.970641,0.02381,0.125,0.298315,enforcement/evidence,manual_review,domain term is plausible but weaker or too broad,5,"Nashik Fda Cracks Down On Adulterated Food Items, Oil | Nashik News - The Times of India",https://timesofindia.indiatimes.com/city/nashik/nashik-fda-cracks-down-on-adulterated-food-items-oil/articleshow/105082876.cms,"...ious note of the same, the FDA officials seized shrikhand boxes weighing over 61 kg and worth over Rs 18,000. FDA food inspectors also raided an oil stockiest in Sinnar and seized 53 cans of loose soyabean oil, another 41 boxes of re-used...",2,3,new_unique_round_02_rescue_relevant_articles_only,8,27334840-021a-4ad7-acf5-32b3da9242c6,timesofindia.indiatimes.com,indiatimes.com,2023-11-09,relevant,635,fda food inspector,not_selected_after_manual_cleanup
food safety raids,yake,1,0.333333,1,1,0.0,0.966101,0.02381,0.125,0.29718,enforcement/evidence,manual_review,domain term is plausible but weaker or too broad,8,"Ahead of Holi, food safety raids net unhygienic sweets, mislabelled oils in GB Nagar",https://www.hindustantimes.com/cities/noida-news/ahead-of-holi-food-safety-raids-net-unhygienic-sweets-mislabelled-oils-in-gb-nagar-101771877000656.html,"Ahead of Holi, food safety raids net unhygienic sweets, mislabelled oils in GB Nagar The drive was carried out to ensure residents are supplie...",2,3,new_unique_round_02_rescue_relevant_articles_only,8,460be3b0-c095-4fcd-8507-b56356cff442,hindustantimes.com,hindustantimes.com,2026-02-24,relevant,481,food safety raid,not_selected_after_manual_cleanup
seized adulterated food,yake,1,0.333333,1,1,0.0,0.964289,0.02381,0.125,0.296727,incident/action phrase,manual_review,incident/action phrase needs human pruning,5,"Nashik Fda Cracks Down On Adulterated Food Items, Oil | Nashik News - The Times of India",https://timesofindia.indiatimes.com/city/nashik/nashik-fda-cracks-down-on-adulterated-food-items-oil/articleshow/105082876.cms,Nashik: The Food and Drug Administration (FDA) of the Nashik division has seized adulterated food items and spurious cooking oil from different parts of the district over the last 15-20 days. The total amoun...,2,3,new_unique_round_02_rescue_relevant_articles_only,8,27334840-021a-4ad7-acf5-32b3da9242c6,timesofindia.indiatimes.com,indiatimes.com,2023-11-09,relevant,635,seized adulterated food,broad_or_noisy: broad mixed-food phrase; use existing seized/adulterated terms with oil terms
fda conducted operations,yake,1,0.333333,1,1,0.0,0.964199,0.02381,0.125,0.296705,enforcement/evidence,manual_review,domain term is plausible but weaker or too broad,3,"Maha govt, FDA crack down on oil manufacturers to check on adulteration",https://economictimes.indiatimes.com/industry/cons-products/food/maha-govt-fda-crack-down-on-oil-manufacturers-to-check-on-adulteration/articleshow/89178574.cms,"The state department had raided a factory in Vashi area of Navi Mumbai on Tuesday, while the FDA conducted operations at units in Bhiwandi and Mira Road, the official said. The raids were conducted based on information about ad...",2,3,new_unique_round_02_rescue_relevant_articles_only,8,73b65d61-f75b-4ffb-b24c-4ac55b55aa40,economictimes.indiatimes.com,indiatimes.com,2022-01-28,relevant,132,fda conducted operation,not_selected_after_manual_cleanup
seizing adulterated food,yake,1,0.333333,1,1,0.0,0.961776,0.02381,0.125,0.296099,adulteration/fraud,manual_review,domain term is plausible but weaker or too broad,1,"Food adulteration racket busted in Hyderabad; oil, namkeen worth lakhs seized",https://www.indiatoday.in/cities/hyderabad/story/cyberabad-food-adulteration-raids-hyderabad-rs-64-lakh-seizure-28-arrested-2900680-2026-04-23?utm_source=rss,"...e Cyberabad Enforcement Wing carried out extensive search operations from January 1 to April 21 in Hyderabad, seizing adulterated food items, machinery, and vehicles worth Rs 64.07 lakh, and arresting 28 individuals associated with the units, s...",2,3,new_unique_round_02_rescue_relevant_articles_only,8,ac61ee82-adfd-4cb5-a9d7-8d97e9874c41,indiatoday.in,indiatoday.in,2026-04-23,relevant,350,seizing adulterated food,broad_or_noisy: broad mixed-food phrase; use existing seized/adulterated terms with oil terms
lakhs seized sources revealed,yake,1,0.333333,1,1,0.0,0.961383,0.02381,0.125,0.296,enforcement/evidence,manual_review,domain term is plausible but weaker or too broad,1,"Food adulteration racket busted in Hyderabad; oil, namkeen worth lakhs seized",https://www.indiatoday.in/cities/hyderabad/story/cyberabad-food-adulteration-raids-hyderabad-rs-64-lakh-seizure-28-arrested-2900680-2026-04-23?utm_source=rss,"Food adulteration racket busted in Hyderabad; oil, namkeen worth lakhs seized Sources revealed that the police had major success in seizing 5,026 litres of oil and 5,192 kilograms of wheat during the oper...",2,3,new_unique_round_02_rescue_relevant_articles_only,8,ac61ee82-adfd-4cb5-a9d7-8d97e9874c41,indiatoday.in,indiatoday.in,2026-04-23,relevant,350,lakh seized source revealed,not_selected_after_manual_cleanup
worth lakhs seized sources,yake,1,0.333333,1,1,0.0,0.960253,0.02381,0.125,0.295718,enforcement/evidence,manual_review,domain term is plausible but weaker or too broad,1,"Food adulteration racket busted in Hyderabad; oil, namkeen worth lakhs seized",https://www.indiatoday.in/cities/hyderabad/story/cyberabad-food-adulteration-raids-hyderabad-rs-64-lakh-seizure-28-arrested-2900680-2026-04-23?utm_source=rss,"Food adulteration racket busted in Hyderabad; oil, namkeen worth lakhs seized Sources revealed that the police had major success in seizing 5,026 litres of oil and 5,192 kilograms of wheat during...",2,3,new_unique_round_02_rescue_relevant_articles_only,8,ac61ee82-adfd-4cb5-a9d7-8d97e9874c41,indiatoday.in,indiatoday.in,2026-04-23,relevant,350,worth lakh seized source,not_selected_after_manual_cleanup
food safety authorities,yake,1,0.333333,1,1,0.0,0.957797,0.02381,0.125,0.295104,enforcement/evidence,manual_review,domain term is plausible but weaker or too broad,8,"Ahead of Holi, food safety raids net unhygienic sweets, mislabelled oils in GB Nagar",https://www.hindustantimes.com/cities/noida-news/ahead-of-holi-food-safety-raids-net-unhygienic-sweets-mislabelled-oils-in-gb-nagar-101771877000656.html,"...th safe and quality food items during the festive season NOIDA: Ahead of the Holi festival, Gautam Budh Nagar food safety authorities have come across alleged unhygiene and labelling violations during raids conducted in Noida and Greater Noida...",2,3,new_unique_round_02_rescue_relevant_articles_only,8,460be3b0-c095-4fcd-8507-b56356cff442,hindustantimes.com,hindustantimes.com,2026-02-24,relevant,481,food safety authority,not_selected_after_manual_cleanup
fda officials raided,yake,1,0.333333,1,1,0.0,0.955519,0.02381,0.125,0.294535,enforcement/evidence,manual_review,domain term is plausible but weaker or too broad,5,"Nashik Fda Cracks Down On Adulterated Food Items, Oil | Nashik News - The Times of India",https://timesofindia.indiatimes.com/city/nashik/nashik-fda-cracks-down-on-adulterated-food-items-oil/articleshow/105082876.cms,"...efined soyabean oil and 28 boxes of re-used palmolein oil, collectively worth Rs1.93 lakh. On November 1, the FDA officials raided a cold storage in Satpur and found over 10,000 kg of chilli powder worth over Rs 16 lakh and another 4,200 kg...",2,3,new_unique_round_02_rescue_relevant_articles_only,8,27334840-021a-4ad7-acf5-32b3da9242c6,timesofindia.indiatimes.com,indiatimes.com,2023-11-09,relevant,635,fda official raided,not_selected_after_manual_cleanup
raids conducted,phrase_frequency; tfidf,2,0.666667,1,1,0.175213,0.0,0.02381,0.125,0.150312,enforcement/evidence,manual_review,domain term is plausible but weaker or too broad,8,"Ahead of Holi, food safety raids net unhygienic sweets, mislabelled oils in GB Nagar",https://www.hindustantimes.com/cities/noida-news/ahead-of-holi-food-safety-raids-net-unhygienic-sweets-mislabelled-oils-in-gb-nagar-101771877000656.html,"...Gautam Budh Nagar food safety authorities have come across alleged unhygiene and labelling violations during raids conducted in Noida and Greater Noida on Sunday, as they collected samples and seized large quantities of sweets and edi...",2,3,new_unique_round_02_rescue_relevant_articles_only,8,460be3b0-c095-4fcd-8507-b56356cff442,hindustantimes.com,hindustantimes.com,2026-02-24,relevant,481,raid conducted,not_selected_after_manual_cleanup
refined palmolein,phrase_frequency; tfidf; yake,3,1.0,5,2,0.243659,0.955181,0.119048,0.25,0.479433,other_candidate,drop,outside edible-oil/adulteration domain,7,"100kg rasgullas destroyed, over 11,000 oil packs seized in pre-Holi drive | Noida News - The Times of India",https://timesofindia.indiatimes.com/city/noida/100kg-rasgullas-destroyed-over-11000-oil-packs-seized-in-pre-holi-drive/articleshow/128728715.cms,"...said. A total of 291 tins of refined soybean oil, 3,968 pouches of refined soybean oil and 6,995 pouches of refined palmolein oil were seized. Three samples were collected for lab tests. Officials also seized 91 tins (15 kg each) of e...",2,3,new_unique_round_02_rescue_relevant_articles_only,8,ed3cfd3b-e129-4945-88ec-d3900ed3ab50,timesofindia.indiatimes.com,indiatimes.com,2026-02-24,relevant,291,refined palmolein,extractor_label_drop
found,yake,1,0.333333,20,6,0.0,0.987648,0.47619,0.75,0.464174,other_candidate,drop,outside edible-oil/adulteration domain,1,"Food adulteration racket busted in Hyderabad; oil, namkeen worth lakhs seized",https://www.indiatoday.in/cities/hyderabad/story/cyberabad-food-adulteration-raids-hyderabad-rs-64-lakh-seizure-28-arrested-2900680-2026-04-23?utm_source=rss,"...allegedly used expired ingredients, synthetic food colours, and hazardous chemicals. Many establishments were found operating in highly unhygienic conditions without valid FSSAI certification or trade licences. Overall, the p...",2,3,new_unique_round_02_rescue_relevant_articles_only,8,ac61ee82-adfd-4cb5-a9d7-8d97e9874c41,indiatoday.in,indiatoday.in,2026-04-23,relevant,350,found,extractor_label_drop
officials,yake,1,0.333333,14,5,0.0,0.977903,0.333333,0.625,0.421559,other_candidate,drop,outside edible-oil/adulteration domain,2,Investigation into Dropsy Deaths in Nabha: New Committee Formed to Probe Tainted Edible Oil | Chandigarh News - Times of India,https://timesofindia.indiatimes.com/city/chandigarh/investigation-into-dropsy-deaths-in-nabha-new-committee-formed-to-probe-tainted-edible-oil/articleshow/115711329.cms,...ve-member committee under Nabha SDM officer to scrutinise and take forward an earlier investigation by health officials into three dropsy deaths which took place in Nabha in Sep this year. Chief minister field officer Navdeep Sin...,2,3,new_unique_round_02_rescue_relevant_articles_only,8,50a6a07a-2c71-452c-8ced-2ee1133ccfa5,timesofindia.indiatimes.com,indiatimes.com,2024-11-27,relevant,385,official,extractor_label_drop
economic times prime,tfidf; yake,2,0.666667,2,1,0.188251,0.976002,0.047619,0.125,0.402448,other_candidate,drop,outside edible-oil/adulteration domain,3,"Maha govt, FDA crack down on oil manufacturers to check on adulteration",https://economictimes.indiatimes.com/industry/cons-products/food/maha-govt-fda-crack-down-on-oil-manufacturers-to-check-on-adulteration/articleshow/89178574.cms,"...(Catch all the Business News, Breaking News and Latest News Updates on The Economic Times.) Subscribe to The Economic Times Prime and read the ET ePaper online. (Catch all the Business News, Breaking News and Latest News Updates on The Eco...",2,3,new_unique_round_02_rescue_relevant_articles_only,8,73b65d61-f75b-4ffb-b24c-4ac55b55aa40,economictimes.indiatimes.com,indiatimes.com,2022-01-28,relevant,132,economic time prime,extractor_label_drop
sweets,yake,1,0.333333,10,4,0.0,0.963245,0.238095,0.5,0.384859,other_candidate,drop,non-oil food context without edible-oil signal,1,"Food adulteration racket busted in Hyderabad; oil, namkeen worth lakhs seized",https://www.indiatoday.in/cities/hyderabad/story/cyberabad-food-adulteration-raids-hyderabad-rs-64-lakh-seizure-28-arrested-2900680-2026-04-23?utm_source=rss,"...192 kilograms of wheat during the operation, which targeted a wide range of items, including bakery products, sweets, salty snacks, edible oils, wheat flour, ginger-garlic paste, meat products, ice creams, and sauces. In a maj...",2,3,new_unique_round_02_rescue_relevant_articles_only,8,ac61ee82-adfd-4cb5-a9d7-8d97e9874c41,indiatoday.in,indiatoday.in,2026-04-23,relevant,350,sweet,extractor_label_drop
products,yake,1,0.333333,9,4,0.0,0.965582,0.214286,0.5,0.381872,other_candidate,drop,outside edible-oil/adulteration domain,1,"Food adulteration racket busted in Hyderabad; oil, namkeen worth lakhs seized",https://www.indiatoday.in/cities/hyderabad/story/cyberabad-food-adulteration-raids-hyderabad-rs-64-lakh-seizure-28-arrested-2900680-2026-04-23?utm_source=rss,"...oil and 5,192 kilograms of wheat during the operation, which targeted a wide range of items, including bakery products, sweets, salty snacks, edible oils, wheat flour, ginger-garlic paste, meat products, ice creams, and sauces....",2,3,new_unique_round_02_rescue_relevant_articles_only,8,ac61ee82-adfd-4cb5-a9d7-8d97e9874c41,indiatoday.in,indiatoday.in,2026-04-23,relevant,350,product,extractor_label_drop
safety,yake,1,0.333333,13,3,0.0,0.979642,0.309524,0.375,0.380922,other_candidate,drop,outside edible-oil/adulteration domain,6,"Over 12,000 litre of âspuriousâ oil seized | Jaipur News - Times of India",https://timesofindia.indiatimes.com/city/jaipur/over-12000-litre-of-spurious-oil-seized/articleshow/110316417.cms,"Jaipur: Food Safety and Drug Control Commissionerate teams on Tuesday seized 6,683 litre of edible oil in Muhana Mandi and 6,000...",2,3,new_unique_round_02_rescue_relevant_articles_only,8,944ebc0e-5af0-4d5f-96cd-1a0080566898,timesofindia.indiatimes.com,indiatimes.com,2024-05-22,relevant,317,safety,extractor_label_drop
items,yake,1,0.333333,13,3,0.0,0.97577,0.309524,0.375,0.379954,other_candidate,drop,outside edible-oil/adulteration domain,1,"Food adulteration racket busted in Hyderabad; oil, namkeen worth lakhs seized",https://www.indiatoday.in/cities/hyderabad/story/cyberabad-food-adulteration-raids-hyderabad-rs-64-lakh-seizure-28-arrested-2900680-2026-04-23?utm_source=rss,"...seizing 5,026 litres of oil and 5,192 kilograms of wheat during the operation, which targeted a wide range of items, including bakery products, sweets, salty snacks, edible oils, wheat flour, ginger-garlic paste, meat product...",2,3,new_unique_round_02_rescue_relevant_articles_only,8,ac61ee82-adfd-4cb5-a9d7-8d97e9874c41,indiatoday.in,indiatoday.in,2026-04-23,relevant,350,item,extractor_label_drop
collected,yake,1,0.333333,13,3,0.0,0.973569,0.309524,0.375,0.379404,other_candidate,drop,outside edible-oil/adulteration domain,4,"Mustard, Palm Olein Oil Worth â¹7.7l Seized | Kanpur News - Times of India",https://timesofindia.indiatimes.com/city/kanpur/mustard-palm-olein-oil-worth-7-7l-seized/articleshow/95000423.cms,"...rs of mustard and palm olein oil worth Rs 7,67,800 from various vendors in city. Besides, the department also collected as many as 23 samples for lab testing. According to Vijay Pratap Singh assistant commissioner (food) â II /de...",2,3,new_unique_round_02_rescue_relevant_articles_only,8,f66bdd6f-22cb-438f-9381-21a2ca567634,timesofindia.indiatimes.com,indiatimes.com,2022-10-21,relevant,145,collected,extractor_label_drop
refined,yake,1,0.333333,12,3,0.0,0.970449,0.285714,0.375,0.375053,other_candidate,drop,outside edible-oil/adulteration domain,5,"Nashik Fda Cracks Down On Adulterated Food Items, Oil | Nashik News - The Times of India",https://timesofindia.indiatimes.com/city/nashik/nashik-fda-cracks-down-on-adulterated-food-items-oil/articleshow/105082876.cms,"...also raided an oil stockiest in Sinnar and seized 53 cans of loose soyabean oil, another 41 boxes of re-used refined soyabean oil and 28 boxes of re-used palmolein oil, collectively worth Rs1.93 lakh. On November 1, the FDA of...",2,3,new_unique_round_02_rescue_relevant_articles_only,8,27334840-021a-4ad7-acf5-32b3da9242c6,timesofindia.indiatimes.com,indiatimes.com,2023-11-09,relevant,635,refined,extractor_label_drop
powder,yake,1,0.333333,10,3,0.0,0.955495,0.238095,0.375,0.364171,other_candidate,drop,outside edible-oil/adulteration domain,1,"Food adulteration racket busted in Hyderabad; oil, namkeen worth lakhs seized",https://www.indiatoday.in/cities/hyderabad/story/cyberabad-food-adulteration-raids-hyderabad-rs-64-lakh-seizure-28-arrested-2900680-2026-04-23?utm_source=rss,"...picious activity to authorities. In a separate incident, police also arrested 10 people associated with a tea-powder adulteration racket and seized a large quantity of products. ""Authorities found 10 tea godowns containing adu...",2,3,new_unique_round_02_rescue_relevant_articles_only,8,ac61ee82-adfd-4cb5-a9d7-8d97e9874c41,indiatoday.in,indiatoday.in,2026-04-23,relevant,350,powder,extractor_label_drop
worth,yake,1,0.333333,9,3,0.0,0.955082,0.214286,0.375,0.360497,other_candidate,drop,outside edible-oil/adulteration domain,1,"Food adulteration racket busted in Hyderabad; oil, namkeen worth lakhs seized",https://www.indiatoday.in/cities/hyderabad/story/cyberabad-food-adulteration-raids-hyderabad-rs-64-lakh-seizure-28-arrested-2900680-2026-04-23?utm_source=rss,"Food adulteration racket busted in Hyderabad; oil, namkeen worth lakhs seized Sources revealed that the police had major success in seizing 5,026 litres of oil and 5,192 kilo...",2,3,new_unique_round_02_rescue_relevant_articles_only,8,ac61ee82-adfd-4cb5-a9d7-8d97e9874c41,indiatoday.in,indiatoday.in,2026-04-23,relevant,350,worth,extractor_label_drop
drug,yake,1,0.333333,7,3,0.0,0.966286,0.166667,0.375,0.356155,other_candidate,drop,outside edible-oil/adulteration domain,5,"Nashik Fda Cracks Down On Adulterated Food Items, Oil | Nashik News - The Times of India",https://timesofindia.indiatimes.com/city/nashik/nashik-fda-cracks-down-on-adulterated-food-items-oil/articleshow/105082876.cms,Nashik: The Food and Drug Administration (FDA) of the Nashik division has seized adulterated food items and spurious cooking oil from d...,2,3,new_unique_round_02_rescue_relevant_articles_only,8,27334840-021a-4ad7-acf5-32b3da9242c6,timesofindia.indiatimes.com,indiatimes.com,2023-11-09,relevant,635,drug,extractor_label_drop
police,yake,1,0.333333,8,2,0.0,0.960362,0.190476,0.25,0.339495,other_candidate,drop,outside edible-oil/adulteration domain,1,"Food adulteration racket busted in Hyderabad; oil, namkeen worth lakhs seized",https://www.indiatoday.in/cities/hyderabad/story/cyberabad-food-adulteration-raids-hyderabad-rs-64-lakh-seizure-28-arrested-2900680-2026-04-23?utm_source=rss,"Food adulteration racket busted in Hyderabad; oil, namkeen worth lakhs seized Sources revealed that the police had major success in seizing 5,026 litres of oil and 5,192 kilograms of wheat during the operation, which tar...",2,3,new_unique_round_02_rescue_relevant_articles_only,8,ac61ee82-adfd-4cb5-a9d7-8d97e9874c41,indiatoday.in,indiatoday.in,2026-04-23,relevant,350,police,extractor_label_drop
times,yake,1,0.333333,7,2,0.0,0.967484,0.166667,0.25,0.337704,other_candidate,drop,outside edible-oil/adulteration domain,3,"Maha govt, FDA crack down on oil manufacturers to check on adulteration",https://economictimes.indiatimes.com/industry/cons-products/food/maha-govt-fda-crack-down-on-oil-manufacturers-to-check-on-adulteration/articleshow/89178574.cms,"...er Protection Department. (Catch all the Business News, Breaking News and Latest News Updates on The Economic Times.) Subscribe to The Economic Times Prime and read the ET ePaper online. (Catch all the Business News, Breaking...",2,3,new_unique_round_02_rescue_relevant_articles_only,8,73b65d61-f75b-4ffb-b24c-4ac55b55aa40,economictimes.indiatimes.com,indiatimes.com,2022-01-28,relevant,132,time,extractor_label_drop
administration,yake,1,0.333333,7,2,0.0,0.963981,0.166667,0.25,0.336829,other_candidate,drop,outside edible-oil/adulteration domain,5,"Nashik Fda Cracks Down On Adulterated Food Items, Oil | Nashik News - The Times of India",https://timesofindia.indiatimes.com/city/nashik/nashik-fda-cracks-down-on-adulterated-food-items-oil/articleshow/105082876.cms,Nashik: The Food and Drug Administration (FDA) of the Nashik division has seized adulterated food items and spurious cooking oil from different parts...,2,3,new_unique_round_02_rescue_relevant_articles_only,8,27334840-021a-4ad7-acf5-32b3da9242c6,timesofindia.indiatimes.com,indiatimes.com,2023-11-09,relevant,635,administration,extractor_label_drop
food and drug administration,yake,1,0.333333,5,1,0.0,0.993357,0.119048,0.125,0.31828,other_candidate,drop,outside edible-oil/adulteration domain,5,"Nashik Fda Cracks Down On Adulterated Food Items, Oil | Nashik News - The Times of India",https://timesofindia.indiatimes.com/city/nashik/nashik-fda-cracks-down-on-adulterated-food-items-oil/articleshow/105082876.cms,Nashik: The Food and Drug Administration (FDA) of the Nashik division has seized adulterated food items and spurious cooking oil from different parts...,2,3,new_unique_round_02_rescue_relevant_articles_only,8,27334840-021a-4ad7-acf5-32b3da9242c6,timesofindia.indiatimes.com,indiatimes.com,2023-11-09,relevant,635,food and drug administration,extractor_label_drop
nabha,yake,1,0.333333,6,1,0.0,0.964617,0.142857,0.125,0.314666,other_candidate,drop,outside edible-oil/adulteration domain,2,Investigation into Dropsy Deaths in Nabha: New Committee Formed to Probe Tainted Edible Oil | Chandigarh News - Times of India,https://timesofindia.indiatimes.com/city/chandigarh/investigation-into-dropsy-deaths-in-nabha-new-committee-formed-to-probe-tainted-edible-oil/articleshow/115711329.cms,Patiala: The Patiala deputy commissioner has constituted a five-member committee under Nabha SDM officer to scrutinise and take forward an earlier investigation by health officials into three dropsy dea...,2,3,new_unique_round_02_rescue_relevant_articles_only,8,50a6a07a-2c71-452c-8ced-2ee1133ccfa5,timesofindia.indiatimes.com,indiatimes.com,2024-11-27,relevant,385,nabha,extractor_label_drop
food and drug,yake,1,0.333333,5,1,0.0,0.964311,0.119048,0.125,0.311018,other_candidate,drop,outside edible-oil/adulteration domain,5,"Nashik Fda Cracks Down On Adulterated Food Items, Oil | Nashik News - The Times of India",https://timesofindia.indiatimes.com/city/nashik/nashik-fda-cracks-down-on-adulterated-food-items-oil/articleshow/105082876.cms,Nashik: The Food and Drug Administration (FDA) of the Nashik division has seized adulterated food items and spurious cooking oil from d...,2,3,new_unique_round_02_rescue_relevant_articles_only,8,27334840-021a-4ad7-acf5-32b3da9242c6,timesofindia.indiatimes.com,indiatimes.com,2023-11-09,relevant,635,food and drug,extractor_label_drop
cyberabad enforcement wing,yake,1,0.333333,1,1,0.0,0.993356,0.02381,0.125,0.303994,other_candidate,drop,outside edible-oil/adulteration domain,1,"Food adulteration racket busted in Hyderabad; oil, namkeen worth lakhs seized",https://www.indiatoday.in/cities/hyderabad/story/cyberabad-food-adulteration-raids-hyderabad-rs-64-lakh-seizure-28-arrested-2900680-2026-04-23?utm_source=rss,"...at products, ice creams, and sauces. In a major crackdown on food adulteration and illegal manufacturing, the Cyberabad Enforcement Wing carried out extensive search operations from January 1 to April 21 in Hyderabad, seizing adulterated food ite...",2,3,new_unique_round_02_rescue_relevant_articles_only,8,ac61ee82-adfd-4cb5-a9d7-8d97e9874c41,indiatoday.in,indiatoday.in,2026-04-23,relevant,350,cyberabad enforcement wing,extractor_label_drop
cyberabad enforcement wing carried,yake,1,0.333333,1,1,0.0,0.992333,0.02381,0.125,0.303738,other_candidate,drop,outside edible-oil/adulteration domain,1,"Food adulteration racket busted in Hyderabad; oil, namkeen worth lakhs seized",https://www.indiatoday.in/cities/hyderabad/story/cyberabad-food-adulteration-raids-hyderabad-rs-64-lakh-seizure-28-arrested-2900680-2026-04-23?utm_source=rss,"...at products, ice creams, and sauces. In a major crackdown on food adulteration and illegal manufacturing, the Cyberabad Enforcement Wing carried out extensive search operations from January 1 to April 21 in Hyderabad, seizing adulterated food items, mach...",2,3,new_unique_round_02_rescue_relevant_articles_only,8,ac61ee82-adfd-4cb5-a9d7-8d97e9874c41,indiatoday.in,indiatoday.in,2026-04-23,relevant,350,cyberabad enforcement wing carried,extractor_label_drop
food safety team found,yake,1,0.333333,1,1,0.0,0.987717,0.02381,0.125,0.302584,enforcement/evidence,drop,non-oil food context without edible-oil signal,7,"100kg rasgullas destroyed, over 11,000 oil packs seized in pre-Holi drive | Noida News - The Times of India",https://timesofindia.indiatimes.com/city/noida/100kg-rasgullas-destroyed-over-11000-oil-packs-seized-in-pre-holi-drive/articleshow/128728715.cms,"...stant commissioner (food) Sarvesh Kumar said the action was taken at Samyak Mithaiwala in Rasulpur Nawada. ""A food safety team found rasgullas polluted and infested with mosquitoes. 1 sample from the sweets was collected and sent for laborato...",2,3,new_unique_round_02_rescue_relevant_articles_only,8,ed3cfd3b-e129-4945-88ec-d3900ed3ab50,timesofindia.indiatimes.com,indiatimes.com,2026-02-24,relevant,291,food safety team found,extractor_label_drop
quality food items,yake,1,0.333333,2,1,0.0,0.971797,0.047619,0.125,0.302175,other_candidate,drop,outside edible-oil/adulteration domain,8,"Ahead of Holi, food safety raids net unhygienic sweets, mislabelled oils in GB Nagar",https://www.hindustantimes.com/cities/noida-news/ahead-of-holi-food-safety-raids-net-unhygienic-sweets-mislabelled-oils-in-gb-nagar-101771877000656.html,"...sweets, mislabelled oils in GB Nagar The drive was carried out to ensure residents are supplied with safe and quality food items during the festive season NOIDA: Ahead of the Holi festival, Gautam Budh Nagar food safety authorities have c...",2,3,new_unique_round_02_rescue_relevant_articles_only,8,460be3b0-c095-4fcd-8507-b56356cff442,hindustantimes.com,hindustantimes.com,2026-02-24,relevant,481,quality food item,extractor_label_drop
gautam budh nagar food,yake,1,0.333333,1,1,0.0,0.974271,0.02381,0.125,0.299222,other_candidate,drop,outside edible-oil/adulteration domain,8,"Ahead of Holi, food safety raids net unhygienic sweets, mislabelled oils in GB Nagar",https://www.hindustantimes.com/cities/noida-news/ahead-of-holi-food-safety-raids-net-unhygienic-sweets-mislabelled-oils-in-gb-nagar-101771877000656.html,"...ts are supplied with safe and quality food items during the festive season NOIDA: Ahead of the Holi festival, Gautam Budh Nagar food safety authorities have come across alleged unhygiene and labelling violations during raids conducted in Noid...",2,3,new_unique_round_02_rescue_relevant_articles_only,8,460be3b0-c095-4fcd-8507-b56356cff442,hindustantimes.com,hindustantimes.com,2026-02-24,relevant,481,gautam budh nagar food,extractor_label_drop
nabha sdm nabha,yake,1,0.333333,1,1,0.0,0.974193,0.02381,0.125,0.299203,other_candidate,drop,outside edible-oil/adulteration domain,2,Investigation into Dropsy Deaths in Nabha: New Committee Formed to Probe Tainted Edible Oil | Chandigarh News - Times of India,https://timesofindia.indiatimes.com/city/chandigarh/investigation-into-dropsy-deaths-in-nabha-new-committee-formed-to-probe-tainted-edible-oil/articleshow/115711329.cms,"...took place in Nabha in Sep this year. Chief minister field officer Navdeep Singh informed that the team under Nabha SDM Nabha also comprises Nabha DSP, district epidemiologist, Patiala civil surgeon, Nabha senior medical officer and de...",2,3,new_unique_round_02_rescue_relevant_articles_only,8,50a6a07a-2c71-452c-8ced-2ee1133ccfa5,timesofindia.indiatimes.com,indiatimes.com,2024-11-27,relevant,385,nabha sdm nabha,extractor_label_drop
food safety team,yake,1,0.333333,1,1,0.0,0.967061,0.02381,0.125,0.29742,enforcement/evidence,drop,non-oil food context without edible-oil signal,7,"100kg rasgullas destroyed, over 11,000 oil packs seized in pre-Holi drive | Noida News - The Times of India",https://timesofindia.indiatimes.com/city/noida/100kg-rasgullas-destroyed-over-11000-oil-packs-seized-in-pre-holi-drive/articleshow/128728715.cms,"...stant commissioner (food) Sarvesh Kumar said the action was taken at Samyak Mithaiwala in Rasulpur Nawada. ""A food safety team found rasgullas polluted and infested with mosquitoes. 1 sample from the sweets was collected and sent for la...",2,3,new_unique_round_02_rescue_relevant_articles_only,8,ed3cfd3b-e129-4945-88ec-d3900ed3ab50,timesofindia.indiatimes.com,indiatimes.com,2026-02-24,relevant,291,food safety team,extractor_label_drop
budh nagar food,yake,1,0.333333,1,1,0.0,0.963202,0.02381,0.125,0.296455,other_candidate,drop,outside edible-oil/adulteration domain,8,"Ahead of Holi, food safety raids net unhygienic sweets, mislabelled oils in GB Nagar",https://www.hindustantimes.com/cities/noida-news/ahead-of-holi-food-safety-raids-net-unhygienic-sweets-mislabelled-oils-in-gb-nagar-101771877000656.html,"...supplied with safe and quality food items during the festive season NOIDA: Ahead of the Holi festival, Gautam Budh Nagar food safety authorities have come across alleged unhygiene and labelling violations during raids conducted in Noid...",2,3,new_unique_round_02_rescue_relevant_articles_only,8,460be3b0-c095-4fcd-8507-b56356cff442,hindustantimes.com,hindustantimes.com,2026-02-24,relevant,481,budh nagar food,extractor_label_drop
enforcement wing carried,yake,1,0.333333,1,1,0.0,0.95827,0.02381,0.125,0.295222,other_candidate,drop,outside edible-oil/adulteration domain,1,"Food adulteration racket busted in Hyderabad; oil, namkeen worth lakhs seized",https://www.indiatoday.in/cities/hyderabad/story/cyberabad-food-adulteration-raids-hyderabad-rs-64-lakh-seizure-28-arrested-2900680-2026-04-23?utm_source=rss,"...s, ice creams, and sauces. In a major crackdown on food adulteration and illegal manufacturing, the Cyberabad Enforcement Wing carried out extensive search operations from January 1 to April 21 in Hyderabad, seizing adulterated food items, mach...",2,3,new_unique_round_02_rescue_relevant_articles_only,8,ac61ee82-adfd-4cb5-a9d7-8d97e9874c41,indiatoday.in,indiatoday.in,2026-04-23,relevant,350,enforcement wing carried,extractor_label_drop
cyberabad enforcement,yake,1,0.333333,1,1,0.0,0.957609,0.02381,0.125,0.295057,other_candidate,drop,outside edible-oil/adulteration domain,1,"Food adulteration racket busted in Hyderabad; oil, namkeen worth lakhs seized",https://www.indiatoday.in/cities/hyderabad/story/cyberabad-food-adulteration-raids-hyderabad-rs-64-lakh-seizure-28-arrested-2900680-2026-04-23?utm_source=rss,"...at products, ice creams, and sauces. In a major crackdown on food adulteration and illegal manufacturing, the Cyberabad Enforcement Wing carried out extensive search operations from January 1 to April 21 in Hyderabad, seizing adulterated foo...",2,3,new_unique_round_02_rescue_relevant_articles_only,8,ac61ee82-adfd-4cb5-a9d7-8d97e9874c41,indiatoday.in,indiatoday.in,2026-04-23,relevant,350,cyberabad enforcement,extractor_label_drop
enforcement wing,yake,1,0.333333,1,1,0.0,0.957609,0.02381,0.125,0.295057,other_candidate,drop,outside edible-oil/adulteration domain,1,"Food adulteration racket busted in Hyderabad; oil, namkeen worth lakhs seized",https://www.indiatoday.in/cities/hyderabad/story/cyberabad-food-adulteration-raids-hyderabad-rs-64-lakh-seizure-28-arrested-2900680-2026-04-23?utm_source=rss,"...s, ice creams, and sauces. In a major crackdown on food adulteration and illegal manufacturing, the Cyberabad Enforcement Wing carried out extensive search operations from January 1 to April 21 in Hyderabad, seizing adulterated food ite...",2,3,new_unique_round_02_rescue_relevant_articles_only,8,ac61ee82-adfd-4cb5-a9d7-8d97e9874c41,indiatoday.in,indiatoday.in,2026-04-23,relevant,350,enforcement wing,extractor_label_drop
refined soybean,phrase_frequency; tfidf,2,0.666667,5,2,0.243659,0.0,0.119048,0.25,0.207304,other_candidate,drop,outside edible-oil/adulteration domain,7,"100kg rasgullas destroyed, over 11,000 oil packs seized in pre-Holi drive | Noida News - The Times of India",https://timesofindia.indiatimes.com/city/noida/100kg-rasgullas-destroyed-over-11000-oil-packs-seized-in-pre-holi-drive/articleshow/128728715.cms,"...provide details of the batch number of the oil being manufactured here,"" Kumar said. A total of 291 tins of refined soybean oil, 3,968 pouches of refined soybean oil and 6,995 pouches of refined palmolein oil were seized. Three sampl...",2,3,new_unique_round_02_rescue_relevant_articles_only,8,ed3cfd3b-e129-4945-88ec-d3900ed3ab50,timesofindia.indiatimes.com,indiatimes.com,2026-02-24,relevant,291,refined soybean,extractor_label_drop
activity notice,phrase_frequency; tfidf,2,0.666667,4,1,0.15148,0.0,0.095238,0.125,0.15272,other_candidate,drop,outside edible-oil/adulteration domain,5,"Nashik Fda Cracks Down On Adulterated Food Items, Oil | Nashik News - The Times of India",https://timesofindia.indiatimes.com/city/nashik/nashik-fda-cracks-down-on-adulterated-food-items-oil/articleshow/105082876.cms,"...FDA has opened a comment period and, if approved, manufacturers will have one year to comply. FDA serves stop activity notice on eatery at BKCBurn - Bar and Kitchen in Mumbai has been served a stop activity notice by the state Food and...",2,3,new_unique_round_02_rescue_relevant_articles_only,8,27334840-021a-4ad7-acf5-32b3da9242c6,timesofindia.indiatimes.com,indiatimes.com,2023-11-09,relevant,635,activity notice,extractor_label_drop
stop activity,phrase_frequency; tfidf,2,0.666667,4,1,0.15148,0.0,0.095238,0.125,0.15272,other_candidate,drop,outside edible-oil/adulteration domain,5,"Nashik Fda Cracks Down On Adulterated Food Items, Oil | Nashik News - The Times of India",https://timesofindia.indiatimes.com/city/nashik/nashik-fda-cracks-down-on-adulterated-food-items-oil/articleshow/105082876.cms,"...The FDA has opened a comment period and, if approved, manufacturers will have one year to comply. FDA serves stop activity notice on eatery at BKCBurn - Bar and Kitchen in Mumbai has been served a stop activity notice by the state F...",2,3,new_unique_round_02_rescue_relevant_articles_only,8,27334840-021a-4ad7-acf5-32b3da9242c6,timesofindia.indiatimes.com,indiatimes.com,2023-11-09,relevant,635,stop activity,extractor_label_drop
stop activity notice,phrase_frequency; tfidf,2,0.666667,4,1,0.15148,0.0,0.095238,0.125,0.15272,other_candidate,drop,outside edible-oil/adulteration domain,5,"Nashik Fda Cracks Down On Adulterated Food Items, Oil | Nashik News - The Times of India",https://timesofindia.indiatimes.com/city/nashik/nashik-fda-cracks-down-on-adulterated-food-items-oil/articleshow/105082876.cms,"...The FDA has opened a comment period and, if approved, manufacturers will have one year to comply. FDA serves stop activity notice on eatery at BKCBurn - Bar and Kitchen in Mumbai has been served a stop activity notice by the state Food and...",2,3,new_unique_round_02_rescue_relevant_articles_only,8,27334840-021a-4ad7-acf5-32b3da9242c6,timesofindia.indiatimes.com,indiatimes.com,2023-11-09,relevant,635,stop activity notice,extractor_label_drop
ginger-garlic paste,phrase_frequency; tfidf,2,0.666667,3,1,0.154829,0.0,0.071429,0.125,0.150321,other_candidate,drop,outside edible-oil/adulteration domain,1,"Food adulteration racket busted in Hyderabad; oil, namkeen worth lakhs seized",https://www.indiatoday.in/cities/hyderabad/story/cyberabad-food-adulteration-raids-hyderabad-rs-64-lakh-seizure-28-arrested-2900680-2026-04-23?utm_source=rss,"...ch targeted a wide range of items, including bakery products, sweets, salty snacks, edible oils, wheat flour, ginger-garlic paste, meat products, ice creams, and sauces. In a major crackdown on food adulteration and illegal manufacturing,...",2,3,new_unique_round_02_rescue_relevant_articles_only,8,ac61ee82-adfd-4cb5-a9d7-8d97e9874c41,indiatoday.in,indiatoday.in,2026-04-23,relevant,350,ginger garlic paste,extractor_label_drop
seizing,phrase_frequency; tfidf,2,0.666667,3,1,0.154829,0.0,0.071429,0.125,0.150321,other_candidate,drop,low score or outside edible-oil/adulteration scope,1,"Food adulteration racket busted in Hyderabad; oil, namkeen worth lakhs seized",https://www.indiatoday.in/cities/hyderabad/story/cyberabad-food-adulteration-raids-hyderabad-rs-64-lakh-seizure-28-arrested-2900680-2026-04-23?utm_source=rss,"...et busted in Hyderabad; oil, namkeen worth lakhs seized Sources revealed that the police had major success in seizing 5,026 litres of oil and 5,192 kilograms of wheat during the operation, which targeted a wide range of items,...",2,3,new_unique_round_02_rescue_relevant_articles_only,8,ac61ee82-adfd-4cb5-a9d7-8d97e9874c41,indiatoday.in,indiatoday.in,2026-04-23,relevant,350,seizing,extractor_label_drop
tea powder,phrase_frequency; tfidf,2,0.666667,3,1,0.154829,0.0,0.071429,0.125,0.150321,other_candidate,drop,non-oil food context without edible-oil signal,1,"Food adulteration racket busted in Hyderabad; oil, namkeen worth lakhs seized",https://www.indiatoday.in/cities/hyderabad/story/cyberabad-food-adulteration-raids-hyderabad-rs-64-lakh-seizure-28-arrested-2900680-2026-04-23?utm_source=rss,"...ty of products. ""Authorities found 10 tea godowns containing adulterated stock. Around 3000 kg of adulterated tea powder, 1500 kg of expired tea powder, and synthetic colour and jaggery items were seized. Hyderabad, known for its...",2,3,new_unique_round_02_rescue_relevant_articles_only,8,ac61ee82-adfd-4cb5-a9d7-8d97e9874c41,indiatoday.in,indiatoday.in,2026-04-23,relevant,350,tea powder,extractor_label_drop
loose sale,tfidf,1,0.333333,2,1,0.195805,0.0,0.047619,0.125,0.127758,other_candidate,drop,outside edible-oil/adulteration domain,4,"Mustard, Palm Olein Oil Worth â¹7.7l Seized | Kanpur News - Times of India",https://timesofindia.indiatimes.com/city/kanpur/mustard-palm-olein-oil-worth-7-7l-seized/articleshow/95000423.cms,"...nal city magistrate first from Shanti Niketan Kidwai Nagar. Around 204 litre of mustard oil was collected for loose sale, 1000 liters of rice bran oil for loose sale, and 2500kg of Palmolein were seized by the department. Samples...",2,3,new_unique_round_02_rescue_relevant_articles_only,8,f66bdd6f-22cb-438f-9381-21a2ca567634,timesofindia.indiatimes.com,indiatimes.com,2022-10-21,relevant,145,loose sale,extractor_label_drop
epaper online,tfidf,1,0.333333,2,1,0.188251,0.0,0.047619,0.125,0.125114,other_candidate,drop,outside edible-oil/adulteration domain,3,"Maha govt, FDA crack down on oil manufacturers to check on adulteration",https://economictimes.indiatimes.com/industry/cons-products/food/maha-govt-fda-crack-down-on-oil-manufacturers-to-check-on-adulteration/articleshow/89178574.cms,"...ng News and Latest News Updates on The Economic Times.) Subscribe to The Economic Times Prime and read the ET ePaper online. (Catch all the Business News, Breaking News and Latest News Updates on The Economic Times.) Subscribe to The...",2,3,new_unique_round_02_rescue_relevant_articles_only,8,73b65d61-f75b-4ffb-b24c-4ac55b55aa40,economictimes.indiatimes.com,indiatimes.com,2022-01-28,relevant,132,epaper online,extractor_label_drop
et epaper,tfidf,1,0.333333,2,1,0.188251,0.0,0.047619,0.125,0.125114,other_candidate,drop,outside edible-oil/adulteration domain,3,"Maha govt, FDA crack down on oil manufacturers to check on adulteration",https://economictimes.indiatimes.com/industry/cons-products/food/maha-govt-fda-crack-down-on-oil-manufacturers-to-check-on-adulteration/articleshow/89178574.cms,"...aking News and Latest News Updates on The Economic Times.) Subscribe to The Economic Times Prime and read the ET ePaper online. (Catch all the Business News, Breaking News and Latest News Updates on The Economic Times.) Subscribe...",2,3,new_unique_round_02_rescue_relevant_articles_only,8,73b65d61-f75b-4ffb-b24c-4ac55b55aa40,economictimes.indiatimes.com,indiatimes.com,2022-01-28,relevant,132,et epaper,extractor_label_drop
et epaper online,tfidf,1,0.333333,2,1,0.188251,0.0,0.047619,0.125,0.125114,other_candidate,drop,outside edible-oil/adulteration domain,3,"Maha govt, FDA crack down on oil manufacturers to check on adulteration",https://economictimes.indiatimes.com/industry/cons-products/food/maha-govt-fda-crack-down-on-oil-manufacturers-to-check-on-adulteration/articleshow/89178574.cms,"...aking News and Latest News Updates on The Economic Times.) Subscribe to The Economic Times Prime and read the ET ePaper online. (Catch all the Business News, Breaking News and Latest News Updates on The Economic Times.) Subscribe to The...",2,3,new_unique_round_02_rescue_relevant_articles_only,8,73b65d61-f75b-4ffb-b24c-4ac55b55aa40,economictimes.indiatimes.com,indiatimes.com,2022-01-28,relevant,132,et epaper online,extractor_label_drop
times prime,tfidf,1,0.333333,2,1,0.188251,0.0,0.047619,0.125,0.125114,other_candidate,drop,outside edible-oil/adulteration domain,3,"Maha govt, FDA crack down on oil manufacturers to check on adulteration",https://economictimes.indiatimes.com/industry/cons-products/food/maha-govt-fda-crack-down-on-oil-manufacturers-to-check-on-adulteration/articleshow/89178574.cms,"...ll the Business News, Breaking News and Latest News Updates on The Economic Times.) Subscribe to The Economic Times Prime and read the ET ePaper online. (Catch all the Business News, Breaking News and Latest News Updates on The Eco...",2,3,new_unique_round_02_rescue_relevant_articles_only,8,73b65d61-f75b-4ffb-b24c-4ac55b55aa40,economictimes.indiatimes.com,indiatimes.com,2022-01-28,relevant,132,time prime,extractor_label_drop
articles recently,phrase_frequency,1,0.333333,3,3,0.0,0.0,0.071429,0.375,0.100298,other_candidate,drop,outside edible-oil/adulteration domain,2,Investigation into Dropsy Deaths in Nabha: New Committee Formed to Probe Tainted Edible Oil | Chandigarh News - Times of India,https://timesofindia.indiatimes.com/city/chandigarh/investigation-into-dropsy-deaths-in-nabha-new-committee-formed-to-probe-tainted-edible-oil/articleshow/115711329.cms,"...y member, a 50-year-old woman, was admitted to PGI hospital in late Sept. tnn We also published the following articles recently Constitution Day: Who were members of drafting committee of India's ConstitutionIndia celebrates Constitution...",2,3,new_unique_round_02_rescue_relevant_articles_only,8,50a6a07a-2c71-452c-8ced-2ee1133ccfa5,timesofindia.indiatimes.com,indiatimes.com,2024-11-27,relevant,385,article recently,extractor_label_drop
following articles,phrase_frequency,1,0.333333,3,3,0.0,0.0,0.071429,0.375,0.100298,other_candidate,drop,outside edible-oil/adulteration domain,2,Investigation into Dropsy Deaths in Nabha: New Committee Formed to Probe Tainted Edible Oil | Chandigarh News - Times of India,https://timesofindia.indiatimes.com/city/chandigarh/investigation-into-dropsy-deaths-in-nabha-new-committee-formed-to-probe-tainted-edible-oil/articleshow/115711329.cms,"...ther family member, a 50-year-old woman, was admitted to PGI hospital in late Sept. tnn We also published the following articles recently Constitution Day: Who were members of drafting committee of India's ConstitutionIndia celebrates Con...",2,3,new_unique_round_02_rescue_relevant_articles_only,8,50a6a07a-2c71-452c-8ced-2ee1133ccfa5,timesofindia.indiatimes.com,indiatimes.com,2024-11-27,relevant,385,following article,extractor_label_drop
following articles recently,phrase_frequency,1,0.333333,3,3,0.0,0.0,0.071429,0.375,0.100298,other_candidate,drop,outside edible-oil/adulteration domain,2,Investigation into Dropsy Deaths in Nabha: New Committee Formed to Probe Tainted Edible Oil | Chandigarh News - Times of India,https://timesofindia.indiatimes.com/city/chandigarh/investigation-into-dropsy-deaths-in-nabha-new-committee-formed-to-probe-tainted-edible-oil/articleshow/115711329.cms,"...ther family member, a 50-year-old woman, was admitted to PGI hospital in late Sept. tnn We also published the following articles recently Constitution Day: Who were members of drafting committee of India's ConstitutionIndia celebrates Constitution...",2,3,new_unique_round_02_rescue_relevant_articles_only,8,50a6a07a-2c71-452c-8ced-2ee1133ccfa5,timesofindia.indiatimes.com,indiatimes.com,2024-11-27,relevant,385,following article recently,extractor_label_drop
industrial area,phrase_frequency,1,0.333333,3,3,0.0,0.0,0.071429,0.375,0.100298,other_candidate,drop,outside edible-oil/adulteration domain,6,"Over 12,000 litre of âspuriousâ oil seized | Jaipur News - Times of India",https://timesofindia.indiatimes.com/city/jaipur/over-12000-litre-of-spurious-oil-seized/articleshow/110316417.cms,"...(CMHO) Ashok Yadav was informed about the action. Subsequently, the CMHO of Tonk reached the factory in Niwai Industrial Area and seized approximately 6,000 litre of Ranthambore brand Kacchi Ghani oil. Food safety officer Suresh Kumar...",2,3,new_unique_round_02_rescue_relevant_articles_only,8,944ebc0e-5af0-4d5f-96cd-1a0080566898,timesofindia.indiatimes.com,indiatimes.com,2024-05-22,relevant,317,industrial area,extractor_label_drop
synthetic food,phrase_frequency,1,0.333333,2,2,0.0,0.0,0.047619,0.25,0.077976,other_candidate,drop,outside edible-oil/adulteration domain,1,"Food adulteration racket busted in Hyderabad; oil, namkeen worth lakhs seized",https://www.indiatoday.in/cities/hyderabad/story/cyberabad-food-adulteration-raids-hyderabad-rs-64-lakh-seizure-28-arrested-2900680-2026-04-23?utm_source=rss,"...oducts, ice creams, and sauces. Several units that came under the scanner allegedly used expired ingredients, synthetic food colours, and hazardous chemicals. Many establishments were found operating in highly unhygienic conditions wi...",2,3,new_unique_round_02_rescue_relevant_articles_only,8,ac61ee82-adfd-4cb5-a9d7-8d97e9874c41,indiatoday.in,indiatoday.in,2026-04-23,relevant,350,synthetic food,extractor_label_drop
milk powder,phrase_frequency,1,0.333333,3,1,0.0,0.0,0.071429,0.125,0.062798,other_candidate,drop,non-oil food context without edible-oil signal,5,"Nashik Fda Cracks Down On Adulterated Food Items, Oil | Nashik News - The Times of India",https://timesofindia.indiatimes.com/city/nashik/nashik-fda-cracks-down-on-adulterated-food-items-oil/articleshow/105082876.cms,"...ulterated. On October 10, the FDA raided a house in Sinnar and found a man adulterating milk with the help of milk powder and colourless liquid. The FDA found 18 kg of dairy milk powder, 34 kg of milk powder and 170 litres of colou...",2,3,new_unique_round_02_rescue_relevant_articles_only,8,27334840-021a-4ad7-acf5-32b3da9242c6,timesofindia.indiatimes.com,indiatimes.com,2023-11-09,relevant,635,milk powder,extractor_label_drop
adulterated tea,phrase_frequency,1,0.333333,2,1,0.0,0.0,0.047619,0.125,0.059226,adulteration/fraud,drop,non-oil food context without edible-oil signal,1,"Food adulteration racket busted in Hyderabad; oil, namkeen worth lakhs seized",https://www.indiatoday.in/cities/hyderabad/story/cyberabad-food-adulteration-raids-hyderabad-rs-64-lakh-seizure-28-arrested-2900680-2026-04-23?utm_source=rss,"...large quantity of products. ""Authorities found 10 tea godowns containing adulterated stock. Around 3000 kg of adulterated tea powder, 1500 kg of expired tea powder, and synthetic colour and jaggery items were seized. Hyderabad, known f...",2,3,new_unique_round_02_rescue_relevant_articles_only,8,ac61ee82-adfd-4cb5-a9d7-8d97e9874c41,indiatoday.in,indiatoday.in,2026-04-23,relevant,350,adulterated tea,extractor_label_drop
adulteration racket,phrase_frequency,1,0.333333,2,1,0.0,0.0,0.047619,0.125,0.059226,adulteration/fraud,drop,weak domain term below threshold,1,"Food adulteration racket busted in Hyderabad; oil, namkeen worth lakhs seized",https://www.indiatoday.in/cities/hyderabad/story/cyberabad-food-adulteration-raids-hyderabad-rs-64-lakh-seizure-28-arrested-2900680-2026-04-23?utm_source=rss,"Food adulteration racket busted in Hyderabad; oil, namkeen worth lakhs seized Sources revealed that the police had major success in se...",2,3,new_unique_round_02_rescue_relevant_articles_only,8,ac61ee82-adfd-4cb5-a9d7-8d97e9874c41,indiatoday.in,indiatoday.in,2026-04-23,relevant,350,adulteration racket,extractor_label_drop
bakery products,phrase_frequency,1,0.333333,2,1,0.0,0.0,0.047619,0.125,0.059226,other_candidate,drop,non-oil food context without edible-oil signal,1,"Food adulteration racket busted in Hyderabad; oil, namkeen worth lakhs seized",https://www.indiatoday.in/cities/hyderabad/story/cyberabad-food-adulteration-raids-hyderabad-rs-64-lakh-seizure-28-arrested-2900680-2026-04-23?utm_source=rss,"...res of oil and 5,192 kilograms of wheat during the operation, which targeted a wide range of items, including bakery products, sweets, salty snacks, edible oils, wheat flour, ginger-garlic paste, meat products, ice creams, and sauces....",2,3,new_unique_round_02_rescue_relevant_articles_only,8,ac61ee82-adfd-4cb5-a9d7-8d97e9874c41,indiatoday.in,indiatoday.in,2026-04-23,relevant,350,bakery product,extractor_label_drop
expired tea,phrase_frequency,1,0.333333,2,1,0.0,0.0,0.047619,0.125,0.059226,other_candidate,drop,non-oil food context without edible-oil signal,1,"Food adulteration racket busted in Hyderabad; oil, namkeen worth lakhs seized",https://www.indiatoday.in/cities/hyderabad/story/cyberabad-food-adulteration-raids-hyderabad-rs-64-lakh-seizure-28-arrested-2900680-2026-04-23?utm_source=rss,"...ities found 10 tea godowns containing adulterated stock. Around 3000 kg of adulterated tea powder, 1500 kg of expired tea powder, and synthetic colour and jaggery items were seized. Hyderabad, known for its tea culture, is facing a...",2,3,new_unique_round_02_rescue_relevant_articles_only,8,ac61ee82-adfd-4cb5-a9d7-8d97e9874c41,indiatoday.in,indiatoday.in,2026-04-23,relevant,350,expired tea,extractor_label_drop
ice creams,phrase_frequency,1,0.333333,2,1,0.0,0.0,0.047619,0.125,0.059226,other_candidate,drop,non-oil food context without edible-oil signal,1,"Food adulteration racket busted in Hyderabad; oil, namkeen worth lakhs seized",https://www.indiatoday.in/cities/hyderabad/story/cyberabad-food-adulteration-raids-hyderabad-rs-64-lakh-seizure-28-arrested-2900680-2026-04-23?utm_source=rss,"...ncluding bakery products, sweets, salty snacks, edible oils, wheat flour, ginger-garlic paste, meat products, ice creams, and sauces. In a major crackdown on food adulteration and illegal manufacturing, the Cyberabad Enforcement W...",2,3,new_unique_round_02_rescue_relevant_articles_only,8,ac61ee82-adfd-4cb5-a9d7-8d97e9874c41,indiatoday.in,indiatoday.in,2026-04-23,relevant,350,ice cream,extractor_label_drop
including bakery,phrase_frequency,1,0.333333,2,1,0.0,0.0,0.047619,0.125,0.059226,other_candidate,drop,non-oil food context without edible-oil signal,1,"Food adulteration racket busted in Hyderabad; oil, namkeen worth lakhs seized",https://www.indiatoday.in/cities/hyderabad/story/cyberabad-food-adulteration-raids-hyderabad-rs-64-lakh-seizure-28-arrested-2900680-2026-04-23?utm_source=rss,"...5,026 litres of oil and 5,192 kilograms of wheat during the operation, which targeted a wide range of items, including bakery products, sweets, salty snacks, edible oils, wheat flour, ginger-garlic paste, meat products, ice creams, and...",2,3,new_unique_round_02_rescue_relevant_articles_only,8,ac61ee82-adfd-4cb5-a9d7-8d97e9874c41,indiatoday.in,indiatoday.in,2026-04-23,relevant,350,including bakery,extractor_label_drop
including bakery products,phrase_frequency,1,0.333333,2,1,0.0,0.0,0.047619,0.125,0.059226,other_candidate,drop,non-oil food context without edible-oil signal,1,"Food adulteration racket busted in Hyderabad; oil, namkeen worth lakhs seized",https://www.indiatoday.in/cities/hyderabad/story/cyberabad-food-adulteration-raids-hyderabad-rs-64-lakh-seizure-28-arrested-2900680-2026-04-23?utm_source=rss,"...5,026 litres of oil and 5,192 kilograms of wheat during the operation, which targeted a wide range of items, including bakery products, sweets, salty snacks, edible oils, wheat flour, ginger-garlic paste, meat products, ice creams, and sauces....",2,3,new_unique_round_02_rescue_relevant_articles_only,8,ac61ee82-adfd-4cb5-a9d7-8d97e9874c41,indiatoday.in,indiatoday.in,2026-04-23,relevant,350,including bakery product,extractor_label_drop
major success,phrase_frequency,1,0.333333,2,1,0.0,0.0,0.047619,0.125,0.059226,other_candidate,drop,outside edible-oil/adulteration domain,1,"Food adulteration racket busted in Hyderabad; oil, namkeen worth lakhs seized",https://www.indiatoday.in/cities/hyderabad/story/cyberabad-food-adulteration-raids-hyderabad-rs-64-lakh-seizure-28-arrested-2900680-2026-04-23?utm_source=rss,"...adulteration racket busted in Hyderabad; oil, namkeen worth lakhs seized Sources revealed that the police had major success in seizing 5,026 litres of oil and 5,192 kilograms of wheat during the operation, which targeted a wide range...",2,3,new_unique_round_02_rescue_relevant_articles_only,8,ac61ee82-adfd-4cb5-a9d7-8d97e9874c41,indiatoday.in,indiatoday.in,2026-04-23,relevant,350,major success,extractor_label_drop
meat products,phrase_frequency,1,0.333333,2,1,0.0,0.0,0.047619,0.125,0.059226,other_candidate,drop,non-oil food context without edible-oil signal,1,"Food adulteration racket busted in Hyderabad; oil, namkeen worth lakhs seized",https://www.indiatoday.in/cities/hyderabad/story/cyberabad-food-adulteration-raids-hyderabad-rs-64-lakh-seizure-28-arrested-2900680-2026-04-23?utm_source=rss,"...nge of items, including bakery products, sweets, salty snacks, edible oils, wheat flour, ginger-garlic paste, meat products, ice creams, and sauces. In a major crackdown on food adulteration and illegal manufacturing, the Cyberabad E...",2,3,new_unique_round_02_rescue_relevant_articles_only,8,ac61ee82-adfd-4cb5-a9d7-8d97e9874c41,indiatoday.in,indiatoday.in,2026-04-23,relevant,350,meat product,extractor_label_drop
salty snacks,phrase_frequency,1,0.333333,2,1,0.0,0.0,0.047619,0.125,0.059226,other_candidate,drop,outside edible-oil/adulteration domain,1,"Food adulteration racket busted in Hyderabad; oil, namkeen worth lakhs seized",https://www.indiatoday.in/cities/hyderabad/story/cyberabad-food-adulteration-raids-hyderabad-rs-64-lakh-seizure-28-arrested-2900680-2026-04-23?utm_source=rss,"...grams of wheat during the operation, which targeted a wide range of items, including bakery products, sweets, salty snacks, edible oils, wheat flour, ginger-garlic paste, meat products, ice creams, and sauces. In a major crackdown o...",2,3,new_unique_round_02_rescue_relevant_articles_only,8,ac61ee82-adfd-4cb5-a9d7-8d97e9874c41,indiatoday.in,indiatoday.in,2026-04-23,relevant,350,salty snack,extractor_label_drop
wide range,phrase_frequency,1,0.333333,2,1,0.0,0.0,0.047619,0.125,0.059226,other_candidate,drop,outside edible-oil/adulteration domain,1,"Food adulteration racket busted in Hyderabad; oil, namkeen worth lakhs seized",https://www.indiatoday.in/cities/hyderabad/story/cyberabad-food-adulteration-raids-hyderabad-rs-64-lakh-seizure-28-arrested-2900680-2026-04-23?utm_source=rss,"...or success in seizing 5,026 litres of oil and 5,192 kilograms of wheat during the operation, which targeted a wide range of items, including bakery products, sweets, salty snacks, edible oils, wheat flour, ginger-garlic paste, mea...",2,3,new_unique_round_02_rescue_relevant_articles_only,8,ac61ee82-adfd-4cb5-a9d7-8d97e9874c41,indiatoday.in,indiatoday.in,2026-04-23,relevant,350,wide range,extractor_label_drop
oils in gb nagar,yake,1,0.333333,1,1,0.0,0.0,0.02381,0.125,0.055655,other_candidate,drop,low score or outside edible-oil/adulteration scope,8,"Ahead of Holi, food safety raids net unhygienic sweets, mislabelled oils in GB Nagar",https://www.hindustantimes.com/cities/noida-news/ahead-of-holi-food-safety-raids-net-unhygienic-sweets-mislabelled-oils-in-gb-nagar-101771877000656.html,"Ahead of Holi, food safety raids net unhygienic sweets, mislabelled oils in GB Nagar The drive was carried out to ensure residents are supplied with safe and quality food items during the festiv...",2,3,new_unique_round_02_rescue_relevant_articles_only,8,460be3b0-c095-4fcd-8507-b56356cff442,hindustantimes.com,hindustantimes.com,2026-02-24,relevant,481,oil in gb nagar,extractor_label_drop
seized large,phrase_frequency,1,0.333333,1,1,0.0,0.0,0.02381,0.125,0.055655,enforcement/evidence,drop,weak domain term below threshold,8,"Ahead of Holi, food safety raids net unhygienic sweets, mislabelled oils in GB Nagar",https://www.hindustantimes.com/cities/noida-news/ahead-of-holi-food-safety-raids-net-unhygienic-sweets-mislabelled-oils-in-gb-nagar-101771877000656.html,"...belling violations during raids conducted in Noida and Greater Noida on Sunday, as they collected samples and seized large quantities of sweets and edible oils, officials said on Monday as they intensified inspections. The drive was...",2,3,new_unique_round_02_rescue_relevant_articles_only,8,460be3b0-c095-4fcd-8507-b56356cff442,hindustantimes.com,hindustantimes.com,2026-02-24,relevant,481,seized large,extractor_label_drop
served stop,phrase_frequency,1,0.333333,1,1,0.0,0.0,0.02381,0.125,0.055655,other_candidate,drop,outside edible-oil/adulteration domain,5,"Nashik Fda Cracks Down On Adulterated Food Items, Oil | Nashik News - The Times of India",https://timesofindia.indiatimes.com/city/nashik/nashik-fda-cracks-down-on-adulterated-food-items-oil/articleshow/105082876.cms,...d water analysis reports. An FDA team will visit the establishment again to ensure compliance. BKC restaurant served stop activity notice by Maharashtra FDAThe Burn-Bar and Kitchen in Mumbai has been served a stop activity notice b...,2,3,new_unique_round_02_rescue_relevant_articles_only,8,27334840-021a-4ad7-acf5-32b3da9242c6,timesofindia.indiatimes.com,indiatimes.com,2023-11-09,relevant,635,served stop,extractor_label_drop
served stop activity,phrase_frequency,1,0.333333,1,1,0.0,0.0,0.02381,0.125,0.055655,other_candidate,drop,outside edible-oil/adulteration domain,5,"Nashik Fda Cracks Down On Adulterated Food Items, Oil | Nashik News - The Times of India",https://timesofindia.indiatimes.com/city/nashik/nashik-fda-cracks-down-on-adulterated-food-items-oil/articleshow/105082876.cms,...d water analysis reports. An FDA team will visit the establishment again to ensure compliance. BKC restaurant served stop activity notice by Maharashtra FDAThe Burn-Bar and Kitchen in Mumbai has been served a stop activity notice by the sta...,2,3,new_unique_round_02_rescue_relevant_articles_only,8,27334840-021a-4ad7-acf5-32b3da9242c6,timesofindia.indiatimes.com,indiatimes.com,2023-11-09,relevant,635,served stop activity,extractor_label_drop
served stop activity notice,phrase_frequency,1,0.333333,1,1,0.0,0.0,0.02381,0.125,0.055655,other_candidate,drop,outside edible-oil/adulteration domain,5,"Nashik Fda Cracks Down On Adulterated Food Items, Oil | Nashik News - The Times of India",https://timesofindia.indiatimes.com/city/nashik/nashik-fda-cracks-down-on-adulterated-food-items-oil/articleshow/105082876.cms,...d water analysis reports. An FDA team will visit the establishment again to ensure compliance. BKC restaurant served stop activity notice by Maharashtra FDAThe Burn-Bar and Kitchen in Mumbai has been served a stop activity notice by the state Food...,2,3,new_unique_round_02_rescue_relevant_articles_only,8,27334840-021a-4ad7-acf5-32b3da9242c6,timesofindia.indiatimes.com,indiatimes.com,2023-11-09,relevant,635,served stop activity notice,extractor_label_drop
sources revealed,phrase_frequency,1,0.333333,1,1,0.0,0.0,0.02381,0.125,0.055655,other_candidate,drop,boilerplate or incomplete phrase,1,"Food adulteration racket busted in Hyderabad; oil, namkeen worth lakhs seized",https://www.indiatoday.in/cities/hyderabad/story/cyberabad-food-adulteration-raids-hyderabad-rs-64-lakh-seizure-28-arrested-2900680-2026-04-23?utm_source=rss,"Food adulteration racket busted in Hyderabad; oil, namkeen worth lakhs seized Sources revealed that the police had major success in seizing 5,026 litres of oil and 5,192 kilograms of wheat during the oper...",2,3,new_unique_round_02_rescue_relevant_articles_only,8,ac61ee82-adfd-4cb5-a9d7-8d97e9874c41,indiatoday.in,indiatoday.in,2026-04-23,relevant,350,source revealed,extractor_label_drop
