not_candidate,risk_flag,irrelevant_category,irrelevant_review_label,irrelevant_composite_score,irrelevant_document_frequency,irrelevant_total_frequency,positive_exact_kept,positive_overlap_terms,example_irrelevant_title,example_context
acetic acid,possible_not_candidate,other_junk,drop,0.306664,2,10,0,,"Paneer adulterated with vegetable oil, FDA collects samples | Noida News - Times of India","...e unadulterated paneer was made by mixing milk powder and water, which is further curdled with lime juice and acetic acid. Then, vegetable oil was added to make it appear creamy and glossy. We also published the following articles..."
vegetable,possible_not_candidate,other_junk,drop,0.296493,3,10,0,,"Paneer adulterated with vegetable oil, FDA collects samples | Noida News - Times of India","NOIDA: A Greater Noida resident claimed a block of paneer he bought from a local store was laced with vegetable oil â a commonly used as adulterant to keep cottage cheese soft for long. Gaurav Kumar Yadav, a resident of..."
per cent,possible_not_candidate,other_junk,drop,0.251977,1,24,0,,"Virender Sardana: ‘Ban on blending of mustard oil will benefit farmers, lead to more production of healthier alternative’",...f cardiovascular diseases. WHO recommends that the total consumption of saturated fats should be less than 10 per cent of total energy intake. The MUFA acts as a cholesterol scavenger and generates high density lipoprotein (HDL/...
fatty acids,possible_not_candidate,other_junk,drop,0.223127,1,9,0,,"Virender Sardana: ‘Ban on blending of mustard oil will benefit farmers, lead to more production of healthier alternative’","...any oil is determined by its fatty acid composition, which differs from oil to oil. There are three types of fatty acids in any oil including saturated fatty acids (SFAs), mono-unsaturated fatty acids (MUFAs) and polyunsaturated f..."
erucic acid,possible_not_candidate,other_junk,drop,0.209802,1,7,0,,"Virender Sardana: ‘Ban on blending of mustard oil will benefit farmers, lead to more production of healthier alternative’","...unsaturated fatty acids) and low proportion of omega 9. Regular consumption of oil with more than 20 per cent erucic acid in the diet can cause thickening of arteries, which may lead to diseases like myocardial fibrosis in adults a..."
acid,possible_not_candidate,other_junk,drop,0.196747,3,23,0,,"Paneer adulterated with vegetable oil, FDA collects samples | Noida News - Times of India","...lterated paneer was made by mixing milk powder and water, which is further curdled with lime juice and acetic acid. Then, vegetable oil was added to make it appear creamy and glossy. We also published the following articles..."
paneer,possible_not_candidate,other_junk,drop,0.191608,3,20,0,,"Paneer adulterated with vegetable oil, FDA collects samples | Noida News - Times of India",NOIDA: A Greater Noida resident claimed a block of paneer he bought from a local store was laced with vegetable oil â a commonly used as adulterant to keep cottage che...
consumption,possible_not_candidate,other_junk,drop,0.18295,3,15,0,,"Paneer adulterated with vegetable oil, FDA collects samples | Noida News - Times of India","...ulterated food products have entered the markets. In March, six samples of paneer were found to be unsafe for consumption. As per reports, the unadulterated paneer was made by mixing milk powder and water, which is further curdled..."
high,possible_not_candidate,other_junk,drop,0.173701,3,10,0,,"Paneer adulterated with vegetable oil, FDA collects samples | Noida News - Times of India","...Mustard oil, derived from mustard seeds, has been a staple in Indian cuisine, known for its strong flavor and high smoke point. Recently, olive oil, with its health benefits and Mediterranean origins, has gained popularity...."
ban,possible_not_candidate,other_junk,manual_review,0.169983,2,4,0,,"Virender Sardana: ‘Ban on blending of mustard oil will benefit farmers, lead to more production of healthier alternative’","Virender Sardana: ‘Ban on blending of mustard oil will benefit farmers, lead to more production of healthier alternative’ Experts se..."
social media,possible_not_candidate,other_junk,drop,0.16936,2,3,0,,"Paneer adulterated with vegetable oil, FDA collects samples | Noida News - Times of India","...ng,â he said. Yadav also posted a video of the adulterated paneer on X, which was shared several times on the social media platform on Tuesday. âI came to know that this paneer was manufactured in Agra. Later, when I called the spo..."
large quantities,possible_not_candidate,other_junk,drop,0.164928,2,2,0,,1500 kg paneer adulterated with palm oil and acetic acid seized in this city - The Times of India,"...ieved, raw materials and chemicals being used for the manufacturing of the fake paneer including adulterants, large quantities of palm oil and industrial grade acetic acid were seized during the raid. What is Palm Oil? Palm oil is a typ..."
india,possible_not_candidate,other_junk,manual_review,0.148161,2,12,0,,"Paneer adulterated with vegetable oil, FDA collects samples | Noida News - Times of India",...uction of healthier alternative’ Experts see the FSSAI’s decision as a big opportunity for mustard growers in India and replacing traditional rapeseed-mustard oil varieties with Canola rapeseed-mustard to provide a healthy oi...
canola,possible_not_candidate,other_junk,drop,0.145095,1,28,0,,"Virender Sardana: ‘Ban on blending of mustard oil will benefit farmers, lead to more production of healthier alternative’",...a big opportunity for mustard growers in India and replacing traditional rapeseed-mustard oil varieties with Canola rapeseed-mustard to provide a healthy oil for human consumption and decrease India's dependence on oil import...
acetic,possible_not_candidate,other_junk,drop,0.143998,2,10,0,,"Paneer adulterated with vegetable oil, FDA collects samples | Noida News - Times of India","...e unadulterated paneer was made by mixing milk powder and water, which is further curdled with lime juice and acetic acid. Then, vegetable oil was added to make it appear creamy and glossy. We also published the following art..."
fats,possible_not_candidate,other_junk,drop,0.143433,2,10,0,,1500 kg paneer adulterated with palm oil and acetic acid seized in this city - The Times of India,"...one but can have negative effects on health. Risk of heart disease: Palm oil is said to be high in saturated fats, which can raise LDL (bad) cholesterol levels. This may increase the risk of heart disease and stroke if cons..."
indian,possible_not_candidate,other_junk,drop,0.140649,2,8,0,,"Paneer adulterated with vegetable oil, FDA collects samples | Noida News - Times of India","...ed. How is olive oil different from mustard oil?Mustard oil, derived from mustard seeds, has been a staple in Indian cuisine, known for its strong flavor and high smoke point. Recently, olive oil, with its health benefits and..."
cent,possible_not_candidate,other_junk,drop,0.138396,1,24,0,,"Paneer adulterated with vegetable oil, FDA collects samples | Noida News - Times of India",...rdiovascular diseases. WHO recommends that the total consumption of saturated fats should be less than 10 per cent of total energy intake. The MUFA acts as a cholesterol scavenger and generates high density lipoprotein (HDL/...
canola quality,possible_not_candidate,other_junk,drop,0.13709,1,4,0,,"Virender Sardana: ‘Ban on blending of mustard oil will benefit farmers, lead to more production of healthier alternative’",...strial purposes. They do not allow consumption of rapeseed-mustard oil with more than 2 per cent erucic acid. Canola quality rapeseed-mustard cultivars make the meal much safer for dairy animals and poultry where it is used as a prefe...
may cause,possible_not_candidate,other_junk,drop,0.136114,1,3,0,,1500 kg paneer adulterated with palm oil and acetic acid seized in this city - The Times of India,"...r and unhealthy fats which can cause threat to the body. Digestive issues: Due to its complex composition, it may cause bloating, diarrhea, or stomach discomfort to those with a sensitive digestive system. Risk of inflammation: H..."
weight gain,possible_not_candidate,other_junk,drop,0.136114,1,3,0,,1500 kg paneer adulterated with palm oil and acetic acid seized in this city - The Times of India,"...e the risk of heart disease due to its high saturated fat content. It can also contribute to inflammation and weight gain if not consumed in moderation. It is commonly used in cooking and processed foods, as an inexpensive one but..."
fatty acid,possible_not_candidate,other_junk,drop,0.13528,1,3,0,,"Virender Sardana: ‘Ban on blending of mustard oil will benefit farmers, lead to more production of healthier alternative’","...ditional edible oils. What are the quality parameters of edible oils? Quality of any oil is determined by its fatty acid composition, which differs from oil to oil. There are three types of fatty acids in any oil including saturat..."
saturated fatty acids,possible_not_candidate,price/trade/market,drop,0.135251,1,3,0,,"Virender Sardana: ‘Ban on blending of mustard oil will benefit farmers, lead to more production of healthier alternative’","...ty acid composition, which differs from oil to oil. There are three types of fatty acids in any oil including saturated fatty acids (SFAs), mono-unsaturated fatty acids (MUFAs) and polyunsaturated fatty acids (PUFAs). The PUFAs are also know..."
greater noida,possible_not_candidate,other_junk,manual_review,0.135211,1,2,0,,"Paneer adulterated with vegetable oil, FDA collects samples | Noida News - Times of India",NOIDA: A Greater Noida resident claimed a block of paneer he bought from a local store was laced with vegetable oil â a commonly use...
commonly used,possible_not_candidate,other_junk,drop,0.128333,3,3,0,,"Paneer adulterated with vegetable oil, FDA collects samples | Noida News - Times of India","...reater Noida resident claimed a block of paneer he bought from a local store was laced with vegetable oil â a commonly used as adulterant to keep cottage cheese soft for long. Gaurav Kumar Yadav, a resident of Stellar Jeevan Apartme..."
omega,possible_not_candidate,other_junk,drop,0.123146,1,15,0,,"Virender Sardana: ‘Ban on blending of mustard oil will benefit farmers, lead to more production of healthier alternative’","...lesterol back to the liver for degradation and excretion. Vegetable oils are the main source of PUFAs such as omega 6 and omega 3. However, an oil rich in PUFAs is unstable at very high temperature and gets converted into tra..."
varieties,possible_not_candidate,other_junk,drop,0.121021,1,14,0,,"Virender Sardana: ‘Ban on blending of mustard oil will benefit farmers, lead to more production of healthier alternative’",...I’s decision as a big opportunity for mustard growers in India and replacing traditional rapeseed-mustard oil varieties with Canola rapeseed-mustard to provide a healthy oil for human consumption and decrease India's dependence o...
fatty,possible_not_candidate,other_junk,drop,0.117489,1,12,0,,"Virender Sardana: ‘Ban on blending of mustard oil will benefit farmers, lead to more production of healthier alternative’","...ditional edible oils. What are the quality parameters of edible oils? Quality of any oil is determined by its fatty acid composition, which differs from oil to oil. There are three types of fatty acids in any oil including sa..."
acids,possible_not_candidate,other_junk,drop,0.112745,1,9,0,,"Virender Sardana: ‘Ban on blending of mustard oil will benefit farmers, lead to more production of healthier alternative’","...il is determined by its fatty acid composition, which differs from oil to oil. There are three types of fatty acids in any oil including saturated fatty acids (SFAs), mono-unsaturated fatty acids (MUFAs) and polyunsaturated f..."
pusa,possible_not_candidate,other_junk,drop,0.110911,1,8,0,,"Virender Sardana: ‘Ban on blending of mustard oil will benefit farmers, lead to more production of healthier alternative’","...AR IARI have also developed a number of low erucic acid varieties of raya namely RLC 1 and RLC 2 (by PAU) and Pusa Krishma, Pusa Mustard 21, Pusa Mustard 22, Pusa Mustard 24, Pusa Mustard 28, Pusa Mustard 29, Pusa Mustard 30..."
pau,possible_not_candidate,other_junk,drop,0.106889,1,6,0,,"Virender Sardana: ‘Ban on blending of mustard oil will benefit farmers, lead to more production of healthier alternative’","...st and in-charge, oilseeds section, department of plant breeding and genetics, Punjab Agriculture University (PAU), Ludhiana, speaks to The Indian Express on what makes canola rapeseed-mustard oil the healthiest oil for hum..."
palm seed,possible_not_candidate,other_junk,drop,0.102484,1,2,0,,Farmers Call For Ban On Palm Oil Imports In Letter To Pm Modi | Jaipur News - Times of India,...g farmers from getting even the minimum support price. TNN We also published the following articles recently Palm seed sowing initiated across Salem districtTamil Nadu ministers K N Nehru and V Meyyanathan have launched a palm s...
palm seed sowing,possible_not_candidate,other_junk,drop,0.102484,1,2,0,,Farmers Call For Ban On Palm Oil Imports In Letter To Pm Modi | Jaipur News - Times of India,...g farmers from getting even the minimum support price. TNN We also published the following articles recently Palm seed sowing initiated across Salem districtTamil Nadu ministers K N Nehru and V Meyyanathan have launched a palm seed sow...
seed sowing,possible_not_candidate,other_junk,drop,0.102484,1,2,0,,Farmers Call For Ban On Palm Oil Imports In Letter To Pm Modi | Jaipur News - Times of India,...mers from getting even the minimum support price. TNN We also published the following articles recently Palm seed sowing initiated across Salem districtTamil Nadu ministers K N Nehru and V Meyyanathan have launched a palm seed sow...
noida,possible_not_candidate,other_junk,manual_review,0.102267,1,3,0,,"Paneer adulterated with vegetable oil, FDA collects samples | Noida News - Times of India",NOIDA: A Greater Noida resident claimed a block of paneer he bought from a local store was laced with vegetable oil...
risk heart disease,possible_not_candidate,other_junk,drop,0.101114,0,0,0,,,
cent erucic acid,possible_not_candidate,other_junk,drop,0.100639,1,2,0,,"Virender Sardana: ‘Ban on blending of mustard oil will benefit farmers, lead to more production of healthier alternative’","...(monounsaturated fatty acids) and low proportion of omega 9. Regular consumption of oil with more than 20 per cent erucic acid in the diet can cause thickening of arteries, which may lead to diseases like myocardial fibrosis in adults a..."
greater noida west,possible_not_candidate,other_junk,manual_review,0.100395,1,1,0,,"Paneer adulterated with vegetable oil, FDA collects samples | Noida News - Times of India","...lterant to keep cottage cheese soft for long. Gaurav Kumar Yadav, a resident of Stellar Jeevan Apartments in Greater Noida West, said that when he went to chop the paneer he had just bought, he found his hands covered in oil. He claimed..."
greater noida resident claimed,possible_not_candidate,other_junk,manual_review,0.100333,1,1,0,,"Paneer adulterated with vegetable oil, FDA collects samples | Noida News - Times of India",NOIDA: A Greater Noida resident claimed a block of paneer he bought from a local store was laced with vegetable oil â a commonly used as adulterant t...
greater noida resident,possible_not_candidate,other_junk,manual_review,0.100218,1,1,0,,"Paneer adulterated with vegetable oil, FDA collects samples | Noida News - Times of India",NOIDA: A Greater Noida resident claimed a block of paneer he bought from a local store was laced with vegetable oil â a commonly used as adul...
industrial acetic acid,possible_not_candidate,other_junk,drop,0.100215,1,2,0,,1500 kg paneer adulterated with palm oil and acetic acid seized in this city - The Times of India,"...ghly concentrated (often 99% or more). It can lead to major health issues like: Severe burns & tissue damage: Industrial acetic acid is highly corrosive and can burn the mouth, throat, and stomach lining and may cause permanent damage to inte..."
apartments in greater noida,possible_not_candidate,other_junk,manual_review,0.100201,1,1,0,,"Paneer adulterated with vegetable oil, FDA collects samples | Noida News - Times of India","...ly used as adulterant to keep cottage cheese soft for long. Gaurav Kumar Yadav, a resident of Stellar Jeevan Apartments in Greater Noida West, said that when he went to chop the paneer he had just bought, he found his hands covered in oil. He cla..."
stellar jeevan apartments,possible_not_candidate,other_junk,drop,0.100108,1,1,0,,"Paneer adulterated with vegetable oil, FDA collects samples | Noida News - Times of India","...oil â a commonly used as adulterant to keep cottage cheese soft for long. Gaurav Kumar Yadav, a resident of Stellar Jeevan Apartments in Greater Noida West, said that when he went to chop the paneer he had just bought, he found his hands cover..."
jeevan apartments in greater,possible_not_candidate,other_junk,drop,0.100007,1,1,0,,"Paneer adulterated with vegetable oil, FDA collects samples | Noida News - Times of India","...commonly used as adulterant to keep cottage cheese soft for long. Gaurav Kumar Yadav, a resident of Stellar Jeevan Apartments in Greater Noida West, said that when he went to chop the paneer he had just bought, he found his hands covered in oil...."
heart disease,possible_not_candidate,other_junk,drop,0.1,2,4,0,,1500 kg paneer adulterated with palm oil and acetic acid seized in this city - The Times of India,...ations due to its versatility and long shelf life. Excessive consumption of palm oil may increase the risk of heart disease due to its high saturated fat content. It can also contribute to inflammation and weight gain if not consumed...
human consumption,possible_not_candidate,other_junk,drop,0.1,2,4,0,,1500 kg paneer adulterated with palm oil and acetic acid seized in this city - The Times of India,"...used in making plastics, dyes, and synthetic fibers). As per experts, use of industrial-grade acetic acid for human consumption is dangerous, as it is highly concentrated (often 99% or more). It can lead to major health issues like: Seve..."
noida west,possible_not_candidate,other_junk,manual_review,0.099423,1,1,0,,"Paneer adulterated with vegetable oil, FDA collects samples | Noida News - Times of India","...to keep cottage cheese soft for long. Gaurav Kumar Yadav, a resident of Stellar Jeevan Apartments in Greater Noida West, said that when he went to chop the paneer he had just bought, he found his hands covered in oil. He claimed..."
noida resident claimed,possible_not_candidate,other_junk,manual_review,0.099081,1,1,0,,"Paneer adulterated with vegetable oil, FDA collects samples | Noida News - Times of India",NOIDA: A Greater Noida resident claimed a block of paneer he bought from a local store was laced with vegetable oil â a commonly used as adulterant t...
jeevan apartments,possible_not_candidate,other_junk,drop,0.098778,1,1,0,,"Paneer adulterated with vegetable oil, FDA collects samples | Noida News - Times of India","...commonly used as adulterant to keep cottage cheese soft for long. Gaurav Kumar Yadav, a resident of Stellar Jeevan Apartments in Greater Noida West, said that when he went to chop the paneer he had just bought, he found his hands cover..."
stellar jeevan,possible_not_candidate,other_junk,drop,0.098778,1,1,0,,"Paneer adulterated with vegetable oil, FDA collects samples | Noida News - Times of India","...oil â a commonly used as adulterant to keep cottage cheese soft for long. Gaurav Kumar Yadav, a resident of Stellar Jeevan Apartments in Greater Noida West, said that when he went to chop the paneer he had just bought, he found his..."
across multiple,possible_not_candidate,other_junk,drop,0.09681,1,1,0,,"Holi Crackdown: 30,000 Oil Packs Seized, Tonnes Of Fake Paneer Destroyed Across Uttar Pradesh","...tatewide crackdown on adulterated food items to ensure festive food safety. Food Safety teams conducted raids across multiple districts, targeting fake paneer, mawa and suspicious edible oil. In Ghaziabad, nearly 2,500 kg of paneer and..."
across multiple districts,possible_not_candidate,other_junk,drop,0.09681,1,1,0,,"Holi Crackdown: 30,000 Oil Packs Seized, Tonnes Of Fake Paneer Destroyed Across Uttar Pradesh","...tatewide crackdown on adulterated food items to ensure festive food safety. Food Safety teams conducted raids across multiple districts, targeting fake paneer, mawa and suspicious edible oil. In Ghaziabad, nearly 2,500 kg of paneer and 200 kg of..."
authorities warning,possible_not_candidate,other_junk,drop,0.09681,1,1,0,,"Holi Crackdown: 30,000 Oil Packs Seized, Tonnes Of Fake Paneer Destroyed Across Uttar Pradesh","...Saharanpur uncovered large quantities of suspected spurious paneer. Samples have been sent for testing, with authorities warning of strict action against adulterators as Holi approaches."
buddha nagar,possible_not_candidate,other_junk,drop,0.09681,1,1,0,,"Holi Crackdown: 30,000 Oil Packs Seized, Tonnes Of Fake Paneer Destroyed Across Uttar Pradesh","...pur Dehat, officials seized around 30,000 containers of edible oil from four factories, while raids in Gautam Buddha Nagar and Saharanpur uncovered large quantities of suspected spurious paneer. Samples have been sent for testing, w..."
articles recently,possible_not_candidate,other_junk,drop,0.096667,2,2,0,,"Paneer adulterated with vegetable oil, FDA collects samples | Noida News - Times of India","...tic acid. Then, vegetable oil was added to make it appear creamy and glossy. We also published the following articles recently Dairy farmers dispute reports of milk adulterationThe Progressive Dairy Farmers Association (PDFA) dismissed..."
control administration,possible_not_candidate,other_junk,drop,0.096667,2,2,0,,1500 kg paneer adulterated with palm oil and acetic acid seized in this city - The Times of India,"...oduction. Scroll down to find the detailed report. As per the latest news report In a raid, the Food and Drug Control Administration has seized 1500 kgs of adulterated paneer being manufactured in Ahmedabad, Gujarat. The incident happened on..."
following articles,possible_not_candidate,other_junk,drop,0.096667,2,2,0,,"Paneer adulterated with vegetable oil, FDA collects samples | Noida News - Times of India","...ce and acetic acid. Then, vegetable oil was added to make it appear creamy and glossy. We also published the following articles recently Dairy farmers dispute reports of milk adulterationThe Progressive Dairy Farmers Association (PDFA) d..."
following articles recently,possible_not_candidate,other_junk,drop,0.096667,2,2,0,,"Paneer adulterated with vegetable oil, FDA collects samples | Noida News - Times of India","...ce and acetic acid. Then, vegetable oil was added to make it appear creamy and glossy. We also published the following articles recently Dairy farmers dispute reports of milk adulterationThe Progressive Dairy Farmers Association (PDFA) dismissed..."
food products,possible_not_candidate,other_junk,drop,0.096667,2,2,0,,"Paneer adulterated with vegetable oil, FDA collects samples | Noida News - Times of India","...istant commissioner of the food safety department Sarvesh Mishra said. This is not the first time adulterated food products have entered the markets. In March, six samples of paneer were found to be unsafe for consumption. As per rep..."
health benefits,possible_not_candidate,culinary/health_education,drop,0.096667,2,2,0,,"Paneer adulterated with vegetable oil, FDA collects samples | Noida News - Times of India","...n a staple in Indian cuisine, known for its strong flavor and high smoke point. Recently, olive oil, with its health benefits and Mediterranean origins, has gained popularity. While olive oil is praised for heart health, mustard oil ha..."
high smoke,possible_not_candidate,other_junk,drop,0.096667,2,2,0,,"Paneer adulterated with vegetable oil, FDA collects samples | Noida News - Times of India","...Mustard oil, derived from mustard seeds, has been a staple in Indian cuisine, known for its strong flavor and high smoke point. Recently, olive oil, with its health benefits and Mediterranean origins, has gained popularity. While..."
high smoke point,possible_not_candidate,other_junk,drop,0.096667,2,2,0,,"Paneer adulterated with vegetable oil, FDA collects samples | Noida News - Times of India","...Mustard oil, derived from mustard seeds, has been a staple in Indian cuisine, known for its strong flavor and high smoke point. Recently, olive oil, with its health benefits and Mediterranean origins, has gained popularity. While olive..."
huge quantities,possible_not_candidate,other_junk,drop,0.096667,2,2,0,,"Paneer adulterated with vegetable oil, FDA collects samples | Noida News - Times of India","...ecently uncovered a fake tea powder manufacturing unit, highlighting rising concerns about food adulteration. Huge quantities of adulterated tea and packaging materials were found during a raid. The article offers tips on checking tea..."
issues like,possible_not_candidate,other_junk,drop,0.096667,2,2,0,,"Paneer adulterated with vegetable oil, FDA collects samples | Noida News - Times of India","...ilk production statistics and suggested the scare was a conspiracy to undermine milk producers, while genuine issues like adulterated paneer go unaddressed. How is olive oil different from mustard oil?Mustard oil, derived from must..."
rich source,possible_not_candidate,other_junk,drop,0.096667,2,2,0,,1500 kg paneer adulterated with palm oil and acetic acid seized in this city - The Times of India,"...times, adulteration of paneer has become a common practice by the market players in many cities. Paneer, as a rich source of protein for vegetarians has now become a matter of serious concern due to the use of dangerous chemicals i..."
smoke point,possible_not_candidate,other_junk,drop,0.096667,2,2,0,,"Paneer adulterated with vegetable oil, FDA collects samples | Noida News - Times of India","...rd oil, derived from mustard seeds, has been a staple in Indian cuisine, known for its strong flavor and high smoke point. Recently, olive oil, with its health benefits and Mediterranean origins, has gained popularity. While olive..."
gobhi sarson,possible_not_candidate,other_junk,drop,0.07,1,4,0,,"Virender Sardana: ‘Ban on blending of mustard oil will benefit farmers, lead to more production of healthier alternative’","...ops which includes Indian mustard/raya/laha, Indian rapeseed/toria, yellow sarson, brown sarson, oilseed rape/gobhi sarson and Ethiopian mustard/African sarson and taramira which are used as edible oil. Black mustard/Banarasi rai (m..."
import palm,possible_not_candidate,price/trade/market,drop,0.06915,0,0,0,,,
warning customers,possible_not_candidate,other_junk,drop,0.06915,0,0,0,,,
decrease india,possible_not_candidate,other_junk,manual_review,0.068333,1,3,0,,"Virender Sardana: ‘Ban on blending of mustard oil will benefit farmers, lead to more production of healthier alternative’",...apeseed-mustard oil varieties with Canola rapeseed-mustard to provide a healthy oil for human consumption and decrease India's dependence on oil import. THE FOOD Safety Standards Authority of India (FSSAI) has banned blending of musta...
blood cholesterol,possible_not_candidate,culinary/health_education,drop,0.068333,1,3,0,,"Virender Sardana: ‘Ban on blending of mustard oil will benefit farmers, lead to more production of healthier alternative’","...sterol scavenger and generates high density lipoprotein (HDL/good cholesterol). The PUFAs are known to reduce blood cholesterol, especially the harmful LDL and elevate HDL, which plays a role in transporting excess blood cholesterol back..."
canola varieties,possible_not_candidate,other_junk,drop,0.068333,1,3,0,,"Virender Sardana: ‘Ban on blending of mustard oil will benefit farmers, lead to more production of healthier alternative’","...New Zealand etc., rapeseed-mustard conforming to canola norms can only be used as edible oil and oil from non-canola varieties is used for energy production (biofuel) or industrial purposes. They do not allow consumption of rapeseed-mus..."
contains higher,possible_not_candidate,other_junk,drop,0.068333,1,3,0,,"Virender Sardana: ‘Ban on blending of mustard oil will benefit farmers, lead to more production of healthier alternative’","...s also a rich source of plant sterols and vitamin E, which protects the body from cardiovascular diseases and contains higher levels of plant sterols and Vitamin E than soybean, and corn oil. It contains higher plant sterols than sunfl..."
low erucic,possible_not_candidate,other_junk,drop,0.068333,1,3,0,,"Virender Sardana: ‘Ban on blending of mustard oil will benefit farmers, lead to more production of healthier alternative’",...be reduced from rapeseed-mustard oil? Need to lower harmful erucic acid in oil has led to the development of low erucic acid varieties in rapeseed-mustard crops. Rapeseed-mustard varieties with ‘low erucic’ (less than 2 per cent)...
plant sterols,possible_not_candidate,other_junk,drop,0.068333,1,3,0,,"Virender Sardana: ‘Ban on blending of mustard oil will benefit farmers, lead to more production of healthier alternative’","...to Omega 3 is effective in reducing the risk of heart diseases. Rapeseed-mustard oil is also a rich source of plant sterols and vitamin E, which protects the body from cardiovascular diseases and contains higher levels of plant stero..."
saturated fatty,possible_not_candidate,price/trade/market,drop,0.068333,1,3,0,,"Virender Sardana: ‘Ban on blending of mustard oil will benefit farmers, lead to more production of healthier alternative’","...ty acid composition, which differs from oil to oil. There are three types of fatty acids in any oil including saturated fatty acids (SFAs), mono-unsaturated fatty acids (MUFAs) and polyunsaturated fatty acids (PUFAs). The PUFAs are als..."
cent erucic,possible_not_candidate,other_junk,drop,0.066667,1,2,0,,"Virender Sardana: ‘Ban on blending of mustard oil will benefit farmers, lead to more production of healthier alternative’","...(monounsaturated fatty acids) and low proportion of omega 9. Regular consumption of oil with more than 20 per cent erucic acid in the diet can cause thickening of arteries, which may lead to diseases like myocardial fibrosis in adu..."
dairy farmers,possible_not_candidate,other_junk,drop,0.066667,1,2,0,,"Paneer adulterated with vegetable oil, FDA collects samples | Noida News - Times of India",...getable oil was added to make it appear creamy and glossy. We also published the following articles recently Dairy farmers dispute reports of milk adulterationThe Progressive Dairy Farmers Association (PDFA) dismissed social media a...
dairy products,possible_not_candidate,other_junk,drop,0.066667,1,2,0,,1500 kg paneer adulterated with palm oil and acetic acid seized in this city - The Times of India,"...bad, Gujarat. The incident happened on 4 February when an FDCA special squad from Gandhinagar raided Dwarkesh Dairy Products in Ahmedabad and seized a massive amount of adulterated paneer. It has been reported that the premises of Dwa..."
dwarkesh dairy,possible_not_candidate,other_junk,drop,0.066667,1,2,0,,1500 kg paneer adulterated with palm oil and acetic acid seized in this city - The Times of India,"...in Ahmedabad, Gujarat. The incident happened on 4 February when an FDCA special squad from Gandhinagar raided Dwarkesh Dairy Products in Ahmedabad and seized a massive amount of adulterated paneer. It has been reported that the premis..."
first time,possible_not_candidate,other_junk,drop,0.066667,1,2,0,,"Paneer adulterated with vegetable oil, FDA collects samples | Noida News - Times of India","...when he went to chop the paneer he had just bought, he found his hands covered in oil. He claimed it was the first time that he had purchased paneer from the store near his housing complex. He claimed the manufacturer is based in..."
industrial grade,possible_not_candidate,other_junk,drop,0.066667,1,2,0,,1500 kg paneer adulterated with palm oil and acetic acid seized in this city - The Times of India,"...s being used for the manufacturing of the fake paneer including adulterants, large quantities of palm oil and industrial grade acetic acid were seized during the raid. What is Palm Oil? Palm oil is a type of vegetable oil derived from t..."
per cent erucic,possible_not_candidate,other_junk,drop,0.066667,1,2,0,,"Virender Sardana: ‘Ban on blending of mustard oil will benefit farmers, lead to more production of healthier alternative’","...cid (monounsaturated fatty acids) and low proportion of omega 9. Regular consumption of oil with more than 20 per cent erucic acid in the diet can cause thickening of arteries, which may lead to diseases like myocardial fibrosis in adu..."
purchase paneer,possible_not_candidate,other_junk,drop,0.066667,1,2,0,,"Paneer adulterated with vegetable oil, FDA collects samples | Noida News - Times of India",...tore near his housing complex. He claimed the manufacturer is based in Agra. âMost of the societyâs residents purchase paneer from there. Several local restaurants also purchase paneer from the store and we may have been consuming the...
authorities uttar pradesh,possible_not_candidate,other_junk,manual_review,0.065143,0,0,0,,,
authorities uttar pradesh intensified,possible_not_candidate,other_junk,manual_review,0.065143,0,0,0,,,
across multiple districts targeting,possible_not_candidate,other_junk,drop,0.065143,0,0,0,,,
ahead holi,possible_not_candidate,other_junk,drop,0.065143,0,0,0,,,
ahead holi authorities,possible_not_candidate,other_junk,drop,0.065143,0,0,0,,,
ahead holi authorities uttar,possible_not_candidate,other_junk,drop,0.065143,0,0,0,,,
around containers,possible_not_candidate,other_junk,drop,0.065143,0,0,0,,,
authorities uttar,possible_not_candidate,other_junk,drop,0.065143,0,0,0,,,
authorities warning strict,possible_not_candidate,other_junk,drop,0.065143,0,0,0,,,
authorities warning strict action,possible_not_candidate,other_junk,drop,0.065143,0,0,0,,,
buddha nagar saharanpur,possible_not_candidate,other_junk,drop,0.065143,0,0,0,,,
buddha nagar saharanpur uncovered,possible_not_candidate,other_junk,drop,0.065143,0,0,0,,,
dehat officials,possible_not_candidate,other_junk,drop,0.065143,0,0,0,,,
destroyed hours,possible_not_candidate,other_junk,drop,0.065143,0,0,0,,,
acids such as omega,possible_not_candidate,other_junk,drop,0.065,1,1,0,,"Virender Sardana: ‘Ban on blending of mustard oil will benefit farmers, lead to more production of healthier alternative’","...aturated fatty acids (less than 10 per cent) and contains a relatively balanced proportion of essential fatty acids such as omega 6 and omega 3. This is in contrast to very high levels of saturated fatty acids in coconut (91 per cent), pal..."
decrease india dependence,possible_not_candidate,other_junk,manual_review,0.033333,0,0,0,,,
india dependence,possible_not_candidate,other_junk,manual_review,0.033333,0,0,0,,,
cent omega,possible_not_candidate,other_junk,drop,0.033333,0,0,0,,,
corn cottonseed,possible_not_candidate,financial,drop,0.033333,0,0,0,,,
less per,possible_not_candidate,other_junk,drop,0.033333,0,0,0,,,
less per cent,possible_not_candidate,other_junk,drop,0.033333,0,0,0,,,
omega omega,possible_not_candidate,other_junk,drop,0.033333,0,0,0,,,
paneer bought,possible_not_candidate,other_junk,drop,0.033333,0,0,0,,,
paneer manufactured,possible_not_candidate,other_junk,drop,0.033333,0,0,0,,,
paneer store,possible_not_candidate,other_junk,drop,0.033333,0,0,0,,,
per cent omega,possible_not_candidate,other_junk,drop,0.033333,0,0,0,,,
proportion omega,possible_not_candidate,other_junk,drop,0.033333,0,0,0,,,
risk heart,possible_not_candidate,other_junk,drop,0.033333,0,0,0,,,
source protein,possible_not_candidate,other_junk,drop,0.033333,0,0,0,,,
soybean corn,possible_not_candidate,other_junk,drop,0.033333,0,0,0,,,
varieties grown,possible_not_candidate,other_junk,drop,0.033333,0,0,0,,,
rapeseed-mustard,risky_domain_term_may_drop_relevant,other_junk,drop,0.333333,1,26,0,,"Virender Sardana: ‘Ban on blending of mustard oil will benefit farmers, lead to more production of healthier alternative’",...Experts see the FSSAI’s decision as a big opportunity for mustard growers in India and replacing traditional rapeseed-mustard oil varieties with Canola rapeseed-mustard to provide a healthy oil for human consumption and decrease India'...
samples,risky_domain_term_may_drop_relevant,other_junk,drop,0.215926,3,4,0,,"Paneer adulterated with vegetable oil, FDA collects samples | Noida News - Times of India","...e food safety department took cognizance of the video and began an investigation. âWe sent a team to take the samples which will be sent for lab tests,â assistant commissioner of the food safety department Sarvesh Mishra said...."
pusa mustard,risky_domain_term_may_drop_relevant,other_junk,drop,0.210426,1,7,0,,"Virender Sardana: ‘Ban on blending of mustard oil will benefit farmers, lead to more production of healthier alternative’","...lso developed a number of low erucic acid varieties of raya namely RLC 1 and RLC 2 (by PAU) and Pusa Krishma, Pusa Mustard 21, Pusa Mustard 22, Pusa Mustard 24, Pusa Mustard 28, Pusa Mustard 29, Pusa Mustard 30 and Pusa Mustard 32 (..."
canola rapeseed-mustard,risky_domain_term_may_drop_relevant,other_junk,drop,0.141454,1,6,0,,"Virender Sardana: ‘Ban on blending of mustard oil will benefit farmers, lead to more production of healthier alternative’",...a big opportunity for mustard growers in India and replacing traditional rapeseed-mustard oil varieties with Canola rapeseed-mustard to provide a healthy oil for human consumption and decrease India's dependence on oil import. THE FOOD Safety...
samples sent,risky_domain_term_may_drop_relevant,other_junk,manual_review,0.103953,0,0,0,,,
canola quality rapeseed-mustard,risky_domain_term_may_drop_relevant,other_junk,drop,0.100575,1,2,0,,"Virender Sardana: ‘Ban on blending of mustard oil will benefit farmers, lead to more production of healthier alternative’",...strial purposes. They do not allow consumption of rapeseed-mustard oil with more than 2 per cent erucic acid. Canola quality rapeseed-mustard cultivars make the meal much safer for dairy animals and poultry where it is used as a preferred source of pr...
adulterators,risky_domain_term_may_drop_relevant,other_junk,drop,0.09681,1,1,0,,"Holi Crackdown: 30,000 Oil Packs Seized, Tonnes Of Fake Paneer Destroyed Across Uttar Pradesh","...pected spurious paneer. Samples have been sent for testing, with authorities warning of strict action against adulterators as Holi approaches."
action adulterators,risky_domain_term_may_drop_relevant,other_junk,drop,0.065143,0,0,0,,,
action adulterators holi,risky_domain_term_may_drop_relevant,other_junk,drop,0.065143,0,0,0,,,
action adulterators holi approaches,risky_domain_term_may_drop_relevant,other_junk,drop,0.065143,0,0,0,,,
adulterators holi,risky_domain_term_may_drop_relevant,other_junk,drop,0.065143,0,0,0,,,
adulterators holi approaches,risky_domain_term_may_drop_relevant,other_junk,drop,0.065143,0,0,0,,,
around containers edible,risky_domain_term_may_drop_relevant,other_junk,drop,0.065143,0,0,0,,,
containers edible,risky_domain_term_may_drop_relevant,other_junk,drop,0.065143,0,0,0,,,
different mustard,risky_domain_term_may_drop_relevant,other_junk,drop,0.065,1,1,0,,"Virender Sardana: ‘Ban on blending of mustard oil will benefit farmers, lead to more production of healthier alternative’","...29, Pusa Mustard 30 and Pusa Mustard 32 (by ICAR IARI). Cultivation of these varieties is becoming popular in different mustard growing areas of the country. Can ban on blending rapeseed-mustard oil lead to an increased area under it and..."
used edible,risky_domain_term_may_drop_relevant,other_junk,drop,0.065,1,1,0,,"Virender Sardana: ‘Ban on blending of mustard oil will benefit farmers, lead to more production of healthier alternative’","...d oil contains higher levels (upto 67 per cent) of Omega 9 than conventional rapeseed-mustard. Other commonly used edible oils as olive oil contain (about 70-75 per cent) Omega 9, groundnut (50 per cent), rice bran, corn, cottonsee..."
mustard pusa,risky_domain_term_may_drop_relevant,other_junk,drop,0.033333,0,0,0,,,
mustard pusa mustard,risky_domain_term_may_drop_relevant,other_junk,drop,0.033333,0,0,0,,,
mustard pusa mustard pusa,risky_domain_term_may_drop_relevant,other_junk,drop,0.033333,0,0,0,,,
pusa mustard pusa,risky_domain_term_may_drop_relevant,other_junk,drop,0.033333,0,0,0,,,
pusa mustard pusa mustard,risky_domain_term_may_drop_relevant,other_junk,drop,0.033333,0,0,0,,,
mustard,risky_overlap_with_positive_keyword,other_junk,drop,0.402016,2,52,0,mustard oil,"Paneer adulterated with vegetable oil, FDA collects samples | Noida News - Times of India","...milk producers, while genuine issues like adulterated paneer go unaddressed. How is olive oil different from mustard oil?Mustard oil, derived from mustard seeds, has been a staple in Indian cuisine, known for its strong flavor..."
edible,risky_overlap_with_positive_keyword,other_junk,drop,0.346523,3,14,0,adulterated edible oil; edible oil; loose edible oil,"Virender Sardana: ‘Ban on blending of mustard oil will benefit farmers, lead to more production of healthier alternative’",...afety Standards Authority of India (FSSAI) has banned blending of mustard oil with any other oil. Blending of edible oils was first permitted by the Indian government in the 1990s. After the outbreak of dropsy (due to adultera...
oils,risky_overlap_with_positive_keyword,other_junk,drop,0.322213,2,21,0,oil,"Virender Sardana: ‘Ban on blending of mustard oil will benefit farmers, lead to more production of healthier alternative’",...tandards Authority of India (FSSAI) has banned blending of mustard oil with any other oil. Blending of edible oils was first permitted by the Indian government in the 1990s. After the outbreak of dropsy (due to adulteration...
oil different from mustard,risky_overlap_with_positive_keyword,other_junk,drop,0.315,1,1,0,oil,"Paneer adulterated with vegetable oil, FDA collects samples | Noida News - Times of India","...piracy to undermine milk producers, while genuine issues like adulterated paneer go unaddressed. How is olive oil different from mustard oil?Mustard oil, derived from mustard seeds, has been a staple in Indian cuisine, known for its strong flavor..."
vegetable oil,risky_overlap_with_positive_keyword,other_junk,manual_review,0.273017,3,5,0,oil,"Paneer adulterated with vegetable oil, FDA collects samples | Noida News - Times of India","NOIDA: A Greater Noida resident claimed a block of paneer he bought from a local store was laced with vegetable oil â a commonly used as adulterant to keep cottage cheese soft for long. Gaurav Kumar Yadav, a resident of Stel..."
rapeseed-mustard oil,risky_overlap_with_positive_keyword,other_junk,manual_review,0.255973,1,14,0,oil; mustard oil,"Virender Sardana: ‘Ban on blending of mustard oil will benefit farmers, lead to more production of healthier alternative’",...Experts see the FSSAI’s decision as a big opportunity for mustard growers in India and replacing traditional rapeseed-mustard oil varieties with Canola rapeseed-mustard to provide a healthy oil for human consumption and decrease India's de...
olive oil,risky_overlap_with_positive_keyword,other_junk,drop,0.245596,2,5,0,oil,"Paneer adulterated with vegetable oil, FDA collects samples | Noida News - Times of India","...a conspiracy to undermine milk producers, while genuine issues like adulterated paneer go unaddressed. How is olive oil different from mustard oil?Mustard oil, derived from mustard seeds, has been a staple in Indian cuisine, know..."
food,risky_overlap_with_positive_keyword,other_junk,drop,0.24484,5,16,0,food safety standards; food safety officials; food safety officer,"Paneer adulterated with vegetable oil, FDA collects samples | Noida News - Times of India","...the allegations and, on top of it, claimed that I had mixed vegetable oil in it,â he said. Officials from the food safety department took cognizance of the video and began an investigation. âWe sent a team to take the sample..."
edible oils,risky_overlap_with_positive_keyword,other_junk,drop,0.244444,2,7,0,oil; edible oil,"Virender Sardana: ‘Ban on blending of mustard oil will benefit farmers, lead to more production of healthier alternative’",...afety Standards Authority of India (FSSAI) has banned blending of mustard oil with any other oil. Blending of edible oils was first permitted by the Indian government in the 1990s. After the outbreak of dropsy (due to adulteration...
adulterated paneer,risky_overlap_with_positive_keyword,price/trade/market,drop,0.242203,2,4,0,adulterated,"Paneer adulterated with vegetable oil, FDA collects samples | Noida News - Times of India","...e and we may have been consuming the adulterated product for long,â he said. Yadav also posted a video of the adulterated paneer on X, which was shared several times on the social media platform on Tuesday. âI came to know that this pane..."
palm,risky_overlap_with_positive_keyword,other_junk,drop,0.19506,3,22,0,palm oil; palmolein,1500 kg paneer adulterated with palm oil and acetic acid seized in this city - The Times of India,"...and chemicals being used for the manufacturing of the fake paneer including adulterants, large quantities of palm oil and industrial grade acetic acid were seized during the raid. What is Palm Oil? Palm oil is a type of veg..."
adulterated food,risky_overlap_with_positive_keyword,price/trade/market,manual_review,0.167287,2,2,0,adulterated,"Paneer adulterated with vegetable oil, FDA collects samples | Noida News - Times of India","...tests,â assistant commissioner of the food safety department Sarvesh Mishra said. This is not the first time adulterated food products have entered the markets. In March, six samples of paneer were found to be unsafe for consumption. A..."
fake paneer,risky_overlap_with_positive_keyword,other_junk,drop,0.164928,2,2,0,fake,1500 kg paneer adulterated with palm oil and acetic acid seized in this city - The Times of India,"...3.5 lakhs. If reports are to be believed, raw materials and chemicals being used for the manufacturing of the fake paneer including adulterants, large quantities of palm oil and industrial grade acetic acid were seized during the r..."
quality,risky_overlap_with_positive_keyword,other_junk,drop,0.145584,2,11,0,substandard quality; quality test,"Paneer adulterated with vegetable oil, FDA collects samples | Noida News - Times of India","...n checking tea purity at home through appearance, aroma, taste, and solubility tests to help consumers ensure quality and safety."
vegetable oils,risky_overlap_with_positive_keyword,other_junk,drop,0.139833,1,5,0,oil,"Virender Sardana: ‘Ban on blending of mustard oil will benefit farmers, lead to more production of healthier alternative’",...on what makes canola rapeseed-mustard oil the healthiest oil for human consumption. What are the benefits of vegetable oils? Daily intake of a certain minimum amount of fats is necessary for physical and mental well-being. The nutrit...
canola oil,risky_overlap_with_positive_keyword,other_junk,drop,0.138302,1,4,0,oil,"Virender Sardana: ‘Ban on blending of mustard oil will benefit farmers, lead to more production of healthier alternative’","...anadian Oilseeds Crushers Association, where the first such variety was developed. Decrease in erucic acid in canola oil is also associated with corresponding increase in nutritionally desirable MUFA. Canola rapeseed-mustard oil c..."
canola rapeseed-mustard oil,risky_overlap_with_positive_keyword,other_junk,manual_review,0.136894,1,3,0,oil; mustard oil,"Virender Sardana: ‘Ban on blending of mustard oil will benefit farmers, lead to more production of healthier alternative’","...eding and genetics, Punjab Agriculture University (PAU), Ludhiana, speaks to The Indian Express on what makes canola rapeseed-mustard oil the healthiest oil for human consumption. What are the benefits of vegetable oils? Daily intake of a certain..."
oil import,risky_overlap_with_positive_keyword,price/trade/market,drop,0.135758,1,3,0,oil,"Virender Sardana: ‘Ban on blending of mustard oil will benefit farmers, lead to more production of healthier alternative’",...ith Canola rapeseed-mustard to provide a healthy oil for human consumption and decrease India's dependence on oil import. THE FOOD Safety Standards Authority of India (FSSAI) has banned blending of mustard oil with any other oil....
healthy oil,risky_overlap_with_positive_keyword,other_junk,drop,0.135424,1,3,0,oil,"Virender Sardana: ‘Ban on blending of mustard oil will benefit farmers, lead to more production of healthier alternative’",...s in India and replacing traditional rapeseed-mustard oil varieties with Canola rapeseed-mustard to provide a healthy oil for human consumption and decrease India's dependence on oil import. THE FOOD Safety Standards Authority of I...
blending mustard oil,risky_overlap_with_positive_keyword,other_junk,manual_review,0.132412,1,1,0,oil; mustard oil; blending,"Virender Sardana: ‘Ban on blending of mustard oil will benefit farmers, lead to more production of healthier alternative’","...fter the outbreak of dropsy (due to adulteration of mustard oil) in the late 1990s, the government pushed for blending mustard oil with other edible oils. Experts see the FSSAI’s decision as a big opportunity for mustard growers in India an..."
oil palm,risky_overlap_with_positive_keyword,other_junk,drop,0.131762,1,1,0,oil,1500 kg paneer adulterated with palm oil and acetic acid seized in this city - The Times of India,"...e seized during the raid. What is Palm Oil? Palm oil is a type of vegetable oil derived from the fruit of the oil palm tree (Elaeis guineensis). It is widely used in food, cosmetics, and industrial applications due to its versat..."
cooking,risky_overlap_with_positive_keyword,culinary/health_education,drop,0.101667,2,5,0,cooking oil; fake cooking oil; adulterated cooking oil,1500 kg paneer adulterated with palm oil and acetic acid seized in this city - The Times of India,"...It can also contribute to inflammation and weight gain if not consumed in moderation. It is commonly used in cooking and processed foods, as an inexpensive one but can have negative effects on health. Risk of heart disease: Pa..."
rapeseed-mustard oil varieties,risky_overlap_with_positive_keyword,other_junk,manual_review,0.101431,1,2,0,oil; mustard oil,"Virender Sardana: ‘Ban on blending of mustard oil will benefit farmers, lead to more production of healthier alternative’",...Experts see the FSSAI’s decision as a big opportunity for mustard growers in India and replacing traditional rapeseed-mustard oil varieties with Canola rapeseed-mustard to provide a healthy oil for human consumption and decrease India's dependence o...
traditional rapeseed-mustard oil varieties,risky_overlap_with_positive_keyword,other_junk,manual_review,0.101274,1,2,0,oil; mustard oil,"Virender Sardana: ‘Ban on blending of mustard oil will benefit farmers, lead to more production of healthier alternative’",...alternative’ Experts see the FSSAI’s decision as a big opportunity for mustard growers in India and replacing traditional rapeseed-mustard oil varieties with Canola rapeseed-mustard to provide a healthy oil for human consumption and decrease India's dependence o...
traditional rapeseed-mustard oil,risky_overlap_with_positive_keyword,other_junk,manual_review,0.101006,1,2,0,oil; mustard oil,"Virender Sardana: ‘Ban on blending of mustard oil will benefit farmers, lead to more production of healthier alternative’",...alternative’ Experts see the FSSAI’s decision as a big opportunity for mustard growers in India and replacing traditional rapeseed-mustard oil varieties with Canola rapeseed-mustard to provide a healthy oil for human consumption and decrease India's de...
oil varieties,risky_overlap_with_positive_keyword,other_junk,drop,0.100474,1,2,0,oil,"Virender Sardana: ‘Ban on blending of mustard oil will benefit farmers, lead to more production of healthier alternative’",...FSSAI’s decision as a big opportunity for mustard growers in India and replacing traditional rapeseed-mustard oil varieties with Canola rapeseed-mustard to provide a healthy oil for human consumption and decrease India's dependence o...
blending of mustard oil,risky_overlap_with_positive_keyword,other_junk,manual_review,0.100288,1,2,0,oil; mustard oil; blending,"Virender Sardana: ‘Ban on blending of mustard oil will benefit farmers, lead to more production of healthier alternative’","Virender Sardana: ‘Ban on blending of mustard oil will benefit farmers, lead to more production of healthier alternative’ Experts see the FSSAI’s decision as a..."
canola rapeseed-mustard oils,risky_overlap_with_positive_keyword,other_junk,drop,0.099583,1,1,0,oil; mustard oil,"Virender Sardana: ‘Ban on blending of mustard oil will benefit farmers, lead to more production of healthier alternative’","...not show interest in increasing the area under it. Increasing awareness about health benefits and quality of canola rapeseed-mustard oils is fueling its demand in the country and in such a situation, the area under this canola mustard can increase..."
makes canola rapeseed-mustard oil,risky_overlap_with_positive_keyword,other_junk,manual_review,0.099449,1,1,0,oil; mustard oil,"Virender Sardana: ‘Ban on blending of mustard oil will benefit farmers, lead to more production of healthier alternative’","...nt breeding and genetics, Punjab Agriculture University (PAU), Ludhiana, speaks to The Indian Express on what makes canola rapeseed-mustard oil the healthiest oil for human consumption. What are the benefits of vegetable oils? Daily intake of a certain..."
palm oil imports,risky_overlap_with_positive_keyword,price/trade/market,manual_review,0.098851,1,1,0,oil; palm oil,Farmers Call For Ban On Palm Oil Imports In Letter To Pm Modi | Jaipur News - Times of India,Farmers call for ban on palm oil imports in letter to PM Modi Jaipur: Kisan Mahapanchayat president Rampal Jat has written to Prime Minister Narendra...
oil and palm oil,risky_overlap_with_positive_keyword,other_junk,manual_review,0.098714,1,1,0,oil; palm oil,"Virender Sardana: ‘Ban on blending of mustard oil will benefit farmers, lead to more production of healthier alternative’","...wn as essential fatty acids. The proportion of SFAs in plant-derived oils is generally low, except in coconut oil and palm oil. Higher consumption of SFAs is known to increase low density lipoprotein (LDL), bad cholesterol, which is ass..."
rapeseed-mustard oil lead,risky_overlap_with_positive_keyword,other_junk,manual_review,0.098631,1,1,0,oil; mustard oil,"Virender Sardana: ‘Ban on blending of mustard oil will benefit farmers, lead to more production of healthier alternative’",...of these varieties is becoming popular in different mustard growing areas of the country. Can ban on blending rapeseed-mustard oil lead to an increased area under it and decrease India’s dependence on oil import? The area under it has stagnated...
conventional mustard oil,risky_overlap_with_positive_keyword,other_junk,manual_review,0.098622,1,1,0,oil; mustard oil,"Virender Sardana: ‘Ban on blending of mustard oil will benefit farmers, lead to more production of healthier alternative’","...of imported canola brands mainly from Canada, ventured into the Indian market, sold almost at double price of conventional mustard oil. All the canola grown in Canada and other major producing countries is transgenic/genetically modified (GM),..."
oilseeds,risky_overlap_with_positive_keyword,other_junk,drop,0.098333,2,3,0,oil,"Virender Sardana: ‘Ban on blending of mustard oil will benefit farmers, lead to more production of healthier alternative’","...sumption and decrease India’s dependence on oil import. Virender Sardana, principal agronomist and in-charge, oilseeds section, department of plant breeding and genetics, Punjab Agriculture University (PAU), Ludhiana, speaks to..."
adulterated food items,risky_overlap_with_positive_keyword,price/trade/market,drop,0.09681,1,1,0,adulterated,"Holi Crackdown: 30,000 Oil Packs Seized, Tonnes Of Fake Paneer Destroyed Across Uttar Pradesh","Ahead of Holi, authorities in Uttar Pradesh have intensified a statewide crackdown on adulterated food items to ensure festive food safety. Food Safety teams conducted raids across multiple districts, targeting fake pa..."
conducted raids,risky_overlap_with_positive_keyword,other_junk,drop,0.09681,1,1,0,raids; raid,"Holi Crackdown: 30,000 Oil Packs Seized, Tonnes Of Fake Paneer Destroyed Across Uttar Pradesh","...intensified a statewide crackdown on adulterated food items to ensure festive food safety. Food Safety teams conducted raids across multiple districts, targeting fake paneer, mawa and suspicious edible oil. In Ghaziabad, nearly 2,500..."
conducted raids across,risky_overlap_with_positive_keyword,other_junk,drop,0.09681,1,1,0,raids; raid,"Holi Crackdown: 30,000 Oil Packs Seized, Tonnes Of Fake Paneer Destroyed Across Uttar Pradesh","...intensified a statewide crackdown on adulterated food items to ensure festive food safety. Food Safety teams conducted raids across multiple districts, targeting fake paneer, mawa and suspicious edible oil. In Ghaziabad, nearly 2,500 kg of p..."
conducted raids across multiple,risky_overlap_with_positive_keyword,other_junk,drop,0.09681,1,1,0,raids; raid,"Holi Crackdown: 30,000 Oil Packs Seized, Tonnes Of Fake Paneer Destroyed Across Uttar Pradesh","...intensified a statewide crackdown on adulterated food items to ensure festive food safety. Food Safety teams conducted raids across multiple districts, targeting fake paneer, mawa and suspicious edible oil. In Ghaziabad, nearly 2,500 kg of paneer and..."
oil derived,risky_overlap_with_positive_keyword,other_junk,drop,0.096667,2,2,0,oil,1500 kg paneer adulterated with palm oil and acetic acid seized in this city - The Times of India,"...d industrial grade acetic acid were seized during the raid. What is Palm Oil? Palm oil is a type of vegetable oil derived from the fruit of the oil palm tree (Elaeis guineensis). It is widely used in food, cosmetics, and industrial..."
coconut,risky_overlap_with_positive_keyword,other_junk,drop,0.071667,1,5,0,adulterated coconut oil; coconut oil,"Virender Sardana: ‘Ban on blending of mustard oil will benefit farmers, lead to more production of healthier alternative’","...l extracted from rice bran, corn or maize, cottonseed and from several tree borne oilseed (TBO) crops such as coconut, palm and olive is also used for edible purposes, directly or after blending with traditional edible oils. Wh..."
import palm oil,risky_overlap_with_positive_keyword,price/trade/market,manual_review,0.06915,0,0,0,oil; palm oil,,
oil contains,risky_overlap_with_positive_keyword,other_junk,drop,0.066667,1,2,0,oil,"Virender Sardana: ‘Ban on blending of mustard oil will benefit farmers, lead to more production of healthier alternative’","...cent), palm (51 per cent) oils, groundnut, soybean, corn and cottonseed oils (15 per cent). Rapeseed-mustard oil contains about 20-35 per cent PUFAs which are higher than those present in olive, coconut, palm or corn oils (usually..."
safety department,risky_overlap_with_positive_keyword,other_junk,drop,0.066667,1,2,0,food safety department,"Paneer adulterated with vegetable oil, FDA collects samples | Noida News - Times of India","...llegations and, on top of it, claimed that I had mixed vegetable oil in it,â he said. Officials from the food safety department took cognizance of the video and began an investigation. âWe sent a team to take the samples which will be se..."
around containers edible oil,risky_overlap_with_positive_keyword,other_junk,manual_review,0.065143,0,0,0,oil; edible oil,,
containers edible oil,risky_overlap_with_positive_keyword,other_junk,manual_review,0.065143,0,0,0,oil; edible oil,,
containers edible oil four,risky_overlap_with_positive_keyword,other_junk,manual_review,0.065143,0,0,0,oil; edible oil,,
crackdown adulterated,risky_overlap_with_positive_keyword,price/trade/market,manual_review,0.065143,0,0,0,crackdown; adulterated,,
crackdown adulterated food,risky_overlap_with_positive_keyword,price/trade/market,manual_review,0.065143,0,0,0,crackdown; adulterated,,
crackdown adulterated food items,risky_overlap_with_positive_keyword,price/trade/market,manual_review,0.065143,0,0,0,crackdown; adulterated,,
adulterated food items ensure,risky_overlap_with_positive_keyword,price/trade/market,drop,0.065143,0,0,0,adulterated,,
dehat officials seized,risky_overlap_with_positive_keyword,other_junk,drop,0.065143,0,0,0,seized,,
dehat officials seized around,risky_overlap_with_positive_keyword,other_junk,drop,0.065143,0,0,0,seized,,
acids in any oil,risky_overlap_with_positive_keyword,other_junk,drop,0.065,1,1,0,oil,"Virender Sardana: ‘Ban on blending of mustard oil will benefit farmers, lead to more production of healthier alternative’","...il is determined by its fatty acid composition, which differs from oil to oil. There are three types of fatty acids in any oil including saturated fatty acids (SFAs), mono-unsaturated fatty acids (MUFAs) and polyunsaturated fatty acids..."
blending mustard,risky_overlap_with_positive_keyword,other_junk,drop,0.065,1,1,0,blending,"Virender Sardana: ‘Ban on blending of mustard oil will benefit farmers, lead to more production of healthier alternative’","...fter the outbreak of dropsy (due to adulteration of mustard oil) in the late 1990s, the government pushed for blending mustard oil with other edible oils. Experts see the FSSAI’s decision as a big opportunity for mustard growers in Indi..."
cent of its oil,risky_overlap_with_positive_keyword,other_junk,drop,0.065,1,1,0,oil,"Virender Sardana: ‘Ban on blending of mustard oil will benefit farmers, lead to more production of healthier alternative’","...tares in 1974-75 to merely 38,000 hectares now. It is dependent on import of oil for meeting more than 60 per cent of its oil needs. Mustard oil was mostly blended with palm oil, which is imported in huge quantities and not considered..."
decrease india dependence oil,risky_overlap_with_positive_keyword,other_junk,manual_review,0.033333,0,0,0,oil,,
india dependence oil,risky_overlap_with_positive_keyword,other_junk,manual_review,0.033333,0,0,0,oil,,
india dependence oil import,risky_overlap_with_positive_keyword,price/trade/market,manual_review,0.033333,0,0,0,oil,,
dependence oil,risky_overlap_with_positive_keyword,other_junk,drop,0.033333,0,0,0,oil,,
dependence oil import,risky_overlap_with_positive_keyword,price/trade/market,drop,0.033333,0,0,0,oil,,
oil human,risky_overlap_with_positive_keyword,other_junk,drop,0.033333,0,0,0,oil,,
oil human consumption,risky_overlap_with_positive_keyword,other_junk,drop,0.033333,0,0,0,oil,,
oil oil,risky_overlap_with_positive_keyword,other_junk,drop,0.033333,0,0,0,oil,,
oil per,risky_overlap_with_positive_keyword,other_junk,drop,0.033333,0,0,0,oil,,
oil per cent,risky_overlap_with_positive_keyword,other_junk,drop,0.033333,0,0,0,oil,,
oil,do_not_not_exact_positive_kept,other_junk,manual_review,0.785484,5,90,1,oil,"Paneer adulterated with vegetable oil, FDA collects samples | Noida News - Times of India","...IDA: A Greater Noida resident claimed a block of paneer he bought from a local store was laced with vegetable oil â a commonly used as adulterant to keep cottage cheese soft for long. Gaurav Kumar Yadav, a resident of Stel..."
palm oil,do_not_not_exact_positive_kept,other_junk,keep_core,0.36466,3,14,1,palm oil,1500 kg paneer adulterated with palm oil and acetic acid seized in this city - The Times of India,"...and chemicals being used for the manufacturing of the fake paneer including adulterants, large quantities of palm oil and industrial grade acetic acid were seized during the raid. What is Palm Oil? Palm oil is a type of vegetab..."
adulterated,do_not_not_exact_positive_kept,price/trade/market,manual_review,0.333272,3,9,1,adulterated,"Paneer adulterated with vegetable oil, FDA collects samples | Noida News - Times of India","...from there. Several local restaurants also purchase paneer from the store and we may have been consuming the adulterated product for long,â he said. Yadav also posted a video of the adulterated paneer on X, which was shared severa..."
food safety,do_not_not_exact_positive_kept,other_junk,manual_review,0.297756,3,5,1,food safety,"Paneer adulterated with vegetable oil, FDA collects samples | Noida News - Times of India","...the allegations and, on top of it, claimed that I had mixed vegetable oil in it,â he said. Officials from the food safety department took cognizance of the video and began an investigation. âWe sent a team to take the samples which..."
mustard oil,do_not_not_exact_positive_kept,other_junk,manual_review,0.291813,2,23,1,mustard oil,"Paneer adulterated with vegetable oil, FDA collects samples | Noida News - Times of India","...milk producers, while genuine issues like adulterated paneer go unaddressed. How is olive oil different from mustard oil?Mustard oil, derived from mustard seeds, has been a staple in Indian cuisine, known for its strong flavor and..."
edible oil,do_not_not_exact_positive_kept,other_junk,manual_review,0.26617,2,5,1,edible oil,"Virender Sardana: ‘Ban on blending of mustard oil will benefit farmers, lead to more production of healthier alternative’","...y intake. Generally speaking, however, good quality oil should be taken in moderation only. What is the ideal edible oil? An ideal cooking oil is one that contains healthy fats and nutrients, and does not break down on heating. Wh..."
fake,do_not_not_exact_positive_kept,other_junk,manual_review,0.200308,3,3,1,fake,"Paneer adulterated with vegetable oil, FDA collects samples | Noida News - Times of India","...lterated? How to check the purity of tea leaves?Government officials in Cuttack, Odisha, recently uncovered a fake tea powder manufacturing unit, highlighting rising concerns about food adulteration. Huge quantities of adult..."
seized,do_not_not_exact_positive_kept,other_junk,manual_review,0.19772,2,5,1,seized,1500 kg paneer adulterated with palm oil and acetic acid seized in this city - The Times of India,"...nd the detailed report. As per the latest news report In a raid, the Food and Drug Control Administration has seized 1500 kgs of adulterated paneer being manufactured in Ahmedabad, Gujarat. The incident happened on 4 February..."
raids,do_not_not_exact_positive_kept,other_junk,drop,0.130287,1,2,1,raids,"Holi Crackdown: 30,000 Oil Packs Seized, Tonnes Of Fake Paneer Destroyed Across Uttar Pradesh","...ed a statewide crackdown on adulterated food items to ensure festive food safety. Food Safety teams conducted raids across multiple districts, targeting fake paneer, mawa and suspicious edible oil. In Ghaziabad, nearly 2,500..."
adulteration,do_not_not_exact_positive_kept,other_junk,drop,0.13,3,4,1,adulteration,"Paneer adulterated with vegetable oil, FDA collects samples | Noida News - Times of India",...milk adulterationThe Progressive Dairy Farmers Association (PDFA) dismissed social media accusations of milk adulteration affecting consumer health. PDFA President Daljit Singh emphasized the necessity of government checks to ensur...
raid,do_not_not_exact_positive_kept,other_junk,drop,0.098333,2,3,1,raid,"Paneer adulterated with vegetable oil, FDA collects samples | Noida News - Times of India","...cerns about food adulteration. Huge quantities of adulterated tea and packaging materials were found during a raid. The article offers tips on checking tea purity at home through appearance, aroma, taste, and solubility test..."
crackdown,do_not_not_exact_positive_kept,other_junk,drop,0.09681,1,1,1,crackdown,"Holi Crackdown: 30,000 Oil Packs Seized, Tonnes Of Fake Paneer Destroyed Across Uttar Pradesh","Ahead of Holi, authorities in Uttar Pradesh have intensified a statewide crackdown on adulterated food items to ensure festive food safety. Food Safety teams conducted raids across multiple di..."
fssai,do_not_not_exact_positive_kept,other_junk,drop,0.068333,1,3,1,fssai,"Virender Sardana: ‘Ban on blending of mustard oil will benefit farmers, lead to more production of healthier alternative’","...ending of mustard oil will benefit farmers, lead to more production of healthier alternative’ Experts see the FSSAI’s decision as a big opportunity for mustard growers in India and replacing traditional rapeseed-mustard oil v..."
food safety department,do_not_not_exact_positive_kept,other_junk,drop,0.066667,1,2,1,food safety department,"Paneer adulterated with vegetable oil, FDA collects samples | Noida News - Times of India","...the allegations and, on top of it, claimed that I had mixed vegetable oil in it,â he said. Officials from the food safety department took cognizance of the video and began an investigation. âWe sent a team to take the samples which will be se..."
