round_number,final_keep,final_human_label,title,source,date,url,domain,oil_role,model_final_label,model_confidence,reason,evidence_phrase,query_family,query_id,human_review_status,word_count
1,1,relevant,FDA seizes edible oil worth over Rs 9L | Nashik News - Times of India,indiatimes.com,2021-03-10,https://timesofindia.indiatimes.com/city/nashik/fda-seizes-edible-oil-worth-over-rs-9l/articleshow/81418956.cms,timesofindia.indiatimes.com,adulterated_product,relevant,1.0,LLM reading: edible oil is itself the adulterated product,"seized four tanks containing 7,000kg of refined soybean oil",title_only,title_oils_enforcement,human_reviewed,232
1,1,relevant,Patanjali mustard oil found to be of substandard food quality: Rajasthan govt,indiatoday.in,2021-06-10,https://www.indiatoday.in/india/rajasthan/story/patanjali-mustard-oil-substandard-quality-rajasthan-govt-1812995-2021-06-10?utm_source=rss,indiatoday.in,adulterated_product,relevant,1.0,LLM reading: Mustard oil is itself the adulterated food product.,Mustard oil sold by Baba Ramdev’s company Patanjali has been found to be of substandard quality...,boolean,boolean_named_oils_fraud,human_reviewed,259
1,1,relevant,"Nagpur: Adulterated edible oil racket busted, 3 booked | Nagpur News - Times of India",indiatimes.com,2021-06-17,https://timesofindia.indiatimes.com/city/nagpur/adulterated-edible-oil-racket-busted-3-booked/articleshow/83588940.cms,timesofindia.indiatimes.com,adulterated_product,relevant,1.0,LLM reading: adulterated edible oil manufacturing unit and seized a huge quantity of adulterated oil being marketed as reputed brands,"28 15-litre tins of impure edible oil, fake stickers and other material",boolean,boolean_core_oils_fraud,human_reviewed,186
1,1,relevant,SPECS presents report on adulteration in Mustard Oil,garhwalpost.in,2021-10-30,https://garhwalpost.in/specs-presents-report-on-adulteration-in-mustard-oil/,garhwalpost.in,adulterated_product,relevant,1.0,LLM reading: Mustard oil is itself the adulterated food product.,As many as 415 samples were found adulterated out of 469 samples of Mustard oil.,boolean,boolean_named_oils_fraud,human_reviewed,336
1,1,relevant,185 spurious mustard oil cans seized in Burrabazar | Kolkata News - Times of India,indiatimes.com,2021-11-27,https://timesofindia.indiatimes.com/city/kolkata/185-spurious-mustard-oil-cans-seized-in-burrabazar/articleshow/87938067.cms,timesofindia.indiatimes.com,adulterated_product,relevant,1.0,LLM reading: Mustard oil is itself the adulterated product.,The EB have seized huge stocks of adulterated mustard oil from three godowns in Burrabazar.,boolean,boolean_core_oils_fraud,human_reviewed,527
1,1,relevant,"FSSAI says 2.42% of 4,461 different edible oils samples found to be of sub-standard quality",financialexpress.com,2021-12-29,https://www.financialexpress.com/industry/fssai-says-2-42-of-4461-different-edible-oils-samples-found-to-be-of-sub-standard-quality/2393346/,financialexpress.com,adulterated_product,relevant,1.0,LLM reading: edible oil adulteration incident,"2.42 per cent of the 4,461 samples of different edible oils from 587 districts and four metros are found to be non-compliant with safety parameters",boolean,boolean_oils_enforcement_evidence,human_reviewed,466
1,1,relevant,24% edible oil samples adulterated: FSSAI | Today News,livemint.com,2021-12-29,https://www.livemint.com/news/india/24-edible-oil-samples-adulterated-fssai-11640775486648.html,livemint.com,adulterated_product,relevant,1.0,"LLM reading: edible oil samples adulterated, failed quality metrics","24.2% or 1,080 samples were non-compliant on various quality metrics.",boolean,boolean_core_oils_fraud,human_reviewed,487
1,1,relevant,â¹50-lakh Worth Edible Oil Seized | Visakhapatnam News - Times of India,indiatimes.com,2022-03-08,https://timesofindia.indiatimes.com/city/visakhapatnam/50-lakh-worth-edible-oil-seized/articleshow/90063876.cms,timesofindia.indiatimes.com,adulterated_product,relevant,1.0,LLM reading: edible oil is the adulterated product,"47,141 liters of edible oil from a wholesale dealer",title_only,title_oils_enforcement,conflict_resolved,71
1,1,relevant,Fsda Busts Unit Making Adulterated Vegetable Oil | Varanasi News - Times of India,indiatimes.com,2022-05-22,https://timesofindia.indiatimes.com/city/varanasi/fsda-busts-unit-making-adulterated-vegetable-oil/articleshow/91716833.cms,timesofindia.indiatimes.com,adulterated_product,relevant,1.0,LLM reading: adulterated vegetable oil is the main subject of the article,adulterated oil was being packed in containers of prominent mustard and soyabean oil brands,boolean,boolean_oils_enforcement_evidence,human_reviewed,238
1,1,relevant,Delhi govt carrying out drive against adulteration of edible oils,theweek.in,2022-08-12,http://www.theweek.in/news/biz-tech/2022/08/12/delhi-govt-carrying-out-drive-against-adulteration-of-edible-oil.html,theweek.in,adulterated_product,relevant,1.0,LLM reading: edible oil adulteration drive mentioned,"Focus of this drive is to identify adulteration in multi source edible oils (MSEO) and other edible oils like soyabean oil, rice bran oil, sunflower oil, among others.",boolean,boolean_oils_enforcement_evidence,human_reviewed,258
1,1,relevant,"Loose Cooking Oil Seized, Fir Lodged Against Proprietor | Indore News - Times of India",indiatimes.com,2022-08-18,https://timesofindia.indiatimes.com/city/indore/loose-cooking-oil-seized-fir-lodged-against-proprietor/articleshow/93627772.cms,timesofindia.indiatimes.com,adulterated_product,relevant,1.0,LLM reading: Cooking oil is itself the adulterated product.,"seized soyabean oil worth Rs 34,500 on suspicion adulteration",boolean,boolean_core_oils_fraud,human_reviewed,110
1,1,relevant,"FDA busts fake edible oil racket, 1,925 litres seized | Nagpur News - Times of India",indiatimes.com,2022-09-03,https://timesofindia.indiatimes.com/city/nagpur/fda-busts-fake-edible-oil-racket-1925-litres-seized/articleshow/93957827.cms,timesofindia.indiatimes.com,adulterated_product,relevant,1.0,LLM reading: edible oil is itself the adulterated product,"1,925 litres of inferior quality oil worth Rs2.77 lakh",boolean,boolean_core_oils_fraud,human_reviewed,249
1,1,relevant,FDA adopts zero-tolerance policy for edible oil sold loose and in reused tins | Nagpur News - Times of India,indiatimes.com,2022-10-04,https://timesofindia.indiatimes.com/city/nagpur/fda-adopts-zero-tolerance-policy-for-edible-oil-sold-loose-and-in-reused-tins/articleshow/94628169.cms,timesofindia.indiatimes.com,adulterated_product,relevant,1.0,"LLM reading: edible oil is itself the adulterated product, not just an adulterant in another food","seized 2,075 kgs of edible oils worth more than Rs 2.99 lakhs",boolean,boolean_core_oils_fraud,human_reviewed,323
1,1,relevant,"16,600 Kg Mustard Oil Seized In Vki | Jaipur News - Times of India",indiatimes.com,2022-10-14,https://timesofindia.indiatimes.com/city/jaipur/16600-kg-mustard-oil-seized-in-vki/articleshow/94848908.cms,timesofindia.indiatimes.com,adulterated_product,relevant,1.0,LLM reading: Mustard oil is the adulterated product,166 quintals of mustard oil in Vishwakarma Industrial (VKI) area on suspicion that they were adulterated,title_only,title_oils_enforcement,human_reviewed,115
1,1,relevant,"Uttarakhand: A year on, mustard oil manufacturer, supplier penalised for adulteration | Dehradun News - Times of India",indiatimes.com,2022-10-17,https://timesofindia.indiatimes.com/city/dehradun/uttarakhand-a-year-on-mustard-oil-manufacturer-supplier-penalised-for-adulteration/articleshow/94903787.cms,timesofindia.indiatimes.com,adulterated_product,relevant,1.0,LLM reading: Mustard oil is itself the adulterated food product.,"The samples of sugar, gram flour and mustard oil were sent to the lab for examination. In July 2021, its report came, which suggested that mustard oil was adulterated.",title_only,title_named_oils_fraud,human_reviewed,184
1,1,relevant,Govt Cracks Down On Sale Of Adulterated Coconut Oil | Thiruvananthapuram News - Times of India,indiatimes.com,2022-11-17,https://timesofindia.indiatimes.com/city/thiruvananthapuram/govt-cracks-down-on-sale-of-adulterated-coconut-oil/articleshow/95568940.cms,timesofindia.indiatimes.com,adulterated_product,relevant,1.0,LLM reading: coconut oil is itself adulterated,The food safety department has launched a special drive across the state as part of its crackdown on adulterated coconut oil.,title_only,title_named_oils_fraud,human_reviewed,264
1,1,relevant,Food Dept Seizes 831l Mustard Oil | Kanpur News - Times of India,indiatimes.com,2023-03-06,https://timesofindia.indiatimes.com/city/kanpur/food-dept-seizes-831l-mustard-oil/articleshow/98439612.cms,timesofindia.indiatimes.com,adulterated_product,relevant,1.0,LLM reading: Mustard oil is itself the adulterated product,Food security and drug administration department on Sunday seized around 831 litre of mustard oil,title_only,title_oils_enforcement,conflict_resolved,176
1,1,relevant,Food safety department locks and seals two cooking oil mills in Trichy city | Trichy News - Times of India,indiatimes.com,2023-05-28,https://timesofindia.indiatimes.com/city/trichy/food-safety-department-locks-and-seal-two-cooking-oil-mills-in-trichy-city/articleshow/100572169.cms,timesofindia.indiatimes.com,adulterated_product,relevant,1.0,LLM reading: cooking oil is itself adulterated and seized by the authorities,the test results found that the cooking oil was adulterated,boolean,boolean_core_oils_fraud,human_reviewed,289
1,1,relevant,Navi Mumbai: 7 booked for selling adulterated edible oil,mid-day.com,2023-12-07,https://www.mid-day.com/mumbai/mumbai-crime-news/article/navi-mumbai-7-booked-for-selling-adulterated-edible-oil-23323774,mid-day.com,adulterated_product,relevant,1.0,LLM reading: edible oil is itself the adulterated product,"adulterated edible oil, animal fats and other harmful substances were being mixed in palm oil",boolean,boolean_core_oils_fraud,human_reviewed,120
1,1,relevant,"Govt seizes 18,000 litres of fake cooking oil: Why they can be harmful, and tips to identify them",indianexpress.com,2024-06-04,https://indianexpress.com/article/lifestyle/food-wine/govt-seizes-fake-cooking-oil-harms-how-to-identify-9369475/,indianexpress.com,adulterated_product,relevant,1.0,LLM reading: strictly relevant to adulterated edible oil,"The fake cooking oil was being prepared by using duplicated labels of various famous brands by misbranding these items, along with adulteration,",boolean,boolean_core_oils_fraud,human_reviewed,438
1,1,relevant,How to identify fake cooking oil? (FSSAI recommended tips) - Times of India,indiatimes.com,2024-06-04,https://timesofindia.indiatimes.com/life-style/health-fitness/health-news/how-to-identify-fake-cooking-oil-fssai-recommended-tips/articleshow/110694766.cms,timesofindia.indiatimes.com,adulterated_product,relevant,1.0,LLM reading: Article discusses identifying fake cooking oil and provides tips for consumers.,"Nearly 18,000 litres of fake cooking oil was seized by the medical department in Ajmer...",boolean,boolean_core_oils_fraud,human_reviewed,705
1,1,relevant,Fake Edible Oil Ingredients: 6 harmful ingredients found in fake edible oil | - Times of India,indiatimes.com,2024-06-05,https://timesofindia.indiatimes.com/life-style/food-news/harmful-ingredients-in-fake-edible-oil/articleshow/110737364.cms,timesofindia.indiatimes.com,adulterated_product,relevant,1.0,LLM reading: edible oil itself is adulterated with harmful ingredients,"18,000 litres of fake edible oil were seized in Ajmer, Rajasthan",boolean,boolean_core_oils_fraud,human_reviewed,502
1,1,relevant,Vigilance Raids Target Illegal Edible Oil Hoarding Amid Festival Price Surge | Vijayawada News - The Times of India,indiatimes.com,2024-09-18,https://timesofindia.indiatimes.com/city/vijayawada/vigilance-raids-target-illegal-edible-oil-hoarding-amid-festival-price-surge/articleshow/113467007.cms,timesofindia.indiatimes.com,adulterated_product,relevant,1.0,LLM reading: edible oil adulteration incident mentioned,trading of adulterated edible oils,boolean,boolean_core_oils_fraud,human_reviewed,236
1,1,relevant,Adulterated mustard oil behind 3 dropsy deaths in Nabha: report,hindustantimes.com,2024-10-14,https://www.hindustantimes.com/cities/chandigarh-news/adulterated-mustard-oil-behind-3-dropsy-deaths-in-nabha-report-101728847891766.html,hindustantimes.com,adulterated_product,relevant,1.0,LLM reading: adulterated mustard oil is the main subject of the article,The Kharar-based state food lab report has confirmed that mustard oil adulterated with the poisonous argemone mexicana seeds led to the deaths of three members of a family due to dropsy in Nabha last month.,boolean,boolean_named_oils_fraud,human_reviewed,357
1,1,relevant,"Dahod Police Bust Major Spurious Cooking Oil Racket, Seize Goods Worth Over Rs 15 Lakhs | Vadodara News - Times of India",indiatimes.com,2024-12-10,https://timesofindia.indiatimes.com/city/vadodara/dahod-police-bust-major-spurious-cooking-oil-racket-seize-goods-worth-over-rs-15-lakhs/articleshow/116183542.cms,timesofindia.indiatimes.com,adulterated_product,relevant,1.0,"LLM reading: spurious cooking oil seized, suspected palm oil found",suspected spurious cooking oil... a large stock of suspected palm oil,boolean,boolean_core_oils_fraud,human_reviewed,257
1,1,relevant,Hc Questions Lack Of Local Testing Infra For Mustard Oil Adulteration | Chandigarh News - Times of India,indiatimes.com,2024-12-15,https://timesofindia.indiatimes.com/city/chandigarh/hc-questions-lack-of-local-testing-infra-for-mustard-oil-adulteration/articleshow/116327780.cms,timesofindia.indiatimes.com,adulterated_product,relevant,1.0,LLM reading: Mustard oil adulteration is the main topic of the article.,"cases of food adulteration rise, especially in edible oils",boolean,boolean_named_oils_fraud,human_reviewed,418
1,1,relevant,"Unsafe cooking oil, food items disposed of | Vadodara News - The Times of India",indiatimes.com,2025-03-04,https://timesofindia.indiatimes.com/city/vadodara/unsafe-cooking-oil-food-items-disposed-of/articleshow/118691575.cms,timesofindia.indiatimes.com,adulterated_product,relevant,1.0,LLM reading: cooking oil itself is adulterated/fake/unsafe,78kg of oil used for frying at these eateries was not fit for consumption,title_only,title_core_oils_fraud,human_reviewed,167
1,1,relevant,"Crackdown on food adulteration: 112 kg rice bran oil destroyed, substandard sauces seized in Lucknow",hindustantimes.com,2025-03-12,https://www.hindustantimes.com/cities/lucknow-news/crackdown-on-food-adulteration-112-kg-rice-bran-oil-destroyed-substandard-sauces-seized-in-lucknow-101741721802362.html,hindustantimes.com,adulterated_product,relevant,1.0,LLM reading: rice bran oil is itself adulterated and destroyed,112kg of rice bran oil that was being manufactured under unhygienic conditions,boolean,boolean_named_oils_fraud,human_reviewed,471
1,1,relevant,Health dept seizes 352 boxes of refined oil after 6 hospitalised,hindustantimes.com,2025-04-22,https://www.hindustantimes.com/cities/chandigarh-news/health-dept-seizes-352-boxes-of-refined-oil-after-6-hospitalised-101745259236048.html,hindustantimes.com,adulterated_product,relevant,1.0,LLM reading: refined oil itself was adulterated with high levels of Vitamin D,preliminary analysis of an oil sample linked to the cases has revealed abnormally high levels of Vitamin D,title_only,title_oils_enforcement,human_reviewed,464
1,1,relevant,AMC seizes 105 tins of suspicious cooking oil from Behrampura - The Times of India,indiatimes.com,2025-04-26,https://timesofindia.indiatimes.com/city/ahmedabad/amc-seizes-105-tins-of-suspicious-cooking-oil-from-behrampura/articleshow/120648762.cms,timesofindia.indiatimes.com,adulterated_product,relevant,1.0,LLM reading: Cooking oil is itself the adulterated product.,"Due to suspicions about the cooking oil, 105 tins... were seized.",boolean,boolean_core_oils_fraud,human_reviewed,412
1,1,relevant,Oil purity test: Adulterated mustard oil seized in Ghaziabad: How to check oil purity at home | - The Times of India,indiatimes.com,2025-06-11,https://timesofindia.indiatimes.com/life-style/food-news/adulterated-mustard-oil-seized-in-ghaziabad-how-to-check-oil-purity-at-home/articleshow/121774827.cms,timesofindia.indiatimes.com,adulterated_product,relevant,1.0,LLM reading: Mustard oil is itself the adulterated product.,adulterated mustard oil seized in Ghaziabad,boolean,boolean_core_oils_fraud,human_reviewed,332
1,1,relevant,Substandard edible oil found in Nandurbar: Minister warns of action,indianexpress.com,2025-07-07,https://indianexpress.com/article/cities/mumbai/substandard-edible-oil-found-in-nandurbar-minister-warns-of-action-10112216/,indianexpress.com,adulterated_product,relevant,1.0,"LLM reading: edible oil samples failed to meet food safety standards, and action will be taken against the guilty",several edible oil samples collected in Nandurbar district have failed to meet food safety standards,boolean,boolean_core_oils_fraud,human_reviewed,252
1,1,relevant,Court fines 2 for selling adulterated mustard oil in Ghaziabad | Noida News - The Times of India,indiatimes.com,2025-07-26,https://timesofindia.indiatimes.com/city/noida/court-fines-2-for-selling-adulterated-mustard-oil-in-ghaziabad/articleshow/122912688.cms,timesofindia.indiatimes.com,adulterated_product,relevant,1.0,LLM reading: adulterated mustard oil is mentioned as the product being sold and fined upon,storing and selling substandard mustard oil,boolean,boolean_named_oils_fraud,human_reviewed,247
1,1,relevant,16k litres of fake coconut oil seized | Thiruvananthapuram News - Times of India,indiatimes.com,2025-08-14,https://timesofindia.indiatimes.com/city/thiruvananthapuram/16k-litres-of-fake-coconut-oil-seized/articleshow/123288376.cms,timesofindia.indiatimes.com,adulterated_product,relevant,1.0,"LLM reading: coconut oil is itself the adulterated, fake product",16k litres of fake coconut oil seized,boolean,boolean_named_oils_fraud,human_reviewed,132
1,1,relevant,"Kerala seizes 17,000 litres of fake coconut oil, raids intensified ahead of Onam",uniindia.com,2025-08-20,http://www.uniindia.com/kerala-seizes-17-000-litres-of-fake-coconut-oil-raids-intensified-ahead-of-onam/south/news/3550881.html,uniindia.com,adulterated_product,irrelevant,1.0,LLM reading: no mention of edible oil adulteration in article,"Kerala seizes 17,000 litres of fake coconut oil, raids intensified ahead of Onam More News22 Jun 2026 | 3:50 PMKhammam, June 22 (UNI) Telangana Deputy Chi",title_only,title_named_oils_fraud,human_reviewed,287
1,1,relevant,FSDA seizes substandard supply of edible oil worth 30L | Kanpur News - The Times of India,indiatimes.com,2025-10-10,https://timesofindia.indiatimes.com/city/kanpur/fsda-seizes-substandard-supply-of-edible-oil-worth-30l/articleshow/124437838.cms,timesofindia.indiatimes.com,adulterated_product,relevant,1.0,LLM reading: edible oil is itself the adulterated product,"19,944 litres of edible oil worth Rs 30,22,468 was seized",boolean,boolean_core_oils_fraud,human_reviewed,175
1,1,relevant,Adulterated edible oil worth Rs53L seized in Kanpur raid | Kanpur News - The Times of India,indiatimes.com,2025-10-11,https://timesofindia.indiatimes.com/city/kanpur/adulterated-edible-oil-worth-rs53l-seized-in-kanpur-raid/articleshow/124465364.cms,timesofindia.indiatimes.com,adulterated_product,relevant,1.0,LLM reading: edible oil is itself the adulterated food product,"approximately 35,727 litres of edible oil worth Rs53 lakh",boolean,boolean_core_oils_fraud,human_reviewed,247
1,1,relevant,Maha FDA seizes edible oil worth Rs23L | Nagpur News - The Times of India,indiatimes.com,2025-10-16,https://timesofindia.indiatimes.com/city/nagpur/maha-fda-seizes-edible-oil-worth-rs23l/articleshow/124589903.cms,timesofindia.indiatimes.com,adulterated_product,relevant,1.0,LLM reading: edible oil is the adulterated product,seized soyabean oil worth Rs22.68 lakh,boolean,boolean_core_oils_fraud,human_reviewed,133
1,1,relevant,Fake Coconut Oil Identity: Signs your coconut oil is fake and how to spot the real one,indiatimes.com,2025-11-03,https://timesofindia.indiatimes.com/life-style/beauty/signs-your-coconut-oil-is-fake-and-how-to-spot-the-real-one/photostory/124849847.cms,timesofindia.indiatimes.com,adulterated_product,relevant,1.0,LLM reading: coconut oil is itself adulterated or fake,adulteration of coconut oil involves the addition of cheaper oils available in the market,boolean,boolean_named_oils_fraud,conflict_resolved,479
1,1,relevant,"Inspection throws up health scare in form of expired foods, fake oil | Jaipur News - The Times of India",indiatimes.com,2025-12-03,https://timesofindia.indiatimes.com/city/jaipur/inspection-throws-up-health-scare-in-form-of-expired-foods-fake-oil/articleshow/125727900.cms,timesofindia.indiatimes.com,adulterated_product,relevant,1.0,LLM reading: fake oil was found during inspection,"In a separate action, food safety officers investigated a complaint of fake Sona Sikka brand groundnut oil allegedly being sold in Jaipur.",boolean,boolean_named_oils_fraud,human_reviewed,259
1,1,relevant,Fake cooking oil supply deal costs Thane businessman Rs 50 lakh,mid-day.com,2026-01-02,https://www.mid-day.com/mumbai/mumbai-crime-news/article/thane-businessman-cheated-of-rs-50-lakh-in-fake-cooking-oil-deal-23610294,mid-day.com,adulterated_product,relevant,1.0,LLM reading: cooking oil is itself the adulterated product,fake cooking oil deal,title_only,title_core_oils_fraud,human_reviewed,123
1,1,relevant,40 liters of unsafe cooking oil and 40 kg rotten tomatoes found in a popular fast food outlet in Jaipur - The Times of India,indiatimes.com,2026-02-13,https://timesofindia.indiatimes.com/life-style/food-news/40-liters-of-unsafe-cooking-oil-and-40-kg-rotten-tomatoes-found-in-a-popular-fast-food-outlet-in-jaipur/articleshow/128305861.cms,timesofindia.indiatimes.com,adulterated_product,relevant,1.0,LLM reading: unsafe cooking oil found in a fast food outlet,higher than permissible levels of total polar compound (TPC) levels in the refined palm cooking oil used for French fries and other items,title_only,title_core_oils_fraud,human_reviewed,335
1,1,relevant,"Food safety teams seize adulterated khoya in Agra, edible oil in Mânagar | Agra News - The Times of India",indiatimes.com,2026-02-22,https://timesofindia.indiatimes.com/city/agra/food-safety-teams-seize-adulterated-khoya-in-agra-edible-oil-in-mnagar/articleshow/128652372.cms,timesofindia.indiatimes.com,adulterated_product,relevant,1.0,LLM reading: edible oil is itself the adulterated product,"12,000 litres of adulterated edible oil in Muzaffarnagar",boolean,boolean_core_oils_fraud,human_reviewed,243
1,1,relevant,"Coconut Oil Purity Test: FSSAI shares simple trick to detect adulteration in the oil you use for hair, skin and food",indiatimes.com,2026-03-10,https://economictimes.indiatimes.com/news/new-updates/coconut-oil-purity-test-fssai-shares-simple-trick-to-detect-adulteration-in-the-oil-you-use-for-hair-skin-and-food/articleshow/129389742.cms,economictimes.indiatimes.com,adulterated_product,relevant,1.0,LLM reading: coconut oil is itself the adulterated food product,"Coconut Oil Purity Test: FSSAI shares simple trick to detect adulteration in the oil you use for hair, skin and food",boolean,boolean_named_oils_fraud,conflict_resolved,470
1,1,relevant,"Madhapur SOT busts adulterated cooking oil racket, two arrested",etemaaddaily.com,2026-03-10,https://www.en.etemaaddaily.com/world/hyderabad/madhapur-sot-busts-adulterated-cooking-oil-racket-two-arrested:191020,en.etemaaddaily.com,adulterated_product,relevant,1.0,LLM reading: adulterated cooking oil racket busted,Madhapur SOT busts adulterated cooking oil racket,boolean,boolean_core_oils_fraud,human_reviewed,694
1,1,relevant,"Dark discoloration, high TPC levels found in used cooking oil of famous fast food chain: What FSSAI says about the health risks",indiatimes.com,2026-05-05,https://timesofindia.indiatimes.com/life-style/food-news/dark-discoloration-high-tpc-levels-found-in-cooking-oil-of-famous-fast-food-chain-what-fssai-says-about-the-health-risks/articleshow/130833701.cms,timesofindia.indiatimes.com,adulterated_product,relevant,1.0,"LLM reading: Used cooking oil is itself the adulterated food product, with high TPC levels and dark discoloration.",The TPC (Total Polar Compounds) levels in the cooking oil were found to be above permissible limits with dark discoloration.,boolean,boolean_core_oils_fraud,human_reviewed,572
1,1,relevant,Hyderabad: Food safety inspection flags unsafe oil at KFC outlet in Kondapur,siasat.com,2026-05-05,https://www.siasat.com/hyderabad-food-safety-inspection-flags-unsafe-oil-at-kfc-outlet-in-kondapur-3465689/,siasat.com,adulterated_product,relevant,1.0,LLM reading: unsafe cooking oil at KFC outlet,Total Polar Compounds (TPC) levels in the cooking oil were found to be above the permissible limits,proximity,proximity_oil_food_safety,human_reviewed,261
1,1,relevant,"4,000 litres of suspected adulterated oil seized | Kanpur News - The Times of India",indiatimes.com,2026-05-17,https://timesofindia.indiatimes.com/city/kanpur/4000-litres-of-suspected-adulterated-oil-seized/articleshow/131143712.cms,timesofindia.indiatimes.com,adulterated_product,relevant,1.0,LLM reading: edible oil was seized as suspected adulterated product,"4,000 litres of suspected adulterated edible oil",boolean,boolean_core_oils_fraud,human_reviewed,195
1,1,relevant,Daltonganj police seize spurious edible oil | Ranchi News - The Times of India,indiatimes.com,2026-06-18,https://timesofindia.indiatimes.com/city/ranchi/daltonganj-police-seize-spurious-edible-oil/articleshow/131829588.cms,timesofindia.indiatimes.com,adulterated_product,relevant,1.0,LLM reading: edible oil is itself the adulterated product,spurious edible oil of a popular brand was busted,boolean,boolean_core_oils_fraud,human_reviewed,159
1,1,relevant,"Unsafe cooking oil, pungent smell found at KFC in Hyderabad",siasat.com,2026-06-21,https://www.siasat.com/unsafe-cooking-oil-pungent-smell-found-at-kfc-in-hyderabad-3493459/,siasat.com,adulterated_product,relevant,1.0,LLM reading: unsafe cooking oil found at KFC outlet,unsafe cooking oil,boolean,boolean_core_oils_fraud,human_reviewed,138
1,1,relevant,Mumbai: Over 50% edible oils seized in raids found non-certified,freepressjournal.in,2021-02-02,https://www.freepressjournal.in/mumbai/mumbai-over-50-edible-oils-seized-in-raids-found-non-certified,freepressjournal.in,adulterated_product,relevant,1.0,LLM reading: edible oil is itself the adulterated product,More than 50 per cent of edible oils seized by the Food and Drug Administration... have been found to be non-certified,proximity,proximity_mustard_oil_seized,human_reviewed,153
1,1,relevant,Adulteration in edible oil detected ,thehindu.com,2021-04-22,https://www.thehindu.com/news/cities/Tiruchirapalli/adulteration-in-edible-oil-detected/article34386473.ece,thehindu.com,adulterated_product,relevant,1.0,LLM reading: adulteration in edible oil detected,palm oil was found packaged as refined sunflower oil,boolean,boolean_core_oils_fraud,human_reviewed,136
1,1,relevant,"Indore: In ongoing war against adulteration, 3K lt edible oil seized from two units",freepressjournal.in,2021-09-26,https://www.freepressjournal.in/indore/indore-in-ongoing-war-against-adulteration-3k-lt-edible-oil-seizedfrom-two-units,freepressjournal.in,adulterated_product,relevant,1.0,LLM reading: edible oil is itself the adulterated food product,"3,000 litres of oil was seized from the two units",title_only,title_core_oils_fraud,human_reviewed,102
1,1,relevant,About 2.42% edible oil samples non-compliant on safety standards,thehindubusinessline.com,2021-12-29,https://www.thehindubusinessline.com/news/about-242-edible-oil-samples-non-compliant-on-safety-standards/article38062922.ece,thehindubusinessline.com,adulterated_product,relevant,0.94,LLM reading: edible oil samples found non-compliant with safety standards,out of the 4461 samples collected about 2.42 per cent samples were found to be non-compliant with safety standards,boolean,boolean_oils_enforcement_evidence,human_reviewed,366
1,1,relevant,Suspected adulterated oil,thehindu.com,2022-03-02,https://www.thehindu.com/news/cities/Tiruchirapalli/food-safety-officials-crack-the-whip-on-adulteration-of-edible-oil-in-tiruchi/article65183634.ece,thehindu.com,adulterated_product,relevant,1.0,LLM reading: edible oil adulteration incident,"a consignment of about 1,150 litres of the two edible oil varieties",boolean,boolean_core_oils_fraud,human_reviewed,305
1,1,relevant,Ganj Basoda: Adulterated Oil surfaces in markets ahead of the festival season,freepressjournal.in,2022-07-29,https://www.freepressjournal.in/bhopal/ganj-basoda-adulterated-oil-surfaces-in-markets-ahead-of-the-festival-season,freepressjournal.in,adulterated_product,relevant,1.0,LLM reading: adulterated edible oil mentioned in the article,the use of low quality and adulterated edible oils has again taken over,boolean,boolean_core_oils_fraud,human_reviewed,289
1,1,relevant,SEA cautions processors on spurious edible oil by mixing glycerine with fatty acids  ,thehindubusinessline.com,2022-08-05,https://www.thehindubusinessline.com/economy/agri-business/sea-cautions-processors-on-spurious-edible-oil-by-mixing-glycerine-with-fatty-acids/article65730930.ece,thehindubusinessline.com,adulterated_product,relevant,1.0,LLM reading: edible oil is itself the adulterated product,oils obtained by this process is not vegetable oil but synthetic one that is diglyceride in nature,boolean,boolean_core_oils_fraud,human_reviewed,331
1,1,relevant,"With Onam around, adulterated coconut oil floods Kerala market",newindianexpress.com,2022-08-23,https://www.newindianexpress.com/cities/thiruvananthapuram/2022/aug/23/with-onam-around-adulterated-coconut-oil-floods-kerala-market-2490320.html,newindianexpress.com,adulterated_product,relevant,1.0,"LLM reading: coconut oil is itself adulterated, fake, and spurious",adulterated coconut oils are being sold in the state,title_only,title_named_oils_fraud,human_reviewed,262
1,1,relevant,"Video on Sabari coconut oil fake, says Supplyco",thehindu.com,2022-08-30,https://www.thehindu.com/news/cities/Kochi/video-on-sabari-coconut-oil-fake-says-supplyco/article65829695.ece,thehindu.com,adulterated_product,relevant,1.0,LLM reading: Sabari coconut oil is itself the adulterated food product,a video alleging presence of paraffin or mineral oil in its Sabari coconut oil,title_only,title_named_oils_fraud,human_reviewed,262
1,1,relevant,2500 litres of suspected adulterated cooking oil seized,thehindu.com,2022-10-12,https://www.thehindu.com/news/cities/Hyderabad/2500-litres-of-suspected-adulterated-cooking-oil-seized/article66001879.ece,thehindu.com,adulterated_product,relevant,1.0,LLM reading: adulterated cooking oil seized,suspected adulterated cooking oil during a raid,boolean,boolean_core_oils_fraud,human_reviewed,130
1,1,relevant,"Mumbai News: Adulterated Sweets, Edible Oil Worth ₹1.64 Lakh Seized By FDA",freepressjournal.in,2023-11-06,https://www.freepressjournal.in/mumbai/mumbai-news-adulterated-sweets-edible-oil-worth-164-lakh-seized-by-fda,freepressjournal.in,adulterated_product,relevant,1.0,LLM reading: edible oil is itself the adulterated food product,"refined sunflower oil and RBD palmolein oil worth ₹1,07,120 from Pragati Oil Mill in Sakinaka",boolean,boolean_core_oils_fraud,human_reviewed,327
1,1,relevant,MP: 200 Litres Adulterated Mustard Oil Found In Jabalpur Oil Factory During Surprise Inspection,freepressjournal.in,2024-02-19,https://www.freepressjournal.in/bhopal/mp-200-litres-adulterated-mustard-oil-found-in-jabalpur-oil-factory-during-surprise-inspection,freepressjournal.in,adulterated_product,relevant,1.0,LLM reading: Adulterated mustard oil found in Jabalpur oil factory during surprise inspection.,A barrel containing 200 litres mustard oil failed to meet the quality standards.,title_only,title_named_oils_fraud,human_reviewed,208
1,1,relevant,Coconut Development Board urged to prevent adulteration in coconut oil,thehindubusinessline.com,2024-05-22,https://www.thehindubusinessline.com/economy/agri-business/coconut-development-board-urged-to-prevent-adulteration-in-coconut-oil/article68203044.ece,thehindubusinessline.com,adulterated_product,relevant,1.0,LLM reading: coconut oil is itself the adulterated product,preventing adulteration of coconut oil,boolean,boolean_oils_enforcement_evidence,human_reviewed,187
1,1,relevant,"From the pages of The Hindu, July 4, 1974: Edible oil adulterated with used motor oil",thehindu.com,2024-07-04,https://www.thehindu.com/archives/from-the-pages-of-the-hindu-july-4-1974-edible-oil-adulterated-with-used-motor-oil/article68364441.ece,thehindu.com,adulterated_product,relevant,1.0,LLM reading: edible oil is itself adulterated with used motor oil,used motor oil is being utilised for adulteration with edible oils,title_only,title_core_oils_fraud,human_reviewed,263
1,1,relevant,"Inspection Conducted at Burger King Outlet in Malakpet,",deccanchronicle.com,2024-10-01,https://www.deccanchronicle.com/southern-states/telangana/hyderabad-food-safety-dept-seizes-unsafe-cooking-oil-from-burger-king-outlet-1827348,deccanchronicle.com,adulterated_product,relevant,1.0,LLM reading: unsafe cooking oil seized from Burger King outlet,The palm oil used for frying non-vegetarian items were found with Total Polar Compound (TPC) value beyond the permissible limit.,boolean,boolean_core_oils_fraud,human_reviewed,153
1,1,relevant,Food safety raids to check entry of spurious coconut oil into market  ,thehindu.com,2025-07-18,https://www.thehindu.com/news/national/kerala/food-safety-raids-to-check-entry-of-spurious-coconut-oil-into-market/article69828078.ece,thehindu.com,adulterated_product,relevant,1.0,LLM reading: coconut oil is itself the adulterated product,spurious coconut oil entering the market,boolean,boolean_named_oils_fraud,human_reviewed,311
1,1,relevant,"Food Safety wing seizes 16,565 litres of spurious coconut oil in raids  ",thehindu.com,2025-08-12,https://www.thehindu.com/news/national/kerala/food-safety-wing-seizes-16565-litres-of-spurious-coconut-oil-in-raids/article69925354.ece,thehindu.com,adulterated_product,relevant,1.0,LLM reading: coconut oil is itself the adulterated product,"16,565 litres of spurious coconut oil",boolean,boolean_named_oils_fraud,human_reviewed,80
1,1,relevant,Sale of adulterated coconut oil: farmers elated over SHRC’s intervention,thehindu.com,2026-02-19,https://www.thehindu.com/news/national/kerala/sale-of-adulterated-coconut-oil-farmers-elated-over-shrcs-intervention/article70651539.ece,thehindu.com,adulterated_product,relevant,1.0,LLM reading: adulterated coconut oil is mentioned as the product being sold and investigated,sale of impure coconut oil in north Kerala districts,boolean,boolean_core_oils_fraud,human_reviewed,428
1,1,relevant,"Adulterated cooking oil, wheat flour worth Rs 21 lakh seized in Hyderabad",siasat.com,2026-03-10,https://www.siasat.com/adulterated-cooking-oil-wheat-flour-worth-rs-21-lakh-seized-in-hyderabad-3432488/,siasat.com,adulterated_product,relevant,1.0,LLM reading: adulterated cooking oil is itself the adulterated food product,"more than 5,000 litres of adulterated cooking oil were seized",boolean,boolean_core_oils_fraud,human_reviewed,215
1,1,relevant,"Over 5,000 litres of adulterated cooking oil seized in Gachibowli; expired wheat flour repackaged for sale",thehindu.com,2026-03-10,https://www.thehindu.com/news/cities/Hyderabad/over-5000-litres-of-adulterated-cooking-oil-seized-in-gachibowli-expired-wheat-flour-repackaged-for-sale/article70724996.ece,thehindu.com,adulterated_product,relevant,1.0,LLM reading: adulterated cooking oil seized,Thousands of litres of adulterated cooking oil and wheat flour were seized...,boolean,boolean_core_oils_fraud,human_reviewed,228
2,1,relevant,"Adulteration found in paneer, mustard oil & honey in Doon | Dehradun News - Times of India",indiatimes.com,2021-03-23,https://timesofindia.indiatimes.com/city/dehradun/adulteration-found-in-paneer-mustard-oil-honey-in-doon/articleshow/81638388.cms,timesofindia.indiatimes.com,adulterated_product,irrelevant,1.0,"LLM reading: Mustard oil is an adulterated product, but it's not the main focus of the article.",adulteration was found in mustard oil,proximity,proximity_mustard_oil_adulteration,human_reviewed,178
2,1,relevant,"Fake oil found in Bihar, here's how to spot it.",indiatoday.in,2025-03-25,https://www.indiatoday.in/newsmo/video/fake-oil-found-in-bihar-heres-how-to-spot-it-2698982-2025-03-25?utm_source=rss,indiatoday.in,adulterated_product,irrelevant,1.0,"LLM reading: The article does not mention anything about edible oil adulteration, but rather mentions a separate news segment about fake oil found in Bihar.","Fake oil containers were seized in Rohtas district, Bihar.",proximity,proximity_oil_seized,human_reviewed,252
2,1,relevant,Adulterated paneer and cooking oil seized ahead of Diwali | Agra News - The Times of India,indiatimes.com,2025-10-15,https://timesofindia.indiatimes.com/city/agra/adulterated-paneer-and-cooking-oil-seized-ahead-of-diwali/articleshow/124586909.cms,timesofindia.indiatimes.com,adulterated_product,irrelevant,1.0,LLM reading: oil is an adulterant in another food (paneer),800 kg of edible oil â including 600 kg of mustard oil and 200 kg of refined soybean oil â worth about Rs 1.3 lakh was seized from local shops.,title_only,title_oils_enforcement,human_reviewed,363
2,1,relevant,Kanpur Adulterated Food: Pre-Holi raids in Kanpur: FSDA seizes 9 quintals of adulterated mawa & edible oil worth Rs 29L | Kanpur News - The Times of India,indiatimes.com,2026-02-26,https://timesofindia.indiatimes.com/city/kanpur/9-quintals-of-adulterated-mawa-edible-oil-seized-ahead-of-holi/articleshow/128794157.cms,timesofindia.indiatimes.com,adulterated_product,relevant,1.0,LLM reading: edible oil was itself the adulterated product,"15,894 litres of edible oil worth Rs 25.66 lakh",title_only,title_oils_enforcement,human_reviewed,284
2,1,relevant,"Food adulteration racket busted in Hyderabad; oil, namkeen worth lakhs seized",indiatoday.in,2026-04-23,https://www.indiatoday.in/cities/hyderabad/story/cyberabad-food-adulteration-raids-hyderabad-rs-64-lakh-seizure-28-arrested-2900680-2026-04-23?utm_source=rss,indiatoday.in,adjacent_or_unclear,relevant,1.0,LLM reading: edible oil is itself the adulterated food product,"5,026 litres of oil and 5,192 kilograms of wheat were seized",proximity,proximity_oil_adulteration,metadata_rescue_fulltext_classified,350
2,1,relevant,Investigation into Dropsy Deaths in Nabha: New Committee Formed to Probe Tainted Edible Oil | Chandigarh News - Times of India,indiatimes.com,2024-11-27,https://timesofindia.indiatimes.com/city/chandigarh/investigation-into-dropsy-deaths-in-nabha-new-committee-formed-to-probe-tainted-edible-oil/articleshow/115711329.cms,timesofindia.indiatimes.com,adjacent_or_unclear,relevant,1.0,LLM reading: edible oil is the adulterated product,unfit edible oil,proximity,proximity_mustard_oil_adulteration,metadata_rescue_fulltext_classified,385
2,1,relevant,"Maha govt, FDA crack down on oil manufacturers to check on adulteration",indiatimes.com,2022-01-28,https://economictimes.indiatimes.com/industry/cons-products/food/maha-govt-fda-crack-down-on-oil-manufacturers-to-check-on-adulteration/articleshow/89178574.cms,economictimes.indiatimes.com,adulterated_product,relevant,1.0,"LLM reading: adulteration of specific edible oils (sunflower oil, palm oil)","adulteration of sunflower oil, which was allegedly being mixed with palm oil",proximity,proximity_oil_adulteration,metadata_rescue_fulltext_classified,132
2,1,relevant,"Mustard, Palm Olein Oil Worth â¹7.7l Seized | Kanpur News - Times of India",indiatimes.com,2022-10-21,https://timesofindia.indiatimes.com/city/kanpur/mustard-palm-olein-oil-worth-7-7l-seized/articleshow/95000423.cms,timesofindia.indiatimes.com,adulterated_product,relevant,1.0,LLM reading: Mustard oil is itself the adulterated food product.,Teams of FSA on Thursday seized over 604 liters of mustard and palm olein oil...,proximity,proximity_mustard_oil_seized,metadata_rescue_fulltext_classified,145
2,1,relevant,"Nashik Fda Cracks Down On Adulterated Food Items, Oil | Nashik News - The Times of India",indiatimes.com,2023-11-09,https://timesofindia.indiatimes.com/city/nashik/nashik-fda-cracks-down-on-adulterated-food-items-oil/articleshow/105082876.cms,timesofindia.indiatimes.com,adulterated_product,relevant,1.0,LLM reading: adulterated cooking oil mentioned as seized by FDA,"53 cans of loose soyabean oil, another 41 boxes of re-used refined soyabean oil and 28 boxes of re-used palmolein oil",proximity,proximity_cooking_oil_adulterated,metadata_rescue_fulltext_classified,635
2,1,relevant,"Over 12,000 litre of âspuriousâ oil seized | Jaipur News - Times of India",indiatimes.com,2024-05-22,https://timesofindia.indiatimes.com/city/jaipur/over-12000-litre-of-spurious-oil-seized/articleshow/110316417.cms,timesofindia.indiatimes.com,adulterated_product,relevant,1.0,LLM reading: spurious oil seized,"6,683 litre of edible oil in Muhana Mandi and 6,000 litre at a factory in Niwai on suspicion of substandard quality",proximity,proximity_edible_oil_seized,metadata_rescue_fulltext_classified,317
2,1,relevant,"100kg rasgullas destroyed, over 11,000 oil packs seized in pre-Holi drive | Noida News - The Times of India",indiatimes.com,2026-02-24,https://timesofindia.indiatimes.com/city/noida/100kg-rasgullas-destroyed-over-11000-oil-packs-seized-in-pre-holi-drive/articleshow/128728715.cms,timesofindia.indiatimes.com,adulterated_product,relevant,1.0,LLM reading: edible oil is itself the adulterated or unsafe product,"291 tins of refined soybean oil, 3,968 pouches of refined soybean oil and 6,995 pouches of refined palmolein oil were seized",proximity,proximity_oil_seized,metadata_rescue_fulltext_classified,291
2,1,relevant,"Ahead of Holi, food safety raids net unhygienic sweets, mislabelled oils in GB Nagar",hindustantimes.com,2026-02-24,https://www.hindustantimes.com/cities/noida-news/ahead-of-holi-food-safety-raids-net-unhygienic-sweets-mislabelled-oils-in-gb-nagar-101771877000656.html,hindustantimes.com,adulterated_product,relevant,0.94,LLM reading: mislabelled oils were seized during the raids,"291 tins of refined soybean oil, 3,968 pouches of refined soybean oil, and 6,995 pouches of refined palmolein oil were seized from the premises",proximity,proximity_oil_seized,metadata_rescue_fulltext_classified,481
2,1,relevant,50 cases registered during raids on oil shops in A.P.     ,thehindu.com,2022-04-27,https://www.thehindu.com/news/national/andhra-pradesh/50-cases-registered-during-raids-on-oil-shops-in-ap/article65360803.ece,thehindu.com,adulterated_product,relevant,0.94,Pattern says edible oil is the adulterated/seized/failed product.,"(V&E), Legal Metrology and Food Safety departments raided wholesale and retail edible oil traders across the State on Wednesday. Raids were conducted in more than 250 places as the teams verified the stock, brands, weight of oil packe",proximity,proximity_edible_oil_food_safety,metadata_rescue_fulltext_classified,144
2,1,relevant,"Maharashtra News: Minister Narhari Zirwal Announces Suspension Of 2 FDA Officials, Closure Of Nandurbar Factory Over Oil Adulteration",freepressjournal.in,2025-07-07,https://www.freepressjournal.in/mumbai/maharashtra-news-minister-narhari-zirwal-announces-suspension-of-2-fda-officials-closure-of-nandurbar-factory-over-oil-adulteration,freepressjournal.in,adulterated_product,relevant,0.94,Pattern says edible oil is the adulterated/seized/failed product.,"aised by legislator Sameer Kunawar, who pointed out that samples of soybean and groundnut oil collected recently from the same factory were found to be adulterated. ""Swift action was expected, but the concerned officers failed to act, which has now resulted in di",proximity,proximity_oil_adulteration,metadata_rescue_fulltext_classified,424
2,1,relevant,Oil’s not well? Food safety teams smell fraud,thehindu.com,2022-04-04,https://www.thehindu.com/news/cities/Hyderabad/oils-not-well-food-safety-teams-smell-fraud/article65290089.ece,thehindu.com,adulterated_product,relevant,0.94,Pattern says edible oil is the adulterated/seized/failed product.,"Food safety teams smell fraud The Russia-Ukraine war has driven up the price of edible oil in India. Suspecting that the price rise may lead to sale of adulterated or substandard edible oil, Telangana Food Safety Authority teams conducted checks at oil manufacturing units, pack",proximity,proximity_edible_oil_adulteration,metadata_rescue_fulltext_classified,294
2,1,relevant,Madhya Pradesh: Sale of loose oil only through vending machine: Collector,freepressjournal.in,2021-09-14,https://www.freepressjournal.in/indore/madhya-pradesh-sale-of-loose-oil-only-through-vending-machine-collector,freepressjournal.in,adulterated_product,relevant,0.94,Pattern says edible oil is the adulterated/seized/failed product.,"nding machine: Collector Indore (Madhya Pradesh): Collector Manish Singh warned edible oil traders that adulteration of oil would not be tolerated, and warned them of severe action. He said that retail sale of loose",proximity,proximity_edible_oil_adulteration,metadata_rescue_fulltext_classified,300
2,1,relevant,Operation Oil: manufacturer to be allowed to launch only one brand of oil ,thehindu.com,2022-11-16,https://www.thehindu.com/news/national/kerala/operation-oil-manufacturer-to-be-allowed-to-launch-only-one-brand-of-oil/article66144992.ece,thehindu.com,adulterated_product,relevant,0.94,Pattern says edible oil is the adulterated/seized/failed product.,"tate government has decided to allow a manufacturer to launch only one brand of coconut oil. The norm would be strictly enforced in the State with a view to curbing the sale of spurious coconut oil, said Health Minister Veena George here on Wednesday. Requesting all coconut oil produc",proximity,proximity_oil_spurious,metadata_rescue_fulltext_classified,316
2,1,relevant,Traders given 15 days to halt sale of loose edible oil,thehansindia.com,2026-04-27,https://www.thehansindia.com/news/cities/hyderabad/traders-given-15-days-to-halt-sale-of-loose-edible-oil-1069613,thehansindia.com,adulterated_product,relevant,0.94,Pattern says edible oil is the adulterated/seized/failed product.,Traders given 15 days to halt sale of loose edible oil Hyderabad: The Hyderabad Food Adulteration Surveillance Team has intensified its efforts against food adulteration by focusing on awareness an,proximity,proximity_edible_oil_adulteration,metadata_rescue_fulltext_classified,327
0,1,relevant,Cyberabad food adulteration raids Hyderabad Rs 64 lakh seizure 28 arrested,indiatoday.in,2026-04-23,https://www.indiatoday.in/cities/hyderabad/story/cyberabad-food-adulteration-raids-hyderabad-rs-64-lakh-seizure-28-arrested-2900680-2026-04-23,indiatoday.in,adulterated_product,seed,,,,seed,edible oil adulteration India,seed_manual,350
0,1,relevant,Major crackdown on adulterated ghee and oil in Pokaran over 14000kg seized,timesofindia.indiatimes.com,2025-01-01,https://timesofindia.indiatimes.com/city/jaipur/major-crackdown-on-adulterated-ghee-and-oil-in-pokaran-over-14000kg-seized/articleshow/131486941.cms,timesofindia.indiatimes.com,adulterated_product,seed,,,,seed,edible oil adulteration Rajasthan,seed_manual,541
0,1,relevant,Over 4 lakh litres seized in drive against substandard edible oil in UP,theprint.in,2024-01-01,https://theprint.in/india/over-4-lakh-litres-seized-in-drive-against-substandard-edible-oil-in-up/2866887/,theprint.in,adulterated_product,seed,,,,seed,substandard edible oil UP,seed_manual,482
0,1,relevant,UP Barabanki 6000 litres of fake mustard oil seized raises food safety concerns,news18.com,2024-01-01,https://www.news18.com/india/up-barabanki-6000-litres-of-fake-mustard-oil-seized-raises-food-safety-concerns-aa-ws-l-9927362.html,news18.com,adulterated_product,seed,,,,seed,fake mustard oil seized India,seed_manual,
0,1,relevant,17k litres of adulterated coconut oil seized Thiruvananthapuram,newindianexpress.com,2025-08-20,https://www.newindianexpress.com/cities/thiruvananthapuram/2025/Aug/20/17k-litres-of-adulterated-coconut-oil-seized,newindianexpress.com,adulterated_product,seed,,,,seed,adulterated coconut oil India,seed_manual,205
0,1,relevant,Alcohol poisoning and edible oil fraud cases soar in India,foodnavigator-asia.com,2022-08-15,https://www.foodnavigator-asia.com/Article/2022/08/15/alcohol-poisoning-and-edible-oil-fraud-cases-soar-in-india/,foodnavigator-asia.com,adulterated_product,seed,,,,seed,edible oil fraud India,seed_manual,804
0,1,relevant,FSSAI seizes 14000 litres of oil Kanpur festive season,healthandme.com,2024-09-01,https://www.healthandme.com/nutrition/kanpur-food-adulteration-fssai-seizes-14000l-of-oil-1320kg-rotten-dates-and-more-ahead-of-festive-season-article-153707864,healthandme.com,adulterated_product,seed,,,,seed,FSSAI edible oil seized Kanpur,seed_manual,531
0,1,relevant,Tea to ice creams food adulteration on the rise in Hyderabad,timesofindia.indiatimes.com,2024-02-01,https://timesofindia.indiatimes.com/city/hyderabad/tea-to-ice-creams-food-adulteration-on-the-rise-in-hyderabad/articleshow/108746726.cms,timesofindia.indiatimes.com,adulterated_product,seed,,,,seed,food adulteration Hyderabad,seed_manual,332
0,1,relevant,Ban on 45 brands of coconut oil Thiruvananthapuram,timesofindia.indiatimes.com,2018-08-01,https://timesofindia.indiatimes.com/city/thiruvananthapuram/ban-on-45-brands-of-coconut-oil/articleshow/64425038.cms,timesofindia.indiatimes.com,adulterated_product,seed,,,,seed,coconut oil ban India,seed_manual,319
0,1,relevant,15000 litres of adulterated cooking oil seized by FSSAI,timesofindia.indiatimes.com,2019-07-01,https://timesofindia.indiatimes.com/life-style/food-news/15000-litres-of-adulterated-cooking-oil-seized-by-fssai/photostory/70872567.cms,timesofindia.indiatimes.com,adulterated_product,seed,,,,seed,FSSAI adulterated cooking oil seized,seed_manual,310
3,1,relevant,"Fake oil, other items worth Rs8.5 lakh seized | Nagpur News - The Times of India",indiatimes.com,2025-02-16,https://timesofindia.indiatimes.com/city/nagpur/fake-oil-other-items-worth-rs8-5-lakh-seized/articleshow/118285152.cms,timesofindia.indiatimes.com,adulterated_product,relevant,0.94,LLM reading: fake oil was being sold with branded company labels,"28 cans of oil, thousands of labels of branded companies",phrase,boolean_core_oils_fraud,human_reviewed,194
3,1,relevant,FSDA seizes adulterated food worth  ₹12.34 crore in UP,hindustantimes.com,2026-03-02,https://www.hindustantimes.com/cities/lucknow-news/fsda-seizes-adulterated-food-worth-12-34-crore-in-up-101772463235324.html,hindustantimes.com,adulterated_product,relevant,1.0,LLM reading: edible oil is mentioned as adulterated,adulterated items and edible oil worth ₹12.34 crore,phrase,boolean_core_oils_fraud,human_reviewed,263
3,1,relevant,Kerala’s Food Minister hints at further coconut oil price cuts ahead of Onam,thehindu.com,2025-08-18,https://www.thehindu.com/news/national/kerala/keralas-food-minister-hints-at-further-coconut-oil-price-cuts-ahead-of-onam/article69946971.ece,thehindu.com,adulterated_product,relevant,1.0,LLM reading: coconut oil is the adulterated product being discussed,Some entities are attempting to market fake coconut oil using deceptive claims.,phrase,boolean_core_oils_fraud,human_reviewed,230
3,1,relevant,Mandsaur: Food and Safety Administration intensifies checks on edible items,freepressjournal.in,2022-08-08,https://www.freepressjournal.in/indore/mandsaur-food-and-safety-administration-intensifies-checks-on-edible-items,freepressjournal.in,adulterated_product,relevant,1.0,LLM reading: edible oil samples were collected and sent for laboratory testing to check for adulteration,"Samples of edible oils, cereals, pulses of local and reputed brands were taken by NCML and FSA officials",phrase,boolean_core_oils_fraud,human_reviewed,233
3,1,relevant,"2.4% of 4,461 different edible oils samples found to be sub-standard: FSSAI",business-standard.com,2021-12-29,https://www.business-standard.com/article/economy-policy/2-42-pc-of-4-461-different-edible-oils-samples-found-to-be-substandard-fssai-121122901139_1.html,business-standard.com,NOT CRAWLED,crawl_failed_review,,Site blocked crawling - read the article manually.,,boolean,boolean_core_oils_fraud,human_reviewed,
3,1,relevant,"Food Safety Alert: Substandard Golgappa Water, Coffee, And Misbranded Mustard Oil In Una",ndtv.com,2024-11-21,https://food.ndtv.com/news/samples-of-golgappa-water-coffee-found-substandard-mustard-oil-mis-branded-in-himachals-una-7069957,food.ndtv.com,NOT CRAWLED,crawl_failed_review,,Site blocked crawling - read the article manually.,,title_only,title_named_oils_fraud,human_reviewed,
3,1,relevant,Over 4 lakh litres seized in drive against substandard edible oil in UP,news18.com,2026-02-28,https://www.news18.com/agency-feeds/over-4-lakh-litres-seized-in-drive-against-substandard-edible-oil-in-up-9935864.html,news18.com,NOT CRAWLED,crawl_failed_review,,Site blocked crawling - read the article manually.,,phrase,boolean_core_oils_fraud,human_reviewed,
3,1,relevant,"Unsafe Oil, <i>Aata</i> Worth Rs 64 Lakh Seized In Hyderabad Raids, 38 Arrested In 4 Months",ndtv.com,2026-04-24,https://www.ndtv.com/food/unsafe-oil-aata-worth-rs-64-lakh-busted-in-hyderabad-raids-38-arrested-in-4-months-11401791,ndtv.com,NOT CRAWLED,crawl_failed_review,,Site blocked crawling - read the article manually.,,phrase,boolean_core_oils_fraud,human_reviewed,
4,1,relevant,145 Kgs of Rasgullas and namkeens destroyed ahead of Diwali in Noida: 3 ways to check adulteration at home,indiatimes.com,2025-10-15,https://timesofindia.indiatimes.com/life-style/food-news/145-kgs-of-rasgullas-and-namkeens-destroyed-ahead-of-diwali-in-noida/articleshow/124574873.cms,timesofindia.indiatimes.com,,candidate_relevant,0.795,,,proximity,,human_reviewed,741
4,1,relevant,Pre-Diwali crackdown on food adulteration in Lucknow,hindustantimes.com,2025-10-10,https://www.hindustantimes.com/cities/lucknow-news/prediwali-crackdown-on-food-adulteration-in-lucknow-101760112550766.html,hindustantimes.com,,candidate_relevant,0.795,,,proximity,,human_reviewed,323
4,1,relevant,UP Food Safety: Over 225 Kg of Suspected ‘Chemical’ Rasogolla Destroyed in Sambhal Ahead of Festive Season,thelogicalindian.com,2026-02-25,https://thelogicalindian.com/up-food-safety-over-225-kg-of-suspected-chemical-rasogolla-destroyed-in-sambhal-ahead-of-festive-season/,thelogicalindian.com,,candidate_relevant,0.793,,,proximity,,human_reviewed,691
4,1,relevant,"Jalgaon: FDA Cracks Down on Food Safety Violations; Gutkha Worth ₹18.5 Lakh Seized In Dhule, Substandard Food Products Worth ₹2.31 Lakh Confiscated",freepressjournal.in,2026-06-05,https://www.freepressjournal.in/pune/jalgaon-fda-cracks-down-on-food-safety-violations-gutkha-worth-185-lakh-seized-in-dhule-substandard-food-products-worth-231-lakh-confiscated,freepressjournal.in,,candidate_relevant,0.777,,,proximity,,human_reviewed,503
4,1,relevant,Noida expands food safety inspection ahead of Holi,hindustantimes.com,2026-02-26,https://www.hindustantimes.com/cities/noida-news/noida-expands-food-safety-inspection-ahead-of-holi-101772047234259.html,hindustantimes.com,,candidate_relevant,0.774,,,phrase,,human_reviewed,550
4,1,relevant,Inspections conducted across Kerala to ensure safe coconut oil in market,indiatimes.com,2025-07-18,https://timesofindia.indiatimes.com/city/thiruvananthapuram/inspections-conducted-across-kerala-to-ensure-safe-coconut-oil-in-market/articleshow/122771067.cms,timesofindia.indiatimes.com,,candidate_relevant,0.767,,,boolean,,human_reviewed,178
4,1,relevant,Crackdown on adulteration: Food Safety Department conducts raids in Mussoorie,garhwalpost.in,2026-03-03,https://garhwalpost.in/crackdown-on-adulteration-food-safety-department-conducts-raids-in-mussoorie/,garhwalpost.in,,candidate_relevant,0.767,,,boolean,,human_reviewed,296
4,1,relevant,"Ahead of Diwali, crackdown on adulterated food items in city",indiatimes.com,2025-10-16,https://timesofindia.indiatimes.com/city/ranchi/ahead-of-diwali-crackdown-on-adulterated-food-items-in-city/articleshow/124610900.cms,timesofindia.indiatimes.com,,candidate_relevant,0.752,,,phrase,,human_reviewed,316
4,1,relevant,FDA Destroys 102 Litres Of Lassi Made Using Expired Ingredients During Raids In Beed,freepressjournal.in,2026-06-04,https://www.freepressjournal.in/pune/fda-destroys-102-litres-of-lassi-made-using-expired-ingredients-during-raids-in-beed,freepressjournal.in,,candidate_relevant,0.749,,,proximity,,human_reviewed,349
4,1,relevant,"FDA Seizes 24,000 kg of Unsafe Food Items in Nagpur Ahead of Diwali",indiatimes.com,2024-11-01,https://timesofindia.indiatimes.com/city/nagpur/fda-seizes-24000-kg-of-unsafe-food-items-in-nagpur-ahead-of-diwali/articleshow/114825782.cms,timesofindia.indiatimes.com,,candidate_relevant,0.743,,,proximity,,human_reviewed,384
4,1,relevant,Nashik FDA confiscates food items worth over Rs 1 lakh on suspicion of adulteration,indiatimes.com,2026-05-30,https://timesofindia.indiatimes.com/city/nashik/nashik-fda-confiscates-food-items-worth-over-rs-1-lakh-on-suspicion-of-adulteration/articleshow/131414371.cms,timesofindia.indiatimes.com,,candidate_relevant,0.743,,,proximity,,human_reviewed,276
4,1,relevant,Articles worth over Rs15.8 lakh seized by FDA in weeklong raids,indiatimes.com,2026-06-05,https://timesofindia.indiatimes.com/city/nashik/articles-worth-over-rs15-8-lakh-seized-by-fda-in-weeklong-raids/articleshow/131537730.cms,timesofindia.indiatimes.com,,candidate_relevant,0.739,,,boolean,,human_reviewed,304
4,1,relevant,72 of 255 food samples tested on Char Dham route sub-standard',indiatimes.com,2023-05-15,https://timesofindia.indiatimes.com/city/dehradun/72-of-255-food-samples-tested-on-char-dham-route-sub-standard/articleshow/100236524.cms,timesofindia.indiatimes.com,,candidate_relevant,0.736,,,proximity,,human_reviewed,204
4,1,relevant,Articles worth over Rs 15.8 lakh seized by FDA in week long raids,indiatimes.com,2026-06-05,https://timesofindia.indiatimes.com/city/nashik/articles-worth-over-rs-15-8-lakh-seized-by-fda-in-week-long-raids/articleshow/131537623.cms,timesofindia.indiatimes.com,,candidate_relevant,0.736,,,boolean,,human_reviewed,304
4,1,relevant,50% of food samples collected by Food Safety department officials found to be unsafe,thehindu.com,2025-11-07,https://www.thehindu.com/news/national/andhra-pradesh/50-of-food-samples-collected-by-food-safety-department-officials-found-to-be-unsafe/article70252244.ece,thehindu.com,,candidate_relevant,0.725,,,phrase,,human_reviewed,276
4,1,relevant,Nashik: FDA Seizes Suspected And Illegal Food Stock Worth ₹15.89 Lakh In Week-Long Crackdown,freepressjournal.in,2026-06-04,https://www.freepressjournal.in/pune/nashik-fda-seizes-suspected-and-illegal-food-stock-worth-1589-lakh-in-week-long-crackdown,freepressjournal.in,,candidate_relevant,0.723,,,proximity,,human_reviewed,431
4,1,relevant,"FDA Takes Action Against Food Adulteration: 1,928 kg Seized in Nashik",indiatimes.com,2024-10-31,https://timesofindia.indiatimes.com/city/nashik/fda-takes-action-against-food-adulteration-1928-kg-seized-in-nashik/articleshow/114824626.cms,timesofindia.indiatimes.com,,candidate_relevant,0.719,,,boolean,,human_reviewed,230
4,1,relevant,"Almost 3,000 quintals of spurious food seized, 1,155 quintals destroyed ahead of Diwali in UP",hindustantimes.com,2025-10-15,https://www.hindustantimes.com/india-news/almost-3-000-quintals-of-spurious-food-seized-1-155-quintals-destroyed-ahead-of-diwali-in-up-101760536940401.html,hindustantimes.com,,candidate_relevant,0.716,,,proximity,,human_reviewed,397
4,1,relevant,"FSDA cracks down on food adulteration, seizes goods worth over ₹1 cr",hindustantimes.com,2025-10-13,https://www.hindustantimes.com/cities/lucknow-news/fsda-cracks-down-on-food-adulteration-seizes-goods-worth-over-1-cr-101760295421119.html,hindustantimes.com,,candidate_relevant,0.715,,,phrase,,human_reviewed,340
4,1,relevant,FDA Raid on 21 Food Establishments in Kanpur,indiatimes.com,2024-08-18,https://timesofindia.indiatimes.com/city/kanpur/fda-raid-on-21-food-establishments-in-kanpur/articleshow/112599302.cms,timesofindia.indiatimes.com,,candidate_relevant,0.715,,,proximity,,human_reviewed,463
4,1,relevant,"Maharashtra FDA Cracks Down On Gutkha And Unsafe Food; 33 Arrested, Goods Worth Over ₹8.56 Crore Seized",freepressjournal.in,2026-06-09,https://www.freepressjournal.in/mumbai/maharashtra-fda-cracks-down-on-gutkha-and-unsafe-food-33-arrested-goods-worth-over-856-crore-seized,freepressjournal.in,,candidate_relevant,0.713,,,proximity,,human_reviewed,402
4,1,relevant,"Gautam Budh Nagar: 370 kg sweets, 750 ltr oil seized in food safety checks",hindustantimes.com,2024-10-29,https://www.hindustantimes.com/cities/noida-news/gautam-budh-nagar-370-kg-sweets-750-ltr-oil-seized-in-food-safety-checks-101730140849789.html,hindustantimes.com,,candidate_relevant,0.71,,,proximity,,human_reviewed,464
4,1,relevant,Food dept destroys substandard cheese,indiatimes.com,2025-10-08,https://timesofindia.indiatimes.com/city/kanpur/food-dept-destroys-substandard-cheese/articleshow/124395829.cms,timesofindia.indiatimes.com,,candidate_relevant,0.71,,,proximity,,human_reviewed,189
4,1,relevant,"Flies hovering on them, 145kg rasgullas destroyed by food safety officials in Noida",indiatimes.com,2025-10-12,https://timesofindia.indiatimes.com/city/noida/flies-hovering-on-them-145kg-rasgullas-destroyed-by-food-safety-officials-in-noida/articleshow/124489677.cms,timesofindia.indiatimes.com,,candidate_relevant,0.708,,,proximity,,human_reviewed,237
4,1,relevant,"85 restaurants, marts fail quality check told to pay rs.80 lakh fine",,,https://timesofindia.indiatimes.com/city/lucknow/85-restaurants-marts-fail-quality-check-told-to-pay-80-lakh-fine/articleshow/103622887.cms,timesofindia.indiatimes.com,,,manual,,,,,human_reviewed,
4,1,relevant,Food Safety wing to step up checks on curry powders in Kerala,thehindu.com,2022-07-29,https://www.thehindu.com/news/national/kerala/food-safety-wing-to-step-up-checks-on-curry-powders-in-kerala/article65700040.ece,thehindu.com,,candidate_relevant,0.704,,,boolean,,human_reviewed,222
4,1,relevant,"Poor quality oil found in kits distributed among tribes, fine of ₹7 lakh imposed on company",thehindu.com,2024-09-05,https://www.thehindu.com/news/national/kerala/poor-quality-oil-found-in-kits-distributed-among-tribes-fine-of-7-lakh-imposed-on-company/article68609646.ece,thehindu.com,,candidate_relevant,0.703,,,boolean,,human_reviewed,255
4,1,relevant,Coconut oil unit sealed in Kanniyakumari for violations,thehindu.com,2025-08-21,https://www.thehindu.com/news/cities/Madurai/coconut-oil-unit-sealed-in-kanniyakumari-for-violations/article69960089.ece,thehindu.com,,candidate_relevant,0.7,,,boolean,,human_reviewed,156
4,1,relevant,Onam vigil: five special squads in action to expose low-quality food products,thehindu.com,2025-09-03,https://www.thehindu.com/news/national/kerala/onam-vigil-five-special-squads-in-action-to-expose-low-quality-food-products/article70008118.ece,thehindu.com,,candidate_relevant,0.697,,,boolean,,human_reviewed,356
4,1,relevant,"FDA cracks whip on sweetmarts, namkeen makers before Diwali",indiatimes.com,2021-11-03,https://timesofindia.indiatimes.com/city/nagpur/fda-cracks-whip-on-sweetmarts-namkeen-makers-before-diwali/articleshow/87495424.cms,timesofindia.indiatimes.com,,candidate_relevant,0.696,,,proximity,,human_reviewed,420
4,1,relevant,"Madhya Pradesh: Pulse mills, hotels and grocery shops inspected; samples collected for testing",freepressjournal.in,2021-07-17,https://www.freepressjournal.in/indore/madhya-pradesh-pulse-mills-hotels-and-grocery-shops-inspected-samples-collected-for-testing,freepressjournal.in,,candidate_relevant,0.696,,,boolean,,human_reviewed,397
4,1,relevant,"Cyberabad Cops Book 28, Seize Adulterated Food Worth Rs 64 Lakh",deccanchronicle.com,2026-04-22,https://www.deccanchronicle.com/southern-states/telangana/cyberabad-cops-book-28-seize-adulterated-food-worth-rs-64-lakh-1952140,deccanchronicle.com,,candidate_relevant,0.695,,,proximity,,human_reviewed,226
4,1,relevant,Dry fruit oil traders under scanner ahead of Rakshabandhan,indiatimes.com,2025-08-05,https://timesofindia.indiatimes.com/city/noida/dry-fruit-oil-traders-under-scanner-ahead-of-rakshabandhan/articleshow/123103360.cms,timesofindia.indiatimes.com,,candidate_relevant,0.692,,,proximity,,human_reviewed,277
4,1,relevant,Think before you snack: Namkeens & dairy products top list of unsafe foods in Karnataka,indiatimes.com,2026-05-18,https://timesofindia.indiatimes.com/city/bengaluru/think-before-you-snack-namkeens-dairy-products-top-list-of-unsafe-foods-in-karnataka/articleshow/131179662.cms,timesofindia.indiatimes.com,,candidate_relevant,0.692,,,boolean,,human_reviewed,601
4,1,relevant,"Maharashtra FDA Cracks Down On Banned Gutkha And Adulterated Food, Arrests 102 Persons And Seizes Goods Worth ₹1.58 Crore In One Week",freepressjournal.in,2026-06-04,https://www.freepressjournal.in/mumbai/maharashtra-fda-cracks-down-on-banned-gutkha-and-adulterated-food-arrests-102-persons-and-seizes-goods-worth-158-crore-in-one-week,freepressjournal.in,,candidate_relevant,0.69,,,boolean,,human_reviewed,444
4,1,relevant,34 people fall ill in suspected food poisoning case after eating pizza in Maharashtra’s Bhiwandi,livemint.com,2026-06-19,https://www.livemint.com/news/india/34-people-fall-ill-in-suspected-food-poisoning-case-after-eating-pizza-in-maharashtra-s-bhiwandi-11781889067823.html,livemint.com,,candidate_relevant,0.687,,,boolean,,human_reviewed,605
4,1,relevant,"H-FAST raids unlicensed food godown in Charminar, seizes adulterated food",thehindu.com,2026-06-19,https://www.thehindu.com/news/national/telangana/h-fast-raids-unlicensed-food-godown-in-charminar-seizes-adulterated-food/article71121824.ece,thehindu.com,,candidate_relevant,0.687,,,boolean,,human_reviewed,296
4,1,relevant,"Shop selling rotten vegetables in Vejalpur, mutton shop near religious site in Chandkheda sealed by Ahmedabad Municipal Corporation",indiatimes.com,2025-05-25,https://timesofindia.indiatimes.com/city/ahmedabad/shop-selling-rotten-vegetables-in-vejalpur-mutton-shop-near-religious-site-in-chandkheda-sealed-by-ahmedabad-municipal-corporation/articleshow/121390711.cms,timesofindia.indiatimes.com,,candidate_relevant,0.687,,,phrase,,human_reviewed,268
4,1,relevant,"Ahead of festive season, adulterated paneer, milk, and oil raise alarms for food safety in Lucknow",hindustantimes.com,2023-08-30,https://www.hindustantimes.com/cities/others/ahead-of-festive-season-adulterated-paneer-milk-and-oil-raise-alarms-for-food-safety-in-lucknow-101693406351671.html,hindustantimes.com,,candidate_relevant,0.686,,,boolean,,human_reviewed,635
4,1,relevant,FDA seizes untested soyabean oil,indiatimes.com,2025-10-09,https://timesofindia.indiatimes.com/city/nagpur/fda-seizes-untested-soyabean-oil/articleshow/124398090.cms,timesofindia.indiatimes.com,,candidate_relevant,0.681,,,boolean,,human_reviewed,183
4,1,relevant,McDonald’s Outlet In Jaipur Under Scanner After Food Safety Violations Found During Surprise Check; 40 Litres Of Oil & 40 Kgs Rotten Tomatoes Destroyed,freepressjournal.in,2026-02-11,https://www.freepressjournal.in/viral/mcdonalds-outlet-in-jaipur-under-scanner-after-food-safety-violations-found-during-surprise-check-40-liters-of-oil-40-kgs-rotten-tomatoes-destroyed,freepressjournal.in,,candidate_relevant,0.68,,,boolean,,human_reviewed,311
4,1,relevant,When oil and opportunity mix to beget fraud,thehindu.com,2022-04-25,https://www.thehindu.com/news/cities/Hyderabad/when-oil-and-opportunity-mix-to-beget-fraud/article65354086.ece,thehindu.com,,candidate_relevant,0.678,,,proximity,,human_reviewed,411
4,1,relevant,"AMC seizes 180kg of âedible oilâ, seals 5 units",indiatimes.com,2024-07-28,https://timesofindia.indiatimes.com/city/ahmedabad/amc-seizes-180kg-of-edible-oil-seals-5-units/articleshow/112072084.cms,timesofindia.indiatimes.com,,candidate_relevant,0.676,,,proximity,,human_reviewed,341
4,1,relevant,Two Oil Mills Sealed For Unhygienic Conditions,indiatimes.com,2023-05-29,https://timesofindia.indiatimes.com/city/trichy/two-oil-mills-sealed-for-unhygienic-conditions/articleshow/100579692.cms,timesofindia.indiatimes.com,,candidate_relevant,0.673,,,proximity,,human_reviewed,250
4,1,relevant,"Assam food safety raids uncover illegal fruit ripening, unsafe food products",assamtribune.com,2026-06-16,https://assamtribune.com/guwahati/assam-food-safety-raids-uncover-illegal-fruit-ripening-unsafe-food-products-1612781,assamtribune.com,,candidate_relevant,0.667,,,proximity,,human_reviewed,651
4,1,relevant,"FDA Crackdown On Adulterated & Banned Food In Vasai-Virar: 18 Shops Sealed, ₹14 Lakh Worth Goods Confiscated",freepressjournal.in,2026-06-15,https://www.freepressjournal.in/mumbai/fda-crackdown-on-adulterated-banned-food-in-vasai-virar-18-shops-sealed-14-lakh-worth-goods-confiscated,freepressjournal.in,,candidate_relevant,0.664,,,proximity,,human_reviewed,359
4,1,relevant,"Food raids in Telangana: Snacks worth over Rs 60K seized, license suspended",siasat.com,2024-12-15,https://www.siasat.com/food-raids-in-telangana-snacks-worth-over-rs-60k-seized-license-suspended-3148653/,siasat.com,,candidate_relevant,0.662,,,proximity,,human_reviewed,515
4,1,relevant,"Cyberabad police crack down on food adulteration, book 22 cases",indiatimes.com,2026-04-23,https://timesofindia.indiatimes.com/city/hyderabad/cyberabad-police-crack-down-on-food-adulteration-book-22-cases/articleshow/130450873.cms,timesofindia.indiatimes.com,,candidate_relevant,0.662,,,proximity,,human_reviewed,186
4,1,relevant,"Food items fail quality check in Chandigarh: Purchase food from licensed & hygienic stores, says food safety dept",indianexpress.com,2022-08-09,https://indianexpress.com/article/cities/chandigarh/food-items-fail-quality-check-in-chandigarh-purchase-food-from-licensed-hygienic-stores-says-food-safety-dept-8079080/,indianexpress.com,,candidate_relevant,0.66,,,boolean,,human_reviewed,216
4,1,relevant,Tribunal slaps Rs 2 lakh fine on oil producer,newindianexpress.com,2021-11-06,https://www.newindianexpress.com/cities/thiruvananthapuram/2021/nov/06/tribunal-slaps-rs-2-lakh-fine-on-oil-producer-2380042.html,newindianexpress.com,,candidate_relevant,0.656,,,boolean,,human_reviewed,157
4,1,relevant,"2,300kg of spurious paneer seized",indiatimes.com,2025-03-06,https://timesofindia.indiatimes.com/city/ahmedabad/2300kg-of-spurious-paneer-seized/articleshow/118742649.cms,timesofindia.indiatimes.com,,candidate_relevant,0.653,,,boolean,,human_reviewed,206
